Using pre-set license
Built from '2021.3/staging' branch; Version is '2021.3.45f1 (0da89fac8e79) revision 895135'; Using compiler version '192829333'; Build Type 'Release'
OS: 'Windows 11  (10.0.26100) 64bit Professional' Language: 'es' Physical Memory: 16103 MB
BatchMode: 1, IsHumanControllingUs: 0, StartBugReporterOnCrash: 0, Is64bit: 1, IsPro: 1

COMMAND LINE ARGUMENTS:
C:\Program Files\Unity\Hub\Editor\2021.3.45f1\Editor\Unity.exe
-adb2
-batchMode
-noUpm
-name
AssetImportWorker0
-projectPath
C:/Users/Admin/Desktop/first_Asignacion/electiva-videojuegos
-logFile
Logs/AssetImportWorker0.log
-srvPort
61740
Successfully changed project path to: C:/Users/Admin/Desktop/first_Asignacion/electiva-videojuegos
C:/Users/Admin/Desktop/first_Asignacion/electiva-videojuegos
[UnityMemory] Configuration Parameters - Can be set up in boot.config
    "memorysetup-bucket-allocator-granularity=16"
    "memorysetup-bucket-allocator-bucket-count=8"
    "memorysetup-bucket-allocator-block-size=33554432"
    "memorysetup-bucket-allocator-block-count=8"
    "memorysetup-main-allocator-block-size=16777216"
    "memorysetup-thread-allocator-block-size=16777216"
    "memorysetup-gfx-main-allocator-block-size=16777216"
    "memorysetup-gfx-thread-allocator-block-size=16777216"
    "memorysetup-cache-allocator-block-size=4194304"
    "memorysetup-typetree-allocator-block-size=2097152"
    "memorysetup-profiler-bucket-allocator-granularity=16"
    "memorysetup-profiler-bucket-allocator-bucket-count=8"
    "memorysetup-profiler-bucket-allocator-block-size=33554432"
    "memorysetup-profiler-bucket-allocator-block-count=8"
    "memorysetup-profiler-allocator-block-size=16777216"
    "memorysetup-profiler-editor-allocator-block-size=1048576"
    "memorysetup-temp-allocator-size-main=16777216"
    "memorysetup-job-temp-allocator-block-size=2097152"
    "memorysetup-job-temp-allocator-block-size-background=1048576"
    "memorysetup-job-temp-allocator-reduction-small-platforms=262144"
    "memorysetup-temp-allocator-size-background-worker=32768"
    "memorysetup-temp-allocator-size-job-worker=262144"
    "memorysetup-temp-allocator-size-preload-manager=33554432"
    "memorysetup-temp-allocator-size-nav-mesh-worker=65536"
    "memorysetup-temp-allocator-size-audio-worker=65536"
    "memorysetup-temp-allocator-size-cloud-worker=32768"
    "memorysetup-temp-allocator-size-gi-baking-worker=262144"
    "memorysetup-temp-allocator-size-gfx=262144"
Player connection [23672] Host "[IP] 192.168.0.105 [Port] 0 [Flags] 2 [Guid] 1207558136 [EditorId] 1207558136 [Version] 1048832 [Id] WindowsEditor(7,DESKTOP-9280USP) [Debug] 1 [PackageName] WindowsEditor [ProjectName] Editor" joined multi-casting on [225.0.0.222:54997]...

Player connection [23672] Host "[IP] 192.168.0.105 [Port] 0 [Flags] 2 [Guid] 1207558136 [EditorId] 1207558136 [Version] 1048832 [Id] WindowsEditor(7,DESKTOP-9280USP) [Debug] 1 [PackageName] WindowsEditor [ProjectName] Editor" joined alternative multi-casting on [225.0.0.222:34997]...

[Physics::Module] Initialized MultithreadedJobDispatcher with {0} workers.
Refreshing native plugins compatible for Editor in 52.75 ms, found 4 plugins.
Preloading 0 native plugins for Editor in 0.00 ms.
Initialize engine version: 2021.3.45f1 (0da89fac8e79)
[Subsystems] Discovering subsystems at path C:/Program Files/Unity/Hub/Editor/2021.3.45f1/Editor/Data/Resources/UnitySubsystems
[Subsystems] Discovering subsystems at path C:/Users/Admin/Desktop/first_Asignacion/electiva-videojuegos/Assets
GfxDevice: creating device client; threaded=0; jobified=0
Direct3D:
    Version:  Direct3D 11.0 [level 11.1]
    Renderer: Radeon (TM) RX 470 Series (ID=0x67df)
    Vendor:   ATI
    VRAM:     4039 MB
    Driver:   31.0.21923.1000
Initialize mono
Mono path[0] = 'C:/Program Files/Unity/Hub/Editor/2021.3.45f1/Editor/Data/Managed'
Mono path[1] = 'C:/Program Files/Unity/Hub/Editor/2021.3.45f1/Editor/Data/MonoBleedingEdge/lib/mono/unityjit-win32'
Mono config path = 'C:/Program Files/Unity/Hub/Editor/2021.3.45f1/Editor/Data/MonoBleedingEdge/etc'
Using monoOptions --debugger-agent=transport=dt_socket,embedding=1,server=y,suspend=n,address=127.0.0.1:56132
Begin MonoManager ReloadAssembly
Registering precompiled unity dll's ...
Register platform support module: C:/Program Files/Unity/Hub/Editor/2021.3.45f1/Editor/Data/PlaybackEngines/WebGLSupport/UnityEditor.WebGL.Extensions.dll
Register platform support module: C:/Program Files/Unity/Hub/Editor/2021.3.45f1/Editor/Data/PlaybackEngines/AndroidPlayer/UnityEditor.Android.Extensions.dll
Register platform support module: C:/Program Files/Unity/Hub/Editor/2021.3.45f1/Editor/Data/PlaybackEngines/WindowsStandaloneSupport/UnityEditor.WindowsStandalone.Extensions.dll
Registered in 0.005298 seconds.
Native extension for WindowsStandalone target not found
Native extension for Android target not found
Android Extension - Scanning For ADB Devices 221 ms
Native extension for WebGL target not found
Refreshing native plugins compatible for Editor in 51.11 ms, found 4 plugins.
Preloading 0 native plugins for Editor in 0.00 ms.
Mono: successfully reloaded assembly
- Completed reload, in  0.771 seconds
Domain Reload Profiling:
	ReloadAssembly (772ms)
		BeginReloadAssembly (80ms)
			ExecutionOrderSort (0ms)
			DisableScriptedObjects (0ms)
			BackupInstance (0ms)
			ReleaseScriptingObjects (0ms)
			CreateAndSetChildDomain (1ms)
		EndReloadAssembly (600ms)
			LoadAssemblies (79ms)
			RebuildTransferFunctionScriptingTraits (0ms)
			SetupTypeCache (89ms)
			ReleaseScriptCaches (0ms)
			RebuildScriptCaches (23ms)
			SetupLoadedEditorAssemblies (456ms)
				LogAssemblyErrors (0ms)
				InitializePlatformSupportModulesInManaged (286ms)
				SetLoadedEditorAssemblies (0ms)
				RefreshPlugins (51ms)
				BeforeProcessingInitializeOnLoad (1ms)
				ProcessInitializeOnLoadAttributes (82ms)
				ProcessInitializeOnLoadMethodAttributes (35ms)
				AfterProcessingInitializeOnLoad (0ms)
				EditorAssembliesLoaded (0ms)
			ExecutionOrderSort2 (0ms)
			AwakeInstancesAfterBackupRestoration (0ms)
Platform modules already initialized, skipping
Registering precompiled user dll's ...
Registered in 0.004120 seconds.
Begin MonoManager ReloadAssembly
Native extension for WindowsStandalone target not found
Native extension for Android target not found
Native extension for WebGL target not found
Refreshing native plugins compatible for Editor in 51.01 ms, found 4 plugins.
Preloading 0 native plugins for Editor in 0.00 ms.
Package Manager log level set to [2]
[Package Manager] Server::EnsureServerProcessIsRunning -- launch failed, reason: Unity was launched with the -noUpm command-line argument
[Package Manager] Cannot connect to Unity Package Manager local server
Mono: successfully reloaded assembly
- Completed reload, in  1.350 seconds
Domain Reload Profiling:
	ReloadAssembly (1350ms)
		BeginReloadAssembly (106ms)
			ExecutionOrderSort (0ms)
			DisableScriptedObjects (5ms)
			BackupInstance (0ms)
			ReleaseScriptingObjects (0ms)
			CreateAndSetChildDomain (15ms)
		EndReloadAssembly (1164ms)
			LoadAssemblies (88ms)
			RebuildTransferFunctionScriptingTraits (0ms)
			SetupTypeCache (248ms)
			ReleaseScriptCaches (0ms)
			RebuildScriptCaches (44ms)
			SetupLoadedEditorAssemblies (765ms)
				LogAssemblyErrors (0ms)
				InitializePlatformSupportModulesInManaged (13ms)
				SetLoadedEditorAssemblies (0ms)
				RefreshPlugins (51ms)
				BeforeProcessingInitializeOnLoad (56ms)
				ProcessInitializeOnLoadAttributes (612ms)
				ProcessInitializeOnLoadMethodAttributes (30ms)
				AfterProcessingInitializeOnLoad (3ms)
				EditorAssembliesLoaded (0ms)
			ExecutionOrderSort2 (0ms)
			AwakeInstancesAfterBackupRestoration (5ms)
Platform modules already initialized, skipping
========================================================================
Worker process is ready to serve import requests
Launched and connected shader compiler UnityShaderCompiler.exe after 0.04 seconds
Refreshing native plugins compatible for Editor in 0.55 ms, found 4 plugins.
Preloading 0 native plugins for Editor in 0.00 ms.
Unloading 3902 Unused Serialized files (Serialized files now loaded: 0)
Unloading 38 unused Assets / (46.8 KB). Loaded Objects now: 4361.
Memory consumption went from 147.1 MB to 147.0 MB.
Total: 2.388900 ms (FindLiveObjects: 0.200700 ms CreateObjectMapping: 0.095200 ms MarkObjects: 2.024800 ms  DeleteObjects: 0.067400 ms)

AssetImportParameters requested are different than current active one (requested -> active):
  custom:video-decoder-ogg-theora: a1e56fd34408186e4bbccfd4996cb3dc -> 
  custom:container-muxer-webm: aa71ff27fc2769a1b78a27578f13a17b -> 
  custom:container-demuxer-webm: 4f35f7cbe854078d1ac9338744f61a02 -> 
  custom:video-encoder-webm-vp8: eb34c28f22e8b96e1ab97ce403110664 -> 
  custom:video-codec-MediaFoundation-h265: 746d11721c4dcdbdad8f713fa42b33f4 -> 
  custom:CustomObjectIndexerAttribute: bc11b3a6c3213fcdd17b65e7da85e133 -> 
  custom:audio-encoder-webm-vorbis: bf7c407c2cedff20999df2af8eb42d56 -> 
  custom:framework-win-MediaFoundation: 216162199b28c13a410421893ffa2e32 -> 
  custom:SearchIndexIgnoredProperties: e643bd26f0fe6173181afceb89e7c659 -> 
  custom:container-demuxer-ogg: 62fdf1f143b41e24485cea50d1cbac27 -> 
  custom:video-decoder-webm-vp8: 9c59270c3fd7afecdb556c50c9e8de78 -> 
  custom:audio-decoder-ogg-vorbis: bf7c407c2cedff20999df2af8eb42d56 -> 
========================================================================
Received Import Request.
  Time since last request: 66293.721634 seconds.
  path: Assets/Assets/Tileset_38.asset
  artifactKey: Guid(d712ac04e0e19764a9b227a4f36ebb4c) Importer(815301076,1909f56bfc062723c751e8b465ee728b)
Number of updated assets reloaded before import = 0
Start importing Assets/Assets/Tileset_38.asset using Guid(d712ac04e0e19764a9b227a4f36ebb4c) Importer(815301076,1909f56bfc062723c751e8b465ee728b)  -> (artifact id: '365108a95ab5c7c1945e3dacf93a878f') in 0.061668 seconds 
Number of asset objects unloaded after import = 3
========================================================================
Received Import Request.
  Time since last request: 0.000023 seconds.
  path: Assets/Assets/standard/climb.png
  artifactKey: Guid(8b33f067730776148b508eddb354e7c1) Importer(815301076,1909f56bfc062723c751e8b465ee728b)
Number of updated assets reloaded before import = 0
Start importing Assets/Assets/standard/climb.png using Guid(8b33f067730776148b508eddb354e7c1) Importer(815301076,1909f56bfc062723c751e8b465ee728b)  -> (artifact id: 'e0fa84d320df998e763f4054b5546124') in 0.053305 seconds 
Number of asset objects unloaded after import = 2
========================================================================
Received Import Request.
  Time since last request: 0.000027 seconds.
  path: Assets/Assets/Tileset_12.asset
  artifactKey: Guid(1620fa86945df834682993a829ea7b0a) Importer(815301076,1909f56bfc062723c751e8b465ee728b)
Number of updated assets reloaded before import = 0
Start importing Assets/Assets/Tileset_12.asset using Guid(1620fa86945df834682993a829ea7b0a) Importer(815301076,1909f56bfc062723c751e8b465ee728b)  -> (artifact id: '4b4e1bbb120c3562fce8186cc11a6465') in 0.012494 seconds 
Number of asset objects unloaded after import = 3
========================================================================
Received Import Request.
  Time since last request: 0.000015 seconds.
  path: Assets/Assets/Tileset_31.asset
  artifactKey: Guid(06dbe01cfc448a44ab5b0787ba2432d4) Importer(815301076,1909f56bfc062723c751e8b465ee728b)
Number of updated assets reloaded before import = 0
Start importing Assets/Assets/Tileset_31.asset using Guid(06dbe01cfc448a44ab5b0787ba2432d4) Importer(815301076,1909f56bfc062723c751e8b465ee728b)  -> (artifact id: '1f48a10d96a47ab5057a55320b8bf0ee') in 0.011034 seconds 
Number of asset objects unloaded after import = 3
========================================================================
Received Import Request.
  Time since last request: 0.000018 seconds.
  path: Assets/Assets/Tileset_11.asset
  artifactKey: Guid(cdd132a28649a0c44b560c47971978d7) Importer(815301076,1909f56bfc062723c751e8b465ee728b)
Number of updated assets reloaded before import = 0
Start importing Assets/Assets/Tileset_11.asset using Guid(cdd132a28649a0c44b560c47971978d7) Importer(815301076,1909f56bfc062723c751e8b465ee728b)  -> (artifact id: 'db822beb974e6eb3e1a5692070e9f273') in 0.011598 seconds 
Number of asset objects unloaded after import = 3
========================================================================
Received Import Request.
  Time since last request: 0.000015 seconds.
  path: Assets/Assets/Tileset_28.asset
  artifactKey: Guid(fc9dd8195c216504580739414348946c) Importer(815301076,1909f56bfc062723c751e8b465ee728b)
Number of updated assets reloaded before import = 0
Start importing Assets/Assets/Tileset_28.asset using Guid(fc9dd8195c216504580739414348946c) Importer(815301076,1909f56bfc062723c751e8b465ee728b)  -> (artifact id: '43588f8587ae92c4f80b51a76c768de7') in 0.011437 seconds 
Number of asset objects unloaded after import = 3
========================================================================
Received Import Request.
  Time since last request: 0.000023 seconds.
  path: Assets/Assets/standard/run.png
  artifactKey: Guid(81009df979ca0e24ab7682d39fc25d32) Importer(815301076,1909f56bfc062723c751e8b465ee728b)
Number of updated assets reloaded before import = 0
Start importing Assets/Assets/standard/run.png using Guid(81009df979ca0e24ab7682d39fc25d32) Importer(815301076,1909f56bfc062723c751e8b465ee728b)  -> (artifact id: 'f4b5d65523ab07d04ea5ca4a84b186f2') in 0.012268 seconds 
Number of asset objects unloaded after import = 2
========================================================================
Received Import Request.
  Time since last request: 0.000019 seconds.
  path: Assets/Assets/standard/jump.png
  artifactKey: Guid(769d10299d146cc438ac71ccf1ca2f2c) Importer(815301076,1909f56bfc062723c751e8b465ee728b)
Number of updated assets reloaded before import = 0
Start importing Assets/Assets/standard/jump.png using Guid(769d10299d146cc438ac71ccf1ca2f2c) Importer(815301076,1909f56bfc062723c751e8b465ee728b)  -> (artifact id: 'fc1f0857ab24a2d17ce66cae0e7828e5') in 0.013392 seconds 
Number of asset objects unloaded after import = 2
========================================================================
Received Import Request.
  Time since last request: 0.000017 seconds.
  path: Assets/Assets/Tileset_41.asset
  artifactKey: Guid(e967c894c4ca83140b5a10a515eb5d71) Importer(815301076,1909f56bfc062723c751e8b465ee728b)
Number of updated assets reloaded before import = 0
Start importing Assets/Assets/Tileset_41.asset using Guid(e967c894c4ca83140b5a10a515eb5d71) Importer(815301076,1909f56bfc062723c751e8b465ee728b)  -> (artifact id: '87c827adf340278c230a7ad3bee6d6d2') in 0.012251 seconds 
Number of asset objects unloaded after import = 3
========================================================================
Received Import Request.
  Time since last request: 0.000021 seconds.
  path: Assets/Assets/Tiles_2.asset
  artifactKey: Guid(a062356a2f0d31c4cb2efec00c80e7b3) Importer(815301076,1909f56bfc062723c751e8b465ee728b)
Number of updated assets reloaded before import = 0
Start importing Assets/Assets/Tiles_2.asset using Guid(a062356a2f0d31c4cb2efec00c80e7b3) Importer(815301076,1909f56bfc062723c751e8b465ee728b)  -> (artifact id: 'e5221fb133ee45851e2659238762aa46') in 0.013625 seconds 
Number of asset objects unloaded after import = 3
========================================================================
Received Import Request.
  Time since last request: 0.000015 seconds.
  path: Assets/Assets/standard/shoot.png
  artifactKey: Guid(554769b58f2dde44e975553acc8059bb) Importer(815301076,1909f56bfc062723c751e8b465ee728b)
Number of updated assets reloaded before import = 0
Start importing Assets/Assets/standard/shoot.png using Guid(554769b58f2dde44e975553acc8059bb) Importer(815301076,1909f56bfc062723c751e8b465ee728b)  -> (artifact id: '783b934254eb608ee9a9695a5e6b9612') in 0.014501 seconds 
Number of asset objects unloaded after import = 2
========================================================================
Received Import Request.
  Time since last request: 0.000013 seconds.
  path: Assets/Assets/Tileset_45.asset
  artifactKey: Guid(800e47a52bf03fa4486b73d1da72a170) Importer(815301076,1909f56bfc062723c751e8b465ee728b)
Number of updated assets reloaded before import = 0
Start importing Assets/Assets/Tileset_45.asset using Guid(800e47a52bf03fa4486b73d1da72a170) Importer(815301076,1909f56bfc062723c751e8b465ee728b)  -> (artifact id: '4acbaf8d40b7d85522a2fb461d5b92b0') in 0.012718 seconds 
Number of asset objects unloaded after import = 3
========================================================================
Received Import Request.
  Time since last request: 0.000015 seconds.
  path: Assets/Assets/standard/emote.png
  artifactKey: Guid(9927046a538ca6d44a2abdbb49ac9d05) Importer(815301076,1909f56bfc062723c751e8b465ee728b)
Number of updated assets reloaded before import = 0
Start importing Assets/Assets/standard/emote.png using Guid(9927046a538ca6d44a2abdbb49ac9d05) Importer(815301076,1909f56bfc062723c751e8b465ee728b)  -> (artifact id: 'a748257c63419bad79ebe1e39ab24adc') in 0.012655 seconds 
Number of asset objects unloaded after import = 2
========================================================================
Received Import Request.
  Time since last request: 0.000015 seconds.
  path: Assets/Assets/Tileset_21.asset
  artifactKey: Guid(6832cf415c1985e49b0db2b2390a1113) Importer(815301076,1909f56bfc062723c751e8b465ee728b)
Number of updated assets reloaded before import = 0
Start importing Assets/Assets/Tileset_21.asset using Guid(6832cf415c1985e49b0db2b2390a1113) Importer(815301076,1909f56bfc062723c751e8b465ee728b)  -> (artifact id: 'c24447d7b4f4e072b71da43e16a32280') in 0.011977 seconds 
Number of asset objects unloaded after import = 3
========================================================================
Received Import Request.
  Time since last request: 0.000020 seconds.
  path: Assets/Assets/Tileset_9.asset
  artifactKey: Guid(42ee0fe82955a7b4b8ef97ebdfd14b6b) Importer(815301076,1909f56bfc062723c751e8b465ee728b)
Number of updated assets reloaded before import = 0
Start importing Assets/Assets/Tileset_9.asset using Guid(42ee0fe82955a7b4b8ef97ebdfd14b6b) Importer(815301076,1909f56bfc062723c751e8b465ee728b)  -> (artifact id: '33dc39f5b5103051ec14d93b828b1e3f') in 0.012401 seconds 
Number of asset objects unloaded after import = 3
========================================================================
Received Import Request.
  Time since last request: 0.000013 seconds.
  path: Assets/Assets/Tileset_14.asset
  artifactKey: Guid(82bf829461767e144a3e6fb1f060cf5f) Importer(815301076,1909f56bfc062723c751e8b465ee728b)
Number of updated assets reloaded before import = 0
Start importing Assets/Assets/Tileset_14.asset using Guid(82bf829461767e144a3e6fb1f060cf5f) Importer(815301076,1909f56bfc062723c751e8b465ee728b)  -> (artifact id: 'f08877c6b6a1b8809c3de197b19e29aa') in 0.010169 seconds 
Number of asset objects unloaded after import = 3
========================================================================
Received Import Request.
  Time since last request: 0.000022 seconds.
  path: Assets/Assets/Tileset_0.asset
  artifactKey: Guid(c7f6478d7264acd4f85cbc7368986c5f) Importer(815301076,1909f56bfc062723c751e8b465ee728b)
Number of updated assets reloaded before import = 0
Start importing Assets/Assets/Tileset_0.asset using Guid(c7f6478d7264acd4f85cbc7368986c5f) Importer(815301076,1909f56bfc062723c751e8b465ee728b)  -> (artifact id: 'fe5bf33f4707ad3db69966f4ee6ca455') in 0.013981 seconds 
Number of asset objects unloaded after import = 3
========================================================================
Received Import Request.
  Time since last request: 0.000018 seconds.
  path: Assets/Assets/Tileset_10.asset
  artifactKey: Guid(2222b85f580241a4a9f20f13a369331d) Importer(815301076,1909f56bfc062723c751e8b465ee728b)
Number of updated assets reloaded before import = 0
Start importing Assets/Assets/Tileset_10.asset using Guid(2222b85f580241a4a9f20f13a369331d) Importer(815301076,1909f56bfc062723c751e8b465ee728b)  -> (artifact id: '6b283cc5d5019cac92ee3283f3dc5022') in 0.012591 seconds 
Number of asset objects unloaded after import = 3
========================================================================
Received Import Request.
  Time since last request: 0.000024 seconds.
  path: Assets/Assets
  artifactKey: Guid(93149b594e6b8c24bb331f401916d8c1) Importer(815301076,1909f56bfc062723c751e8b465ee728b)
Number of updated assets reloaded before import = 0
Start importing Assets/Assets using Guid(93149b594e6b8c24bb331f401916d8c1) Importer(815301076,1909f56bfc062723c751e8b465ee728b)  -> (artifact id: '4c00defbf42f98c065cc64f2f93f78a0') in 0.011357 seconds 
Number of asset objects unloaded after import = 0
========================================================================
Received Import Request.
  Time since last request: 0.000018 seconds.
  path: Assets/Assets/Tileset_40.asset
  artifactKey: Guid(254de4c4460d9634fad850b2bd91e0d0) Importer(815301076,1909f56bfc062723c751e8b465ee728b)
Number of updated assets reloaded before import = 0
Start importing Assets/Assets/Tileset_40.asset using Guid(254de4c4460d9634fad850b2bd91e0d0) Importer(815301076,1909f56bfc062723c751e8b465ee728b)  -> (artifact id: 'f76ffea86f3c146dc4d1edb5c173f9ff') in 0.012298 seconds 
Number of asset objects unloaded after import = 3
========================================================================
Received Import Request.
  Time since last request: 0.000017 seconds.
  path: Assets/Assets/Tiles_5.asset
  artifactKey: Guid(25864f82fbade89478de0baa34d3d33a) Importer(815301076,1909f56bfc062723c751e8b465ee728b)
Number of updated assets reloaded before import = 0
Start importing Assets/Assets/Tiles_5.asset using Guid(25864f82fbade89478de0baa34d3d33a) Importer(815301076,1909f56bfc062723c751e8b465ee728b)  -> (artifact id: 'c55305e044536f66905984dcf13ff303') in 0.013573 seconds 
Number of asset objects unloaded after import = 3
========================================================================
Received Import Request.
  Time since last request: 0.000019 seconds.
  path: Assets/Assets/Tileset_46.asset
  artifactKey: Guid(fa78c2bd8e9e3c240838fcc05794f6f2) Importer(815301076,1909f56bfc062723c751e8b465ee728b)
Number of updated assets reloaded before import = 0
Start importing Assets/Assets/Tileset_46.asset using Guid(fa78c2bd8e9e3c240838fcc05794f6f2) Importer(815301076,1909f56bfc062723c751e8b465ee728b)  -> (artifact id: '7dfbf1323b4ac0674b3ecf38f4defd8a') in 0.013655 seconds 
Number of asset objects unloaded after import = 3
========================================================================
Received Import Request.
  Time since last request: 0.000017 seconds.
  path: Assets/Assets/Tileset_26.asset
  artifactKey: Guid(6b55ddb76000dcd4080870da2650dbe3) Importer(815301076,1909f56bfc062723c751e8b465ee728b)
Number of updated assets reloaded before import = 0
Start importing Assets/Assets/Tileset_26.asset using Guid(6b55ddb76000dcd4080870da2650dbe3) Importer(815301076,1909f56bfc062723c751e8b465ee728b)  -> (artifact id: 'a253d31b4ba53a526f2da84bac1a79bf') in 0.015261 seconds 
Number of asset objects unloaded after import = 3
========================================================================
Received Import Request.
  Time since last request: 0.000015 seconds.
  path: Assets/Assets/Tileset_34.asset
  artifactKey: Guid(6b949f4da7b05824d93df5d60f8a47cb) Importer(815301076,1909f56bfc062723c751e8b465ee728b)
Number of updated assets reloaded before import = 0
Start importing Assets/Assets/Tileset_34.asset using Guid(6b949f4da7b05824d93df5d60f8a47cb) Importer(815301076,1909f56bfc062723c751e8b465ee728b)  -> (artifact id: '6397a2bf32d9d31f8d383e8818310370') in 0.012027 seconds 
Number of asset objects unloaded after import = 3
========================================================================
Received Import Request.
  Time since last request: 0.000013 seconds.
  path: Assets/Assets/Tileset_44.asset
  artifactKey: Guid(a6bdecb4b441e5a40bb242a2269307dc) Importer(815301076,1909f56bfc062723c751e8b465ee728b)
Number of updated assets reloaded before import = 0
Start importing Assets/Assets/Tileset_44.asset using Guid(a6bdecb4b441e5a40bb242a2269307dc) Importer(815301076,1909f56bfc062723c751e8b465ee728b)  -> (artifact id: '153ef32b8f30baafa7cd107c8dba168f') in 0.012874 seconds 
Number of asset objects unloaded after import = 3
========================================================================
Received Import Request.
  Time since last request: 0.000017 seconds.
  path: Assets/Assets/Tileset_6.asset
  artifactKey: Guid(ea1b955e571b9cf4b9cd268a236154dd) Importer(815301076,1909f56bfc062723c751e8b465ee728b)
Number of updated assets reloaded before import = 0
Start importing Assets/Assets/Tileset_6.asset using Guid(ea1b955e571b9cf4b9cd268a236154dd) Importer(815301076,1909f56bfc062723c751e8b465ee728b)  -> (artifact id: 'a618cd23521159fedb6d6b4e50c8bd8b') in 0.012360 seconds 
Number of asset objects unloaded after import = 3
========================================================================
Received Import Request.
  Time since last request: 0.000022 seconds.
  path: Assets/Assets/free-swamp-game-tileset-pixel-art
  artifactKey: Guid(cc67f20b61f711f49a97e98bd9e7f772) Importer(815301076,1909f56bfc062723c751e8b465ee728b)
Number of updated assets reloaded before import = 0
Start importing Assets/Assets/free-swamp-game-tileset-pixel-art using Guid(cc67f20b61f711f49a97e98bd9e7f772) Importer(815301076,1909f56bfc062723c751e8b465ee728b)  -> (artifact id: '47a89ecc370758c785d96cde6ef030cb') in 0.012209 seconds 
Number of asset objects unloaded after import = 0
========================================================================
Received Import Request.
  Time since last request: 0.000023 seconds.
  path: Assets/Assets/Tileset_42.asset
  artifactKey: Guid(6d9e956354c6ac141b27ffe63f96d787) Importer(815301076,1909f56bfc062723c751e8b465ee728b)
Number of updated assets reloaded before import = 0
Start importing Assets/Assets/Tileset_42.asset using Guid(6d9e956354c6ac141b27ffe63f96d787) Importer(815301076,1909f56bfc062723c751e8b465ee728b)  -> (artifact id: 'ec050542ee063a4a40916e1c63a99a1e') in 0.015968 seconds 
Number of asset objects unloaded after import = 3
========================================================================
Received Import Request.
  Time since last request: 0.000019 seconds.
  path: Assets/Assets/Tileset_20.asset
  artifactKey: Guid(ff96de65f263c544f9855964ed8aa49c) Importer(815301076,1909f56bfc062723c751e8b465ee728b)
Number of updated assets reloaded before import = 0
Start importing Assets/Assets/Tileset_20.asset using Guid(ff96de65f263c544f9855964ed8aa49c) Importer(815301076,1909f56bfc062723c751e8b465ee728b)  -> (artifact id: '57971600be08273f6e8f91f3a28e545c') in 0.017554 seconds 
Number of asset objects unloaded after import = 3
========================================================================
Received Import Request.
  Time since last request: 11.352312 seconds.
  path: Assets/Assets/Tileset_1.asset
  artifactKey: Guid(6335060bd3cae54438107969c3de1061) Importer(815301076,1909f56bfc062723c751e8b465ee728b)
Number of updated assets reloaded before import = 0
Start importing Assets/Assets/Tileset_1.asset using Guid(6335060bd3cae54438107969c3de1061) Importer(815301076,1909f56bfc062723c751e8b465ee728b)  -> (artifact id: '8d5a1a9e31d86bb9dc778e55c5aa4081') in 0.004181 seconds 
Number of asset objects unloaded after import = 1
========================================================================
Received Import Request.
  Time since last request: 0.000023 seconds.
  path: Assets/Assets/Tileset_13.asset
  artifactKey: Guid(13b4b7d418eb60143b826f27deae1c21) Importer(815301076,1909f56bfc062723c751e8b465ee728b)
Number of updated assets reloaded before import = 0
Start importing Assets/Assets/Tileset_13.asset using Guid(13b4b7d418eb60143b826f27deae1c21) Importer(815301076,1909f56bfc062723c751e8b465ee728b)  -> (artifact id: '600d0443ad2fbeb307d5c93c7266c654') in 0.003960 seconds 
Number of asset objects unloaded after import = 1
========================================================================
Received Import Request.
  Time since last request: 0.000024 seconds.
  path: Assets/Assets/Tileset_38.asset
  artifactKey: Guid(d712ac04e0e19764a9b227a4f36ebb4c) Importer(815301076,1909f56bfc062723c751e8b465ee728b)
Number of updated assets reloaded before import = 0
Start importing Assets/Assets/Tileset_38.asset using Guid(d712ac04e0e19764a9b227a4f36ebb4c) Importer(815301076,1909f56bfc062723c751e8b465ee728b)  -> (artifact id: 'ece57a32d661e3c0078b3cfb20aff38c') in 0.003082 seconds 
Number of asset objects unloaded after import = 1
========================================================================
Received Import Request.
  Time since last request: 0.000018 seconds.
  path: Assets/Assets/Tileset_12.asset
  artifactKey: Guid(1620fa86945df834682993a829ea7b0a) Importer(815301076,1909f56bfc062723c751e8b465ee728b)
Number of updated assets reloaded before import = 0
Start importing Assets/Assets/Tileset_12.asset using Guid(1620fa86945df834682993a829ea7b0a) Importer(815301076,1909f56bfc062723c751e8b465ee728b)  -> (artifact id: '2ebe3b0aac69c93c98fedc9f890e4349') in 0.003044 seconds 
Number of asset objects unloaded after import = 1
========================================================================
Received Import Request.
  Time since last request: 0.000017 seconds.
  path: Assets/Assets/Tileset_28.asset
  artifactKey: Guid(fc9dd8195c216504580739414348946c) Importer(815301076,1909f56bfc062723c751e8b465ee728b)
Number of updated assets reloaded before import = 0
Start importing Assets/Assets/Tileset_28.asset using Guid(fc9dd8195c216504580739414348946c) Importer(815301076,1909f56bfc062723c751e8b465ee728b)  -> (artifact id: 'ebf82581884d9bc6351bb6a48efef078') in 0.003135 seconds 
Number of asset objects unloaded after import = 1
========================================================================
Received Import Request.
  Time since last request: 0.000023 seconds.
  path: Assets/Assets/Tileset_35.asset
  artifactKey: Guid(e84c27529156f8d44862b571c7c15ebc) Importer(815301076,1909f56bfc062723c751e8b465ee728b)
Number of updated assets reloaded before import = 0
Start importing Assets/Assets/Tileset_35.asset using Guid(e84c27529156f8d44862b571c7c15ebc) Importer(815301076,1909f56bfc062723c751e8b465ee728b)  -> (artifact id: '41002f8aca633fcefa0c876f53719a1c') in 0.002837 seconds 
Number of asset objects unloaded after import = 1
========================================================================
Received Import Request.
  Time since last request: 0.000020 seconds.
  path: Assets/Assets/Tileset_4.asset
  artifactKey: Guid(fe4cf845adc4d554ba5107db54a57bcb) Importer(815301076,1909f56bfc062723c751e8b465ee728b)
Number of updated assets reloaded before import = 0
Start importing Assets/Assets/Tileset_4.asset using Guid(fe4cf845adc4d554ba5107db54a57bcb) Importer(815301076,1909f56bfc062723c751e8b465ee728b)  -> (artifact id: '9ca44e826612e2e2f643f6123cd0a622') in 0.003638 seconds 
Number of asset objects unloaded after import = 1
========================================================================
Received Import Request.
  Time since last request: 0.000017 seconds.
  path: Assets/Assets/Tileset_36.asset
  artifactKey: Guid(f3d1d7e3e7d16f645bc5328e178d11c0) Importer(815301076,1909f56bfc062723c751e8b465ee728b)
Number of updated assets reloaded before import = 0
Start importing Assets/Assets/Tileset_36.asset using Guid(f3d1d7e3e7d16f645bc5328e178d11c0) Importer(815301076,1909f56bfc062723c751e8b465ee728b)  -> (artifact id: '142d92fbaf302561e1626befb9a805c6') in 0.004223 seconds 
Number of asset objects unloaded after import = 1
========================================================================
Received Import Request.
  Time since last request: 0.000022 seconds.
  path: Assets/Assets/Tileset_21.asset
  artifactKey: Guid(6832cf415c1985e49b0db2b2390a1113) Importer(815301076,1909f56bfc062723c751e8b465ee728b)
Number of updated assets reloaded before import = 0
Start importing Assets/Assets/Tileset_21.asset using Guid(6832cf415c1985e49b0db2b2390a1113) Importer(815301076,1909f56bfc062723c751e8b465ee728b)  -> (artifact id: '025c8b92cdcef5ad4b576ecadf426acb') in 0.003346 seconds 
Number of asset objects unloaded after import = 1
========================================================================
Received Import Request.
  Time since last request: 0.000017 seconds.
  path: Assets/Assets/Tileset_48.asset
  artifactKey: Guid(a0c9b6c38e05ee146bf422f9ab99297b) Importer(815301076,1909f56bfc062723c751e8b465ee728b)
Number of updated assets reloaded before import = 0
Start importing Assets/Assets/Tileset_48.asset using Guid(a0c9b6c38e05ee146bf422f9ab99297b) Importer(815301076,1909f56bfc062723c751e8b465ee728b)  -> (artifact id: 'efbcb938a18f7fe1ba3b39f034e487c5') in 0.011550 seconds 
Number of asset objects unloaded after import = 1
========================================================================
Received Import Request.
  Time since last request: 0.000022 seconds.
  path: Assets/Assets/Tileset_46.asset
  artifactKey: Guid(fa78c2bd8e9e3c240838fcc05794f6f2) Importer(815301076,1909f56bfc062723c751e8b465ee728b)
Number of updated assets reloaded before import = 0
Start importing Assets/Assets/Tileset_46.asset using Guid(fa78c2bd8e9e3c240838fcc05794f6f2) Importer(815301076,1909f56bfc062723c751e8b465ee728b)  -> (artifact id: 'b78be1813e1d2980c015b283c635aeda') in 0.003368 seconds 
Number of asset objects unloaded after import = 1
========================================================================
Received Import Request.
  Time since last request: 0.000014 seconds.
  path: Assets/Assets/Tileset_16.asset
  artifactKey: Guid(1e15cb427e621c94a85e4e6e2dedbdfc) Importer(815301076,1909f56bfc062723c751e8b465ee728b)
Number of updated assets reloaded before import = 0
Start importing Assets/Assets/Tileset_16.asset using Guid(1e15cb427e621c94a85e4e6e2dedbdfc) Importer(815301076,1909f56bfc062723c751e8b465ee728b)  -> (artifact id: '2544d360080a3323bcaebe906b76b526') in 0.003356 seconds 
Number of asset objects unloaded after import = 1
========================================================================
Received Import Request.
  Time since last request: 0.000013 seconds.
  path: Assets/Assets/Tileset_23.asset
  artifactKey: Guid(9bef31b955201064c87122e163beaf3d) Importer(815301076,1909f56bfc062723c751e8b465ee728b)
Number of updated assets reloaded before import = 0
Start importing Assets/Assets/Tileset_23.asset using Guid(9bef31b955201064c87122e163beaf3d) Importer(815301076,1909f56bfc062723c751e8b465ee728b)  -> (artifact id: '2b9e3d61aa086a65d0636724afc4f2da') in 0.002819 seconds 
Number of asset objects unloaded after import = 1
========================================================================
Received Import Request.
  Time since last request: 0.000014 seconds.
  path: Assets/Assets/Tileset_18.asset
  artifactKey: Guid(a0da68225207b564aba2f70283c0bcc6) Importer(815301076,1909f56bfc062723c751e8b465ee728b)
Number of updated assets reloaded before import = 0
Start importing Assets/Assets/Tileset_18.asset using Guid(a0da68225207b564aba2f70283c0bcc6) Importer(815301076,1909f56bfc062723c751e8b465ee728b)  -> (artifact id: '2a22e97dbc350ce520c1549396c6cb36') in 0.003409 seconds 
Number of asset objects unloaded after import = 1
========================================================================
Received Import Request.
  Time since last request: 0.000017 seconds.
  path: Assets/Assets/Tileset_42.asset
  artifactKey: Guid(6d9e956354c6ac141b27ffe63f96d787) Importer(815301076,1909f56bfc062723c751e8b465ee728b)
Number of updated assets reloaded before import = 0
Start importing Assets/Assets/Tileset_42.asset using Guid(6d9e956354c6ac141b27ffe63f96d787) Importer(815301076,1909f56bfc062723c751e8b465ee728b)  -> (artifact id: '4c389f90689f9ff7feb1befe4235373b') in 0.003769 seconds 
Number of asset objects unloaded after import = 1
========================================================================
Received Import Request.
  Time since last request: 0.000019 seconds.
  path: Assets/Assets/Tileset_33.asset
  artifactKey: Guid(0870b8d8db15daf46aa9f9453bc88432) Importer(815301076,1909f56bfc062723c751e8b465ee728b)
Number of updated assets reloaded before import = 0
Start importing Assets/Assets/Tileset_33.asset using Guid(0870b8d8db15daf46aa9f9453bc88432) Importer(815301076,1909f56bfc062723c751e8b465ee728b)  -> (artifact id: '8b68da250b4738f8eef1086a069d6496') in 0.002890 seconds 
Number of asset objects unloaded after import = 1
========================================================================
Received Import Request.
  Time since last request: 11.830344 seconds.
  path: Assets/Assets/Tileset_8 1.asset
  artifactKey: Guid(3278922c05063744ea1fd01c5bf2b11f) Importer(815301076,1909f56bfc062723c751e8b465ee728b)
Number of updated assets reloaded before import = 0
Start importing Assets/Assets/Tileset_8 1.asset using Guid(3278922c05063744ea1fd01c5bf2b11f) Importer(815301076,1909f56bfc062723c751e8b465ee728b)  -> (artifact id: '3eb08f0906d419c2076542f7afba46f9') in 0.013250 seconds 
Number of asset objects unloaded after import = 1
========================================================================
Received Import Request.
  Time since last request: 0.780534 seconds.
  path: Assets/Assets/Tileset_51.asset
  artifactKey: Guid(cf262e1d4c821754ba3e63947e5538b4) Importer(815301076,1909f56bfc062723c751e8b465ee728b)
Number of updated assets reloaded before import = 0
Start importing Assets/Assets/Tileset_51.asset using Guid(cf262e1d4c821754ba3e63947e5538b4) Importer(815301076,1909f56bfc062723c751e8b465ee728b)  -> (artifact id: 'cc66969781ef245d32703aede26625a7') in 0.014434 seconds 
Number of asset objects unloaded after import = 1
========================================================================
Received Import Request.
  Time since last request: 0.000014 seconds.
  path: Assets/Assets/Tileset_53.asset
  artifactKey: Guid(a70fb99e354abfb49a0688f40f44d98d) Importer(815301076,1909f56bfc062723c751e8b465ee728b)
Number of updated assets reloaded before import = 0
Start importing Assets/Assets/Tileset_53.asset using Guid(a70fb99e354abfb49a0688f40f44d98d) Importer(815301076,1909f56bfc062723c751e8b465ee728b)  -> (artifact id: 'c128aa7c275833b885919ad10ce2f256') in 0.017471 seconds 
Number of asset objects unloaded after import = 1
========================================================================
Received Import Request.
  Time since last request: 10.115630 seconds.
  path: Assets/Assets/Tileset_58.asset
  artifactKey: Guid(e5242000c8bb7724db1b33e6f9e505cd) Importer(815301076,1909f56bfc062723c751e8b465ee728b)
Number of updated assets reloaded before import = 0
Start importing Assets/Assets/Tileset_58.asset using Guid(e5242000c8bb7724db1b33e6f9e505cd) Importer(815301076,1909f56bfc062723c751e8b465ee728b)  -> (artifact id: 'e31e185c97991e88ff9b6f19398cd5ba') in 0.012712 seconds 
Number of asset objects unloaded after import = 1
========================================================================
Received Import Request.
  Time since last request: 0.003496 seconds.
  path: Assets/Assets/Tilesetv3_1.asset
  artifactKey: Guid(4280cdc84b46b43419fbd6c47f5ceba8) Importer(815301076,1909f56bfc062723c751e8b465ee728b)
Number of updated assets reloaded before import = 0
Start importing Assets/Assets/Tilesetv3_1.asset using Guid(4280cdc84b46b43419fbd6c47f5ceba8) Importer(815301076,1909f56bfc062723c751e8b465ee728b)  -> (artifact id: '5b5c70aa2bf4ce8afb3760f15f13d55d') in 0.015207 seconds 
Number of asset objects unloaded after import = 3
========================================================================
Received Import Request.
  Time since last request: 0.000017 seconds.
  path: Assets/Assets/Tilesetv3_24.asset
  artifactKey: Guid(d5cd16957cc3fa447816484aff2b702e) Importer(815301076,1909f56bfc062723c751e8b465ee728b)
Number of updated assets reloaded before import = 0
Start importing Assets/Assets/Tilesetv3_24.asset using Guid(d5cd16957cc3fa447816484aff2b702e) Importer(815301076,1909f56bfc062723c751e8b465ee728b)  -> (artifact id: 'dce1cf3ab5f096b48a850143cb16aee9') in 0.014831 seconds 
Number of asset objects unloaded after import = 3
========================================================================
Received Import Request.
  Time since last request: 0.000017 seconds.
  path: Assets/Assets/Tilesetv3_9.asset
  artifactKey: Guid(b74a39c193ab21d428513a33eb9fa0e4) Importer(815301076,1909f56bfc062723c751e8b465ee728b)
Number of updated assets reloaded before import = 0
Start importing Assets/Assets/Tilesetv3_9.asset using Guid(b74a39c193ab21d428513a33eb9fa0e4) Importer(815301076,1909f56bfc062723c751e8b465ee728b)  -> (artifact id: '313830a3ba5b06903f1b12a6bb19c00e') in 0.012476 seconds 
Number of asset objects unloaded after import = 3
========================================================================
Received Import Request.
  Time since last request: 0.000014 seconds.
  path: Assets/Assets/Tilesetv3_7.asset
  artifactKey: Guid(a5ef4eed4b87939458773afec6b39d6e) Importer(815301076,1909f56bfc062723c751e8b465ee728b)
Number of updated assets reloaded before import = 0
Start importing Assets/Assets/Tilesetv3_7.asset using Guid(a5ef4eed4b87939458773afec6b39d6e) Importer(815301076,1909f56bfc062723c751e8b465ee728b)  -> (artifact id: '9b390d509c93ea2a9de30b2229e01fcc') in 0.012054 seconds 
Number of asset objects unloaded after import = 3
========================================================================
Received Import Request.
  Time since last request: 0.000016 seconds.
  path: Assets/Assets/Tilesetv3_14.asset
  artifactKey: Guid(5a10f7b5107a43a4b8496b82d02b6f2a) Importer(815301076,1909f56bfc062723c751e8b465ee728b)
Number of updated assets reloaded before import = 0
Start importing Assets/Assets/Tilesetv3_14.asset using Guid(5a10f7b5107a43a4b8496b82d02b6f2a) Importer(815301076,1909f56bfc062723c751e8b465ee728b)  -> (artifact id: 'eba29241bca05917d4dc750a969b0d67') in 0.011836 seconds 
Number of asset objects unloaded after import = 3
========================================================================
Received Import Request.
  Time since last request: 0.000018 seconds.
  path: Assets/Assets/Tilesetv3_36.asset
  artifactKey: Guid(50b99123f873bbe4f95025e6506996f8) Importer(815301076,1909f56bfc062723c751e8b465ee728b)
Number of updated assets reloaded before import = 0
Start importing Assets/Assets/Tilesetv3_36.asset using Guid(50b99123f873bbe4f95025e6506996f8) Importer(815301076,1909f56bfc062723c751e8b465ee728b)  -> (artifact id: 'd58f2581ddb571472320961a051bf5d1') in 0.012628 seconds 
Number of asset objects unloaded after import = 3
========================================================================
Received Import Request.
  Time since last request: 0.000025 seconds.
  path: Assets/Assets/Tilesetv3_42.asset
  artifactKey: Guid(8b005e8958208444192b40c8666794e4) Importer(815301076,1909f56bfc062723c751e8b465ee728b)
Number of updated assets reloaded before import = 0
Start importing Assets/Assets/Tilesetv3_42.asset using Guid(8b005e8958208444192b40c8666794e4) Importer(815301076,1909f56bfc062723c751e8b465ee728b)  -> (artifact id: '74197e77b897c14c5ce02f04e663d5df') in 0.012786 seconds 
Number of asset objects unloaded after import = 3
========================================================================
Received Import Request.
  Time since last request: 0.000015 seconds.
  path: Assets/Assets/Tilesetv3_41.asset
  artifactKey: Guid(08f4167068acc874d9ea00a50345a36b) Importer(815301076,1909f56bfc062723c751e8b465ee728b)
Number of updated assets reloaded before import = 0
Start importing Assets/Assets/Tilesetv3_41.asset using Guid(08f4167068acc874d9ea00a50345a36b) Importer(815301076,1909f56bfc062723c751e8b465ee728b)  -> (artifact id: 'b5fc45dd6b3f0ef4d728379d338cace0') in 0.012316 seconds 
Number of asset objects unloaded after import = 3
========================================================================
Received Import Request.
  Time since last request: 0.000013 seconds.
  path: Assets/Assets/Tilesetv3_17.asset
  artifactKey: Guid(19acf55c04356224ba9ce8a14ac5e2dd) Importer(815301076,1909f56bfc062723c751e8b465ee728b)
Number of updated assets reloaded before import = 0
Start importing Assets/Assets/Tilesetv3_17.asset using Guid(19acf55c04356224ba9ce8a14ac5e2dd) Importer(815301076,1909f56bfc062723c751e8b465ee728b)  -> (artifact id: '5434564217f95b1cc2aa6341a0db64f4') in 0.012558 seconds 
Number of asset objects unloaded after import = 3
========================================================================
Received Import Request.
  Time since last request: 0.000019 seconds.
  path: Assets/Assets/Tilesetv3_15.asset
  artifactKey: Guid(0909b84b63480404bbb55962d1e07604) Importer(815301076,1909f56bfc062723c751e8b465ee728b)
Number of updated assets reloaded before import = 0
Start importing Assets/Assets/Tilesetv3_15.asset using Guid(0909b84b63480404bbb55962d1e07604) Importer(815301076,1909f56bfc062723c751e8b465ee728b)  -> (artifact id: '5450cf2e8081d1b0e64cd499016e1ab8') in 0.012359 seconds 
Number of asset objects unloaded after import = 3
========================================================================
Received Import Request.
  Time since last request: 0.000016 seconds.
  path: Assets/Assets/Tilesetv3_25.asset
  artifactKey: Guid(2f180e1b89630f04da2a2a33024e653b) Importer(815301076,1909f56bfc062723c751e8b465ee728b)
Number of updated assets reloaded before import = 0
Start importing Assets/Assets/Tilesetv3_25.asset using Guid(2f180e1b89630f04da2a2a33024e653b) Importer(815301076,1909f56bfc062723c751e8b465ee728b)  -> (artifact id: '821cd21b2f477352a92a92198a991280') in 0.012049 seconds 
Number of asset objects unloaded after import = 3
========================================================================
Received Import Request.
  Time since last request: 0.000015 seconds.
  path: Assets/Assets/Tilesetv3_12.asset
  artifactKey: Guid(ff21260e42daf3a4da93c4123b2d9568) Importer(815301076,1909f56bfc062723c751e8b465ee728b)
Number of updated assets reloaded before import = 0
Start importing Assets/Assets/Tilesetv3_12.asset using Guid(ff21260e42daf3a4da93c4123b2d9568) Importer(815301076,1909f56bfc062723c751e8b465ee728b)  -> (artifact id: 'bda1ce367699db2004d5eb9e7d4eebdf') in 0.011843 seconds 
Number of asset objects unloaded after import = 3
========================================================================
Received Import Request.
  Time since last request: 0.000021 seconds.
  path: Assets/Assets/Tilesetv3_35.asset
  artifactKey: Guid(67980a90b78eba848a1e45fe16ed0cd9) Importer(815301076,1909f56bfc062723c751e8b465ee728b)
Number of updated assets reloaded before import = 0
Start importing Assets/Assets/Tilesetv3_35.asset using Guid(67980a90b78eba848a1e45fe16ed0cd9) Importer(815301076,1909f56bfc062723c751e8b465ee728b)  -> (artifact id: '6a885d6393c4117adc6b22d17ce3d9aa') in 0.012027 seconds 
Number of asset objects unloaded after import = 3
========================================================================
Received Import Request.
  Time since last request: 0.000016 seconds.
  path: Assets/Assets/Tilesetv3_37.asset
  artifactKey: Guid(e79a099506aa4ef4586a7fd82da34ad2) Importer(815301076,1909f56bfc062723c751e8b465ee728b)
Number of updated assets reloaded before import = 0
Start importing Assets/Assets/Tilesetv3_37.asset using Guid(e79a099506aa4ef4586a7fd82da34ad2) Importer(815301076,1909f56bfc062723c751e8b465ee728b)  -> (artifact id: '91e4e00f8816397b63ccb621acf3deba') in 0.011414 seconds 
Number of asset objects unloaded after import = 3
========================================================================
Received Import Request.
  Time since last request: 0.000027 seconds.
  path: Assets/Assets/Tilesetv3_44.asset
  artifactKey: Guid(b4777413cba982941be3e8d2f377debb) Importer(815301076,1909f56bfc062723c751e8b465ee728b)
Number of updated assets reloaded before import = 0
Start importing Assets/Assets/Tilesetv3_44.asset using Guid(b4777413cba982941be3e8d2f377debb) Importer(815301076,1909f56bfc062723c751e8b465ee728b)  -> (artifact id: '9a43d86d1034d3c1a4a1bed953cab250') in 0.012074 seconds 
Number of asset objects unloaded after import = 3
========================================================================
Received Import Request.
  Time since last request: 0.683367 seconds.
  path: Assets/Assets/Tilesetv3_46.asset
  artifactKey: Guid(1a841b6bc0d87b94a9ed7015f2697ac3) Importer(815301076,1909f56bfc062723c751e8b465ee728b)
Number of updated assets reloaded before import = 0
Start importing Assets/Assets/Tilesetv3_46.asset using Guid(1a841b6bc0d87b94a9ed7015f2697ac3) Importer(815301076,1909f56bfc062723c751e8b465ee728b)  -> (artifact id: 'd6f818afdb6721f9d460ff5f1caf5f77') in 0.014927 seconds 
Number of asset objects unloaded after import = 3
========================================================================
Received Import Request.
  Time since last request: 0.000020 seconds.
  path: Assets/Assets/Tilesetv3_51.asset
  artifactKey: Guid(0feee39070920c34e9b49543b823018a) Importer(815301076,1909f56bfc062723c751e8b465ee728b)
Number of updated assets reloaded before import = 0
Start importing Assets/Assets/Tilesetv3_51.asset using Guid(0feee39070920c34e9b49543b823018a) Importer(815301076,1909f56bfc062723c751e8b465ee728b)  -> (artifact id: '9862b1d103bea387c40662097bdc7bdc') in 0.015550 seconds 
Number of asset objects unloaded after import = 3
========================================================================
Received Import Request.
  Time since last request: 0.000017 seconds.
  path: Assets/Assets/Tilesetv3_55.asset
  artifactKey: Guid(11fd22d093c30f04ead7f94e2ea94a8a) Importer(815301076,1909f56bfc062723c751e8b465ee728b)
Number of updated assets reloaded before import = 0
Start importing Assets/Assets/Tilesetv3_55.asset using Guid(11fd22d093c30f04ead7f94e2ea94a8a) Importer(815301076,1909f56bfc062723c751e8b465ee728b)  -> (artifact id: 'aa40229496018e84e019c0bb990fb620') in 0.012338 seconds 
Number of asset objects unloaded after import = 3
========================================================================
Received Import Request.
  Time since last request: 0.000017 seconds.
  path: Assets/Assets/Tilesetv3_52.asset
  artifactKey: Guid(1db564406c91b364093d189cfdc8ab2b) Importer(815301076,1909f56bfc062723c751e8b465ee728b)
Number of updated assets reloaded before import = 0
Start importing Assets/Assets/Tilesetv3_52.asset using Guid(1db564406c91b364093d189cfdc8ab2b) Importer(815301076,1909f56bfc062723c751e8b465ee728b)  -> (artifact id: 'b453d4fe1dd664fa0f7467120094098d') in 0.012716 seconds 
Number of asset objects unloaded after import = 3
========================================================================
Received Import Request.
  Time since last request: 18.897141 seconds.
  path: Assets/Assets/Tilesetv3_58.asset
  artifactKey: Guid(f7d49c4f4584d5142b2410d95cb35e2a) Importer(815301076,1909f56bfc062723c751e8b465ee728b)
Number of updated assets reloaded before import = 0
Start importing Assets/Assets/Tilesetv3_58.asset using Guid(f7d49c4f4584d5142b2410d95cb35e2a) Importer(815301076,1909f56bfc062723c751e8b465ee728b)  -> (artifact id: 'f650718b47093b8e2680440359ce030e') in 0.017901 seconds 
Number of asset objects unloaded after import = 3
========================================================================
Received Import Request.
  Time since last request: 0.000019 seconds.
  path: Assets/Assets/Tilesetv3_63.asset
  artifactKey: Guid(104b15c4144ef594abee5d705c9feeaf) Importer(815301076,1909f56bfc062723c751e8b465ee728b)
Number of updated assets reloaded before import = 0
Start importing Assets/Assets/Tilesetv3_63.asset using Guid(104b15c4144ef594abee5d705c9feeaf) Importer(815301076,1909f56bfc062723c751e8b465ee728b)  -> (artifact id: '1354e68c2db99703097f215f9334306f') in 0.013733 seconds 
Number of asset objects unloaded after import = 3
========================================================================
Received Import Request.
  Time since last request: 0.000013 seconds.
  path: Assets/Assets/Tilesetv3_64.asset
  artifactKey: Guid(ea57488a47558ce4faa31eac5f33341b) Importer(815301076,1909f56bfc062723c751e8b465ee728b)
Number of updated assets reloaded before import = 0
Start importing Assets/Assets/Tilesetv3_64.asset using Guid(ea57488a47558ce4faa31eac5f33341b) Importer(815301076,1909f56bfc062723c751e8b465ee728b)  -> (artifact id: '23d46436aea3d5c9802928c519100148') in 0.015452 seconds 
Number of asset objects unloaded after import = 3
========================================================================
Received Import Request.
  Time since last request: 0.000019 seconds.
  path: Assets/Assets/Tilesetv3_77.asset
  artifactKey: Guid(0a16aee722a7f20489af531210bd315e) Importer(815301076,1909f56bfc062723c751e8b465ee728b)
Number of updated assets reloaded before import = 0
Start importing Assets/Assets/Tilesetv3_77.asset using Guid(0a16aee722a7f20489af531210bd315e) Importer(815301076,1909f56bfc062723c751e8b465ee728b)  -> (artifact id: '406331dcb93663c77d666bb89f153388') in 0.014611 seconds 
Number of asset objects unloaded after import = 3
========================================================================
Received Import Request.
  Time since last request: 0.000024 seconds.
  path: Assets/Assets/Tilesetv3_74.asset
  artifactKey: Guid(719f95262f2329243831148a7b4083c4) Importer(815301076,1909f56bfc062723c751e8b465ee728b)
Number of updated assets reloaded before import = 0
Start importing Assets/Assets/Tilesetv3_74.asset using Guid(719f95262f2329243831148a7b4083c4) Importer(815301076,1909f56bfc062723c751e8b465ee728b)  -> (artifact id: '70b08f3e8079aeef26a29e67c4107dc6') in 0.012194 seconds 
Number of asset objects unloaded after import = 3
========================================================================
Received Import Request.
  Time since last request: 0.000020 seconds.
  path: Assets/Assets/Tilesetv3_110.asset
  artifactKey: Guid(3d980fb4588c4a046acbe0598e326e80) Importer(815301076,1909f56bfc062723c751e8b465ee728b)
Number of updated assets reloaded before import = 0
Start importing Assets/Assets/Tilesetv3_110.asset using Guid(3d980fb4588c4a046acbe0598e326e80) Importer(815301076,1909f56bfc062723c751e8b465ee728b)  -> (artifact id: '8e7c3f15d5cc5762da8bff56dbee41af') in 0.013200 seconds 
Number of asset objects unloaded after import = 3
========================================================================
Received Import Request.
  Time since last request: 0.000018 seconds.
  path: Assets/Assets/Tilesetv3_89.asset
  artifactKey: Guid(532074ecf827eb54188fc0d0dec8d843) Importer(815301076,1909f56bfc062723c751e8b465ee728b)
Number of updated assets reloaded before import = 0
Start importing Assets/Assets/Tilesetv3_89.asset using Guid(532074ecf827eb54188fc0d0dec8d843) Importer(815301076,1909f56bfc062723c751e8b465ee728b)  -> (artifact id: 'cd9932bc8676934e18ec236c4194966d') in 0.013308 seconds 
Number of asset objects unloaded after import = 3
========================================================================
Received Import Request.
  Time since last request: 0.000018 seconds.
  path: Assets/Assets/Tilesetv3_90.asset
  artifactKey: Guid(4b54ae50716fb8b4db46368488bb7401) Importer(815301076,1909f56bfc062723c751e8b465ee728b)
Number of updated assets reloaded before import = 0
Start importing Assets/Assets/Tilesetv3_90.asset using Guid(4b54ae50716fb8b4db46368488bb7401) Importer(815301076,1909f56bfc062723c751e8b465ee728b)  -> (artifact id: '1de919632ea60b2d84c376b981014015') in 0.011870 seconds 
Number of asset objects unloaded after import = 3
========================================================================
Received Import Request.
  Time since last request: 0.000016 seconds.
  path: Assets/Assets/Tilesetv3_109.asset
  artifactKey: Guid(2f91b229a0a2cb04f807c4573e7e4bce) Importer(815301076,1909f56bfc062723c751e8b465ee728b)
Number of updated assets reloaded before import = 0
Start importing Assets/Assets/Tilesetv3_109.asset using Guid(2f91b229a0a2cb04f807c4573e7e4bce) Importer(815301076,1909f56bfc062723c751e8b465ee728b)  -> (artifact id: 'e1b672413b585e66a877bb5e22dada58') in 0.011881 seconds 
Number of asset objects unloaded after import = 3
========================================================================
Received Import Request.
  Time since last request: 0.000013 seconds.
  path: Assets/Assets/Tilesetv3_103.asset
  artifactKey: Guid(c72e2d4aee8fb94489ff832c681d5441) Importer(815301076,1909f56bfc062723c751e8b465ee728b)
Number of updated assets reloaded before import = 0
Start importing Assets/Assets/Tilesetv3_103.asset using Guid(c72e2d4aee8fb94489ff832c681d5441) Importer(815301076,1909f56bfc062723c751e8b465ee728b)  -> (artifact id: '049bc222ca944587151fd07fbcb1c9c8') in 0.011647 seconds 
Number of asset objects unloaded after import = 3
========================================================================
Received Import Request.
  Time since last request: 0.000020 seconds.
  path: Assets/Assets/Tilesetv3_72.asset
  artifactKey: Guid(fb573bb2360f5fc468718864870af48c) Importer(815301076,1909f56bfc062723c751e8b465ee728b)
Number of updated assets reloaded before import = 0
Start importing Assets/Assets/Tilesetv3_72.asset using Guid(fb573bb2360f5fc468718864870af48c) Importer(815301076,1909f56bfc062723c751e8b465ee728b)  -> (artifact id: '2459d1b64ea3de6a51f4ef4a78a11277') in 0.013494 seconds 
Number of asset objects unloaded after import = 3
========================================================================
Received Import Request.
  Time since last request: 0.000017 seconds.
  path: Assets/Assets/Tilesetv3_80.asset
  artifactKey: Guid(fe7045781b2dc2247a2f81cc44ac9178) Importer(815301076,1909f56bfc062723c751e8b465ee728b)
Number of updated assets reloaded before import = 0
Start importing Assets/Assets/Tilesetv3_80.asset using Guid(fe7045781b2dc2247a2f81cc44ac9178) Importer(815301076,1909f56bfc062723c751e8b465ee728b)  -> (artifact id: '6a4dffce1853773d0f89d30f22f7eb1d') in 0.012380 seconds 
Number of asset objects unloaded after import = 3
========================================================================
Received Import Request.
  Time since last request: 0.000018 seconds.
  path: Assets/Assets/Tilesetv3_105.asset
  artifactKey: Guid(d4896e16dd72470469fb95a6824c6a95) Importer(815301076,1909f56bfc062723c751e8b465ee728b)
Number of updated assets reloaded before import = 0
Start importing Assets/Assets/Tilesetv3_105.asset using Guid(d4896e16dd72470469fb95a6824c6a95) Importer(815301076,1909f56bfc062723c751e8b465ee728b)  -> (artifact id: '42f3ac0f1f2d09ca9f157edc31f4e5ef') in 0.011614 seconds 
Number of asset objects unloaded after import = 3
========================================================================
Received Import Request.
  Time since last request: 0.000020 seconds.
  path: Assets/Assets/Tilesetv3_104.asset
  artifactKey: Guid(217e485bbd33ec3418f4efe135610bb2) Importer(815301076,1909f56bfc062723c751e8b465ee728b)
Number of updated assets reloaded before import = 0
Start importing Assets/Assets/Tilesetv3_104.asset using Guid(217e485bbd33ec3418f4efe135610bb2) Importer(815301076,1909f56bfc062723c751e8b465ee728b)  -> (artifact id: '46f783b2abd31c0dbdfa2b4ed854ebe4') in 0.013712 seconds 
Number of asset objects unloaded after import = 3
========================================================================
Received Import Request.
  Time since last request: 0.000017 seconds.
  path: Assets/Assets/Tilesetv3_106.asset
  artifactKey: Guid(30d4330800f51174f9aafda8d87bfba3) Importer(815301076,1909f56bfc062723c751e8b465ee728b)
Number of updated assets reloaded before import = 0
Start importing Assets/Assets/Tilesetv3_106.asset using Guid(30d4330800f51174f9aafda8d87bfba3) Importer(815301076,1909f56bfc062723c751e8b465ee728b)  -> (artifact id: '30873ea62be3b2d9a6a472e046745f9e') in 0.012725 seconds 
Number of asset objects unloaded after import = 3
========================================================================
Received Import Request.
  Time since last request: 0.000015 seconds.
  path: Assets/Assets/Tilesetv3_91.asset
  artifactKey: Guid(ccf31ce86a601ea449b4b97ee3fd62f7) Importer(815301076,1909f56bfc062723c751e8b465ee728b)
Number of updated assets reloaded before import = 0
Start importing Assets/Assets/Tilesetv3_91.asset using Guid(ccf31ce86a601ea449b4b97ee3fd62f7) Importer(815301076,1909f56bfc062723c751e8b465ee728b)  -> (artifact id: 'bdfed91c737a98470502752085cbe14e') in 0.011468 seconds 
Number of asset objects unloaded after import = 3
========================================================================
Received Import Request.
  Time since last request: 0.000018 seconds.
  path: Assets/Assets/Tilesetv3_121.asset
  artifactKey: Guid(30a0bf8604e11e94e9c015b4ec3b3a2f) Importer(815301076,1909f56bfc062723c751e8b465ee728b)
Number of updated assets reloaded before import = 0
Start importing Assets/Assets/Tilesetv3_121.asset using Guid(30a0bf8604e11e94e9c015b4ec3b3a2f) Importer(815301076,1909f56bfc062723c751e8b465ee728b)  -> (artifact id: 'cde57f0c070a0e3aef8c9d5caaf6ebcd') in 0.013442 seconds 
Number of asset objects unloaded after import = 3
========================================================================
Received Import Request.
  Time since last request: 0.000015 seconds.
  path: Assets/Assets/Tilesetv3_62.asset
  artifactKey: Guid(68c0380b8c0048b408f616673f451ddd) Importer(815301076,1909f56bfc062723c751e8b465ee728b)
Number of updated assets reloaded before import = 0
Start importing Assets/Assets/Tilesetv3_62.asset using Guid(68c0380b8c0048b408f616673f451ddd) Importer(815301076,1909f56bfc062723c751e8b465ee728b)  -> (artifact id: 'd0e6ce1124f9ba61807f9c328469ff82') in 0.012434 seconds 
Number of asset objects unloaded after import = 3
========================================================================
Received Import Request.
  Time since last request: 0.000025 seconds.
  path: Assets/Assets/Tilesetv3_79.asset
  artifactKey: Guid(c9e300b3f78c6e54aa02478504a4744f) Importer(815301076,1909f56bfc062723c751e8b465ee728b)
Number of updated assets reloaded before import = 0
Start importing Assets/Assets/Tilesetv3_79.asset using Guid(c9e300b3f78c6e54aa02478504a4744f) Importer(815301076,1909f56bfc062723c751e8b465ee728b)  -> (artifact id: 'cc1fa806735623332239c02b70ec1475') in 0.011881 seconds 
Number of asset objects unloaded after import = 3
========================================================================
Received Import Request.
  Time since last request: 0.000015 seconds.
  path: Assets/Assets/Tilesetv3_73.asset
  artifactKey: Guid(518be1940c8928443a8b6d869be85d3c) Importer(815301076,1909f56bfc062723c751e8b465ee728b)
Number of updated assets reloaded before import = 0
Start importing Assets/Assets/Tilesetv3_73.asset using Guid(518be1940c8928443a8b6d869be85d3c) Importer(815301076,1909f56bfc062723c751e8b465ee728b)  -> (artifact id: '2ffa99ee8499bb3a794bb7605be804bc') in 0.012588 seconds 
Number of asset objects unloaded after import = 3
========================================================================
Received Import Request.
  Time since last request: 0.000019 seconds.
  path: Assets/Assets/Tilesetv3_93.asset
  artifactKey: Guid(0d6776dae8a9cc84d815a94cc80b80d3) Importer(815301076,1909f56bfc062723c751e8b465ee728b)
Number of updated assets reloaded before import = 0
Start importing Assets/Assets/Tilesetv3_93.asset using Guid(0d6776dae8a9cc84d815a94cc80b80d3) Importer(815301076,1909f56bfc062723c751e8b465ee728b)  -> (artifact id: '6df76040992f8f2f1a65e52a608a884e') in 0.013092 seconds 
Number of asset objects unloaded after import = 3
========================================================================
Received Import Request.
  Time since last request: 0.000031 seconds.
  path: Assets/Assets/Tilesetv3_60.asset
  artifactKey: Guid(301e69ba2080cff4897e442527624038) Importer(815301076,1909f56bfc062723c751e8b465ee728b)
Number of updated assets reloaded before import = 0
Start importing Assets/Assets/Tilesetv3_60.asset using Guid(301e69ba2080cff4897e442527624038) Importer(815301076,1909f56bfc062723c751e8b465ee728b)  -> (artifact id: '4a8c79c278cf5572e4f6455b5b5b661e') in 0.013538 seconds 
Number of asset objects unloaded after import = 3
========================================================================
Received Import Request.
  Time since last request: 1.402151 seconds.
  path: Assets/Assets/Tilesetv3_124.asset
  artifactKey: Guid(54b3ca00cee302c4f8908ca8701e7ee0) Importer(815301076,1909f56bfc062723c751e8b465ee728b)
Number of updated assets reloaded before import = 0
Start importing Assets/Assets/Tilesetv3_124.asset using Guid(54b3ca00cee302c4f8908ca8701e7ee0) Importer(815301076,1909f56bfc062723c751e8b465ee728b)  -> (artifact id: 'ba4160cfa9e53c11a7fd9df118795844') in 0.015074 seconds 
Number of asset objects unloaded after import = 3
========================================================================
Received Import Request.
  Time since last request: 0.000024 seconds.
  path: Assets/Assets/Tilesetv3_138.asset
  artifactKey: Guid(12d9560ccb242ea47bc0e8dfb15da78e) Importer(815301076,1909f56bfc062723c751e8b465ee728b)
Number of updated assets reloaded before import = 0
Start importing Assets/Assets/Tilesetv3_138.asset using Guid(12d9560ccb242ea47bc0e8dfb15da78e) Importer(815301076,1909f56bfc062723c751e8b465ee728b)  -> (artifact id: '732efb4f13772b3bd42f1c61508d5b45') in 0.018837 seconds 
Number of asset objects unloaded after import = 3
========================================================================
Received Import Request.
  Time since last request: 0.000026 seconds.
  path: Assets/Assets/Tilesetv3_135.asset
  artifactKey: Guid(ff0622e3d727b6740b200c8960dc77a2) Importer(815301076,1909f56bfc062723c751e8b465ee728b)
Number of updated assets reloaded before import = 0
Start importing Assets/Assets/Tilesetv3_135.asset using Guid(ff0622e3d727b6740b200c8960dc77a2) Importer(815301076,1909f56bfc062723c751e8b465ee728b)  -> (artifact id: '525887e2f170c632a8795899af782469') in 0.012864 seconds 
Number of asset objects unloaded after import = 3
========================================================================
Received Import Request.
  Time since last request: 0.000019 seconds.
  path: Assets/Assets/Tilesetv3_137.asset
  artifactKey: Guid(e4abc2ca9ade2e749939cd72cbf1f3db) Importer(815301076,1909f56bfc062723c751e8b465ee728b)
Number of updated assets reloaded before import = 0
Start importing Assets/Assets/Tilesetv3_137.asset using Guid(e4abc2ca9ade2e749939cd72cbf1f3db) Importer(815301076,1909f56bfc062723c751e8b465ee728b)  -> (artifact id: 'b10215cba151a855965da9d5b4e66ed4') in 0.013509 seconds 
Number of asset objects unloaded after import = 3
========================================================================
Received Import Request.
  Time since last request: 0.000014 seconds.
  path: Assets/Assets/Tilesetv3_136.asset
  artifactKey: Guid(fa7ccd8e321574c44b12663a0a25b8f7) Importer(815301076,1909f56bfc062723c751e8b465ee728b)
Number of updated assets reloaded before import = 0
Start importing Assets/Assets/Tilesetv3_136.asset using Guid(fa7ccd8e321574c44b12663a0a25b8f7) Importer(815301076,1909f56bfc062723c751e8b465ee728b)  -> (artifact id: '8d37d36c859be68e62d68582b07f5195') in 0.004942 seconds 
Number of asset objects unloaded after import = 3
========================================================================
Received Import Request.
  Time since last request: 0.000026 seconds.
  path: Assets/Assets/Tilesetv3_127.asset
  artifactKey: Guid(d016d49df8391194eb5331c97af0b98d) Importer(815301076,1909f56bfc062723c751e8b465ee728b)
Number of updated assets reloaded before import = 0
Start importing Assets/Assets/Tilesetv3_127.asset using Guid(d016d49df8391194eb5331c97af0b98d) Importer(815301076,1909f56bfc062723c751e8b465ee728b)  -> (artifact id: '2f15e959d791050c057854b9c1f94433') in 0.014158 seconds 
Number of asset objects unloaded after import = 3
========================================================================
Received Import Request.
  Time since last request: 0.000028 seconds.
  path: Assets/Assets/Tilesetv3_148.asset
  artifactKey: Guid(c3a30d9616277fb46a75c26990c1ce05) Importer(815301076,1909f56bfc062723c751e8b465ee728b)
Number of updated assets reloaded before import = 0
Start importing Assets/Assets/Tilesetv3_148.asset using Guid(c3a30d9616277fb46a75c26990c1ce05) Importer(815301076,1909f56bfc062723c751e8b465ee728b)  -> (artifact id: '8b4f0aec6cc4c1e5f6d82b90a9cb2a5a') in 0.015543 seconds 
Number of asset objects unloaded after import = 3
========================================================================
Received Import Request.
  Time since last request: 0.000028 seconds.
  path: Assets/Assets/Tilesetv3_163.asset
  artifactKey: Guid(62a5b553d70881245b4e47e8756eb649) Importer(815301076,1909f56bfc062723c751e8b465ee728b)
Number of updated assets reloaded before import = 0
Start importing Assets/Assets/Tilesetv3_163.asset using Guid(62a5b553d70881245b4e47e8756eb649) Importer(815301076,1909f56bfc062723c751e8b465ee728b)  -> (artifact id: 'b1f4a66e0e953e6366987f6cfd1e50ff') in 0.014142 seconds 
Number of asset objects unloaded after import = 3
========================================================================
Received Import Request.
  Time since last request: 0.000021 seconds.
  path: Assets/Assets/Tilesetv3_147.asset
  artifactKey: Guid(bcfa86a09cd5f8948a7c533775af9a2e) Importer(815301076,1909f56bfc062723c751e8b465ee728b)
Number of updated assets reloaded before import = 0
Start importing Assets/Assets/Tilesetv3_147.asset using Guid(bcfa86a09cd5f8948a7c533775af9a2e) Importer(815301076,1909f56bfc062723c751e8b465ee728b)  -> (artifact id: '14d87f70347bf68534ec96351f33e268') in 0.014205 seconds 
Number of asset objects unloaded after import = 3
========================================================================
Received Import Request.
  Time since last request: 0.000019 seconds.
  path: Assets/Assets/Tilesetv3_182.asset
  artifactKey: Guid(b03997a139e0a1a4cb812c72d4654b34) Importer(815301076,1909f56bfc062723c751e8b465ee728b)
Number of updated assets reloaded before import = 0
Start importing Assets/Assets/Tilesetv3_182.asset using Guid(b03997a139e0a1a4cb812c72d4654b34) Importer(815301076,1909f56bfc062723c751e8b465ee728b)  -> (artifact id: '6f877c84807e512a173ea3faa326fe98') in 0.012877 seconds 
Number of asset objects unloaded after import = 3
========================================================================
Received Import Request.
  Time since last request: 0.000025 seconds.
  path: Assets/Assets/Tilesetv3_173.asset
  artifactKey: Guid(90dea185227de954eb1f5be79fe40320) Importer(815301076,1909f56bfc062723c751e8b465ee728b)
Number of updated assets reloaded before import = 0
Start importing Assets/Assets/Tilesetv3_173.asset using Guid(90dea185227de954eb1f5be79fe40320) Importer(815301076,1909f56bfc062723c751e8b465ee728b)  -> (artifact id: 'b4eb44ec28dc507e80abff948f6f544f') in 0.013905 seconds 
Number of asset objects unloaded after import = 3
========================================================================
Received Import Request.
  Time since last request: 0.000018 seconds.
  path: Assets/Assets/Tilesetv3_219.asset
  artifactKey: Guid(64873d87d1e405f4980a6a0d1ad08742) Importer(815301076,1909f56bfc062723c751e8b465ee728b)
Number of updated assets reloaded before import = 0
Start importing Assets/Assets/Tilesetv3_219.asset using Guid(64873d87d1e405f4980a6a0d1ad08742) Importer(815301076,1909f56bfc062723c751e8b465ee728b)  -> (artifact id: '6a84addb3d683a7a11293fed0a749f18') in 0.018451 seconds 
Number of asset objects unloaded after import = 3
========================================================================
Received Import Request.
  Time since last request: 0.000029 seconds.
  path: Assets/Assets/Tilesetv3_228.asset
  artifactKey: Guid(92afc53b002d5334db81109e0d7167b3) Importer(815301076,1909f56bfc062723c751e8b465ee728b)
Number of updated assets reloaded before import = 0
Start importing Assets/Assets/Tilesetv3_228.asset using Guid(92afc53b002d5334db81109e0d7167b3) Importer(815301076,1909f56bfc062723c751e8b465ee728b)  -> (artifact id: '792a7fa73e51845dbb596c6e19d7fdd5') in 0.014331 seconds 
Number of asset objects unloaded after import = 3
========================================================================
Received Import Request.
  Time since last request: 0.000014 seconds.
  path: Assets/Assets/Tilesetv3_237.asset
  artifactKey: Guid(effe9ac988665094fa7fef8c8e8e7120) Importer(815301076,1909f56bfc062723c751e8b465ee728b)
Number of updated assets reloaded before import = 0
Start importing Assets/Assets/Tilesetv3_237.asset using Guid(effe9ac988665094fa7fef8c8e8e7120) Importer(815301076,1909f56bfc062723c751e8b465ee728b)  -> (artifact id: 'a8e3738facd3b212b5534d3b698741ec') in 0.009870 seconds 
Number of asset objects unloaded after import = 3
========================================================================
Received Import Request.
  Time since last request: 0.000022 seconds.
  path: Assets/Assets/Tilesetv3_256.asset
  artifactKey: Guid(98a3fcaff7111a145a40e0f0dbd24b65) Importer(815301076,1909f56bfc062723c751e8b465ee728b)
Number of updated assets reloaded before import = 0
Start importing Assets/Assets/Tilesetv3_256.asset using Guid(98a3fcaff7111a145a40e0f0dbd24b65) Importer(815301076,1909f56bfc062723c751e8b465ee728b)  -> (artifact id: '40b2045f78f261781af2396bd7d04db3') in 0.012788 seconds 
Number of asset objects unloaded after import = 3
========================================================================
Received Import Request.
  Time since last request: 0.000018 seconds.
  path: Assets/Assets/Tilesetv3_257.asset
  artifactKey: Guid(f5ff404cbca119846a70b68945ffb7d1) Importer(815301076,1909f56bfc062723c751e8b465ee728b)
Number of updated assets reloaded before import = 0
Start importing Assets/Assets/Tilesetv3_257.asset using Guid(f5ff404cbca119846a70b68945ffb7d1) Importer(815301076,1909f56bfc062723c751e8b465ee728b)  -> (artifact id: '16be6a3325cbe85bbf33f7177f39f435') in 0.012021 seconds 
Number of asset objects unloaded after import = 3
========================================================================
Received Import Request.
  Time since last request: 0.000021 seconds.
  path: Assets/Assets/Tilesetv3_215.asset
  artifactKey: Guid(cc3a4808e0d76df4386b7663b5e9fc38) Importer(815301076,1909f56bfc062723c751e8b465ee728b)
Number of updated assets reloaded before import = 0
Start importing Assets/Assets/Tilesetv3_215.asset using Guid(cc3a4808e0d76df4386b7663b5e9fc38) Importer(815301076,1909f56bfc062723c751e8b465ee728b)  -> (artifact id: 'c0a41290b917373b7d6734be09f18264') in 0.010823 seconds 
Number of asset objects unloaded after import = 3
========================================================================
Received Import Request.
  Time since last request: 0.000029 seconds.
  path: Assets/Assets/Tilesetv3_255.asset
  artifactKey: Guid(a6fdb0e0d7809d943b4860be3338459d) Importer(815301076,1909f56bfc062723c751e8b465ee728b)
Number of updated assets reloaded before import = 0
Start importing Assets/Assets/Tilesetv3_255.asset using Guid(a6fdb0e0d7809d943b4860be3338459d) Importer(815301076,1909f56bfc062723c751e8b465ee728b)  -> (artifact id: '7f99229bc39295266e38bf310d14a307') in 0.012265 seconds 
Number of asset objects unloaded after import = 3
========================================================================
Received Import Request.
  Time since last request: 0.000015 seconds.
  path: Assets/Assets/Tilesetv3_196.asset
  artifactKey: Guid(12b04d8c929605842a3665879ba69637) Importer(815301076,1909f56bfc062723c751e8b465ee728b)
Number of updated assets reloaded before import = 0
Start importing Assets/Assets/Tilesetv3_196.asset using Guid(12b04d8c929605842a3665879ba69637) Importer(815301076,1909f56bfc062723c751e8b465ee728b)  -> (artifact id: 'c11dd1a5daf4ecd2279fb0221d58d402') in 0.013074 seconds 
Number of asset objects unloaded after import = 3
========================================================================
Received Import Request.
  Time since last request: 0.000020 seconds.
  path: Assets/Assets/Tilesetv3_186.asset
  artifactKey: Guid(4d31670e4a0e454499a302d3d83fe315) Importer(815301076,1909f56bfc062723c751e8b465ee728b)
Number of updated assets reloaded before import = 0
Start importing Assets/Assets/Tilesetv3_186.asset using Guid(4d31670e4a0e454499a302d3d83fe315) Importer(815301076,1909f56bfc062723c751e8b465ee728b)  -> (artifact id: 'c20fa71d6fb9cd30ad64f142f4cee18d') in 0.012615 seconds 
Number of asset objects unloaded after import = 3
========================================================================
Received Import Request.
  Time since last request: 0.000018 seconds.
  path: Assets/Assets/Tilesetv3_152.asset
  artifactKey: Guid(fe13fdb47a5b2624e86089d27306e738) Importer(815301076,1909f56bfc062723c751e8b465ee728b)
Number of updated assets reloaded before import = 0
Start importing Assets/Assets/Tilesetv3_152.asset using Guid(fe13fdb47a5b2624e86089d27306e738) Importer(815301076,1909f56bfc062723c751e8b465ee728b)  -> (artifact id: '9880905996b8d6c7821950af03e2aade') in 0.011733 seconds 
Number of asset objects unloaded after import = 3
========================================================================
Received Import Request.
  Time since last request: 0.000019 seconds.
  path: Assets/Assets/Tilesetv3_295.asset
  artifactKey: Guid(8283c15f926ae4248a40942b48997da0) Importer(815301076,1909f56bfc062723c751e8b465ee728b)
Number of updated assets reloaded before import = 0
Start importing Assets/Assets/Tilesetv3_295.asset using Guid(8283c15f926ae4248a40942b48997da0) Importer(815301076,1909f56bfc062723c751e8b465ee728b)  -> (artifact id: '48536730812af5e91ea26256f17c98e9') in 0.012051 seconds 
Number of asset objects unloaded after import = 3
========================================================================
Received Import Request.
  Time since last request: 0.000020 seconds.
  path: Assets/Assets/Tilesetv3_285.asset
  artifactKey: Guid(bde07b3d5e66846479de2d7ff04d8eb0) Importer(815301076,1909f56bfc062723c751e8b465ee728b)
Number of updated assets reloaded before import = 0
Start importing Assets/Assets/Tilesetv3_285.asset using Guid(bde07b3d5e66846479de2d7ff04d8eb0) Importer(815301076,1909f56bfc062723c751e8b465ee728b)  -> (artifact id: '591a09555d914b2cd7565ec52d30e215') in 0.011483 seconds 
Number of asset objects unloaded after import = 3
========================================================================
Received Import Request.
  Time since last request: 0.000015 seconds.
  path: Assets/Assets/Tilesetv3_281.asset
  artifactKey: Guid(9fcccfebd394e254583837cd2466e55e) Importer(815301076,1909f56bfc062723c751e8b465ee728b)
Number of updated assets reloaded before import = 0
Start importing Assets/Assets/Tilesetv3_281.asset using Guid(9fcccfebd394e254583837cd2466e55e) Importer(815301076,1909f56bfc062723c751e8b465ee728b)  -> (artifact id: '0442145ecf80753d6393e490b312011f') in 0.012696 seconds 
Number of asset objects unloaded after import = 3
========================================================================
Received Import Request.
  Time since last request: 0.000013 seconds.
  path: Assets/Assets/Tilesetv3_264.asset
  artifactKey: Guid(e56015a8f3fa62547bcd05d965de64d5) Importer(815301076,1909f56bfc062723c751e8b465ee728b)
Number of updated assets reloaded before import = 0
Start importing Assets/Assets/Tilesetv3_264.asset using Guid(e56015a8f3fa62547bcd05d965de64d5) Importer(815301076,1909f56bfc062723c751e8b465ee728b)  -> (artifact id: 'f5b4eb7cd7ddc7b8ab236de191cb03b6') in 0.011075 seconds 
Number of asset objects unloaded after import = 3
========================================================================
Received Import Request.
  Time since last request: 0.000017 seconds.
  path: Assets/Assets/Tilesetv3_286.asset
  artifactKey: Guid(c001b644371279940b1741543da2637d) Importer(815301076,1909f56bfc062723c751e8b465ee728b)
Number of updated assets reloaded before import = 0
Start importing Assets/Assets/Tilesetv3_286.asset using Guid(c001b644371279940b1741543da2637d) Importer(815301076,1909f56bfc062723c751e8b465ee728b)  -> (artifact id: '7a47a16b21c5ec11c53a047ba836163c') in 0.011839 seconds 
Number of asset objects unloaded after import = 3
========================================================================
Received Import Request.
  Time since last request: 0.000020 seconds.
  path: Assets/Assets/Tilesetv3_280.asset
  artifactKey: Guid(e94c7069da2af1c4689590eea2c10398) Importer(815301076,1909f56bfc062723c751e8b465ee728b)
Number of updated assets reloaded before import = 0
Start importing Assets/Assets/Tilesetv3_280.asset using Guid(e94c7069da2af1c4689590eea2c10398) Importer(815301076,1909f56bfc062723c751e8b465ee728b)  -> (artifact id: 'c51c7da7c86b9f7483f263b3f59d47f9') in 0.012409 seconds 
Number of asset objects unloaded after import = 3
========================================================================
Received Import Request.
  Time since last request: 0.000012 seconds.
  path: Assets/Assets/Tilesetv3_176.asset
  artifactKey: Guid(4ea19409619b8ab488e2776bde5390e6) Importer(815301076,1909f56bfc062723c751e8b465ee728b)
Number of updated assets reloaded before import = 0
Start importing Assets/Assets/Tilesetv3_176.asset using Guid(4ea19409619b8ab488e2776bde5390e6) Importer(815301076,1909f56bfc062723c751e8b465ee728b)  -> (artifact id: '572df632170578761953239b2b173a74') in 0.011584 seconds 
Number of asset objects unloaded after import = 3
========================================================================
Received Import Request.
  Time since last request: 0.000019 seconds.
  path: Assets/Assets/Tilesetv3_270.asset
  artifactKey: Guid(15eefcb911554f946ad42581fd91f757) Importer(815301076,1909f56bfc062723c751e8b465ee728b)
Number of updated assets reloaded before import = 0
Start importing Assets/Assets/Tilesetv3_270.asset using Guid(15eefcb911554f946ad42581fd91f757) Importer(815301076,1909f56bfc062723c751e8b465ee728b)  -> (artifact id: '17652368710fe9025e70650b00bb1ab0') in 0.011933 seconds 
Number of asset objects unloaded after import = 3
========================================================================
Received Import Request.
  Time since last request: 0.000017 seconds.
  path: Assets/Assets/Tilesetv3_225.asset
  artifactKey: Guid(fd42f45ff672fa443aa755d2fedcf20b) Importer(815301076,1909f56bfc062723c751e8b465ee728b)
Number of updated assets reloaded before import = 0
Start importing Assets/Assets/Tilesetv3_225.asset using Guid(fd42f45ff672fa443aa755d2fedcf20b) Importer(815301076,1909f56bfc062723c751e8b465ee728b)  -> (artifact id: '2ffd33fd200681077ae333fc394b8c26') in 0.011254 seconds 
Number of asset objects unloaded after import = 3
========================================================================
Received Import Request.
  Time since last request: 0.000018 seconds.
  path: Assets/Assets/Tilesetv3_134.asset
  artifactKey: Guid(b26251093334c3e4fa1ae7da4c188287) Importer(815301076,1909f56bfc062723c751e8b465ee728b)
Number of updated assets reloaded before import = 0
Start importing Assets/Assets/Tilesetv3_134.asset using Guid(b26251093334c3e4fa1ae7da4c188287) Importer(815301076,1909f56bfc062723c751e8b465ee728b)  -> (artifact id: 'e060cf0f34bb02911de479a4c751902e') in 0.011335 seconds 
Number of asset objects unloaded after import = 3
========================================================================
Received Import Request.
  Time since last request: 0.000021 seconds.
  path: Assets/Assets/Tilesetv3_275.asset
  artifactKey: Guid(a7893e3b8946cb84ca3936245b5d5be5) Importer(815301076,1909f56bfc062723c751e8b465ee728b)
Number of updated assets reloaded before import = 0
Start importing Assets/Assets/Tilesetv3_275.asset using Guid(a7893e3b8946cb84ca3936245b5d5be5) Importer(815301076,1909f56bfc062723c751e8b465ee728b)  -> (artifact id: '226f5bdeb471409d9207a6d98ba75886') in 0.012023 seconds 
Number of asset objects unloaded after import = 3
========================================================================
Received Import Request.
  Time since last request: 0.000013 seconds.
  path: Assets/Assets/Tilesetv3_245.asset
  artifactKey: Guid(2a02f83035cf7e54ca6e062efa54117f) Importer(815301076,1909f56bfc062723c751e8b465ee728b)
Number of updated assets reloaded before import = 0
Start importing Assets/Assets/Tilesetv3_245.asset using Guid(2a02f83035cf7e54ca6e062efa54117f) Importer(815301076,1909f56bfc062723c751e8b465ee728b)  -> (artifact id: 'f293c618f9d50c8d1ff8ec4ddd5a9dd5') in 0.012488 seconds 
Number of asset objects unloaded after import = 3
========================================================================
Received Import Request.
  Time since last request: 0.000016 seconds.
  path: Assets/Assets/Tilesetv3_283.asset
  artifactKey: Guid(7be53f0dd163455458c98a94facf0078) Importer(815301076,1909f56bfc062723c751e8b465ee728b)
Number of updated assets reloaded before import = 0
Start importing Assets/Assets/Tilesetv3_283.asset using Guid(7be53f0dd163455458c98a94facf0078) Importer(815301076,1909f56bfc062723c751e8b465ee728b)  -> (artifact id: '67387163314898be184fbda4e9f6b223') in 0.011531 seconds 
Number of asset objects unloaded after import = 3
========================================================================
Received Import Request.
  Time since last request: 0.000022 seconds.
  path: Assets/Assets/Tilesetv3_246.asset
  artifactKey: Guid(ac1da892249fa044fa3a16e2ffdf441f) Importer(815301076,1909f56bfc062723c751e8b465ee728b)
Number of updated assets reloaded before import = 0
Start importing Assets/Assets/Tilesetv3_246.asset using Guid(ac1da892249fa044fa3a16e2ffdf441f) Importer(815301076,1909f56bfc062723c751e8b465ee728b)  -> (artifact id: 'b8f22f014b8d2a838cfacb7bd6693f42') in 0.012035 seconds 
Number of asset objects unloaded after import = 3
========================================================================
Received Import Request.
  Time since last request: 0.000017 seconds.
  path: Assets/Assets/Tilesetv3_224.asset
  artifactKey: Guid(d458ec3587c0d6d44a86e73ea000b15e) Importer(815301076,1909f56bfc062723c751e8b465ee728b)
Number of updated assets reloaded before import = 0
Start importing Assets/Assets/Tilesetv3_224.asset using Guid(d458ec3587c0d6d44a86e73ea000b15e) Importer(815301076,1909f56bfc062723c751e8b465ee728b)  -> (artifact id: '86179a391d2d6d0291927d05a3e5f981') in 0.013083 seconds 
Number of asset objects unloaded after import = 3
========================================================================
Received Import Request.
  Time since last request: 0.000014 seconds.
  path: Assets/Assets/Tilesetv3_216.asset
  artifactKey: Guid(fcbed0d3fb9f61a40b9a752330cd5d40) Importer(815301076,1909f56bfc062723c751e8b465ee728b)
Number of updated assets reloaded before import = 0
Start importing Assets/Assets/Tilesetv3_216.asset using Guid(fcbed0d3fb9f61a40b9a752330cd5d40) Importer(815301076,1909f56bfc062723c751e8b465ee728b)  -> (artifact id: '373b23af5240831659dc4ae5ce960165') in 0.011443 seconds 
Number of asset objects unloaded after import = 3
========================================================================
Received Import Request.
  Time since last request: 0.000016 seconds.
  path: Assets/Assets/Tilesetv3_213.asset
  artifactKey: Guid(05e88b3c7e5f5d94dacba490546a6b9c) Importer(815301076,1909f56bfc062723c751e8b465ee728b)
Number of updated assets reloaded before import = 0
Start importing Assets/Assets/Tilesetv3_213.asset using Guid(05e88b3c7e5f5d94dacba490546a6b9c) Importer(815301076,1909f56bfc062723c751e8b465ee728b)  -> (artifact id: '21f2802c281a6e421e55a329ffce07ac') in 0.013214 seconds 
Number of asset objects unloaded after import = 3
========================================================================
Received Import Request.
  Time since last request: 0.000025 seconds.
  path: Assets/Assets/Tilesetv3_244.asset
  artifactKey: Guid(33a0688cdafd2464281a6849efa0c6b1) Importer(815301076,1909f56bfc062723c751e8b465ee728b)
Number of updated assets reloaded before import = 0
Start importing Assets/Assets/Tilesetv3_244.asset using Guid(33a0688cdafd2464281a6849efa0c6b1) Importer(815301076,1909f56bfc062723c751e8b465ee728b)  -> (artifact id: '620f259897ef667a34f7b6d60a2b622c') in 0.012065 seconds 
Number of asset objects unloaded after import = 3
========================================================================
Received Import Request.
  Time since last request: 0.000025 seconds.
  path: Assets/Assets/Tilesetv3_253.asset
  artifactKey: Guid(6d64f860b3cfcf64fa7de542014c06bd) Importer(815301076,1909f56bfc062723c751e8b465ee728b)
Number of updated assets reloaded before import = 0
Start importing Assets/Assets/Tilesetv3_253.asset using Guid(6d64f860b3cfcf64fa7de542014c06bd) Importer(815301076,1909f56bfc062723c751e8b465ee728b)  -> (artifact id: 'c4b1433639e1830362c76cb94fec5d29') in 0.012027 seconds 
Number of asset objects unloaded after import = 3
========================================================================
Received Import Request.
  Time since last request: 0.000019 seconds.
  path: Assets/Assets/Tilesetv3_282.asset
  artifactKey: Guid(6d153ad0c5afdad4dbcc607e440f658e) Importer(815301076,1909f56bfc062723c751e8b465ee728b)
Number of updated assets reloaded before import = 0
Start importing Assets/Assets/Tilesetv3_282.asset using Guid(6d153ad0c5afdad4dbcc607e440f658e) Importer(815301076,1909f56bfc062723c751e8b465ee728b)  -> (artifact id: '63242e1d9e4ec1e73aaf13b696a63872') in 0.012116 seconds 
Number of asset objects unloaded after import = 3
========================================================================
Received Import Request.
  Time since last request: 0.000015 seconds.
  path: Assets/Assets/Tilesetv3_222.asset
  artifactKey: Guid(2a98c303efc6f3f4286a8ecc791b1994) Importer(815301076,1909f56bfc062723c751e8b465ee728b)
Number of updated assets reloaded before import = 0
Start importing Assets/Assets/Tilesetv3_222.asset using Guid(2a98c303efc6f3f4286a8ecc791b1994) Importer(815301076,1909f56bfc062723c751e8b465ee728b)  -> (artifact id: 'a4d42239d28a89ede90e63d45ea581c2') in 0.011278 seconds 
Number of asset objects unloaded after import = 3
========================================================================
Received Import Request.
  Time since last request: 0.000015 seconds.
  path: Assets/Assets/Tilesetv3_168.asset
  artifactKey: Guid(4972b51a4b69c55448ccb4a0bda6c4c6) Importer(815301076,1909f56bfc062723c751e8b465ee728b)
Number of updated assets reloaded before import = 0
Start importing Assets/Assets/Tilesetv3_168.asset using Guid(4972b51a4b69c55448ccb4a0bda6c4c6) Importer(815301076,1909f56bfc062723c751e8b465ee728b)  -> (artifact id: 'ec0f6bf4f7a7839cce8d869c5d6c7586') in 0.012882 seconds 
Number of asset objects unloaded after import = 3
========================================================================
Received Import Request.
  Time since last request: 0.000014 seconds.
  path: Assets/Assets/Tilesetv3_297.asset
  artifactKey: Guid(8345892bf8cc55f4c88e957d8315dd41) Importer(815301076,1909f56bfc062723c751e8b465ee728b)
Number of updated assets reloaded before import = 0
Start importing Assets/Assets/Tilesetv3_297.asset using Guid(8345892bf8cc55f4c88e957d8315dd41) Importer(815301076,1909f56bfc062723c751e8b465ee728b)  -> (artifact id: 'd0e3acaac1b338726226703bfd5e9a6a') in 0.012846 seconds 
Number of asset objects unloaded after import = 3
========================================================================
Received Import Request.
  Time since last request: 0.000017 seconds.
  path: Assets/Assets/Tilesetv3_153.asset
  artifactKey: Guid(02610e54553ce0b44896e81f3462973e) Importer(815301076,1909f56bfc062723c751e8b465ee728b)
Number of updated assets reloaded before import = 0
Start importing Assets/Assets/Tilesetv3_153.asset using Guid(02610e54553ce0b44896e81f3462973e) Importer(815301076,1909f56bfc062723c751e8b465ee728b)  -> (artifact id: '4ef311f1c700549d2431a3d3e4ea331a') in 0.011912 seconds 
Number of asset objects unloaded after import = 3
========================================================================
Received Import Request.
  Time since last request: 0.000025 seconds.
  path: Assets/Assets/Tilesetv3_209.asset
  artifactKey: Guid(99b80ddd9fc9ee449997479c58f224bd) Importer(815301076,1909f56bfc062723c751e8b465ee728b)
Number of updated assets reloaded before import = 0
Start importing Assets/Assets/Tilesetv3_209.asset using Guid(99b80ddd9fc9ee449997479c58f224bd) Importer(815301076,1909f56bfc062723c751e8b465ee728b)  -> (artifact id: '634e991d43707b468658997c8c5fdc3d') in 0.012165 seconds 
Number of asset objects unloaded after import = 3
========================================================================
Received Import Request.
  Time since last request: 0.000019 seconds.
  path: Assets/Assets/Tilesetv3_165.asset
  artifactKey: Guid(294daad9e769b0b42a43daa571ce13ce) Importer(815301076,1909f56bfc062723c751e8b465ee728b)
Number of updated assets reloaded before import = 0
Start importing Assets/Assets/Tilesetv3_165.asset using Guid(294daad9e769b0b42a43daa571ce13ce) Importer(815301076,1909f56bfc062723c751e8b465ee728b)  -> (artifact id: 'b401135415909da9820e0042193cadfd') in 0.011985 seconds 
Number of asset objects unloaded after import = 3
========================================================================
Received Import Request.
  Time since last request: 0.000020 seconds.
  path: Assets/Assets/Tilesetv3_156.asset
  artifactKey: Guid(e7a760e4818c3304a84e6522f9745980) Importer(815301076,1909f56bfc062723c751e8b465ee728b)
Number of updated assets reloaded before import = 0
Start importing Assets/Assets/Tilesetv3_156.asset using Guid(e7a760e4818c3304a84e6522f9745980) Importer(815301076,1909f56bfc062723c751e8b465ee728b)  -> (artifact id: '788b22171554393555f4b2c953ac8450') in 0.011420 seconds 
Number of asset objects unloaded after import = 3
========================================================================
Received Import Request.
  Time since last request: 0.000016 seconds.
  path: Assets/Assets/Tilesetv3_304.asset
  artifactKey: Guid(68c496c07af737f418da149f99814e00) Importer(815301076,1909f56bfc062723c751e8b465ee728b)
Number of updated assets reloaded before import = 0
Start importing Assets/Assets/Tilesetv3_304.asset using Guid(68c496c07af737f418da149f99814e00) Importer(815301076,1909f56bfc062723c751e8b465ee728b)  -> (artifact id: '5a5576218389134cf3b3d2831bc00c02') in 0.013237 seconds 
Number of asset objects unloaded after import = 3
========================================================================
Received Import Request.
  Time since last request: 0.000013 seconds.
  path: Assets/Assets/Tilesetv3_314.asset
  artifactKey: Guid(c123f4bc4e5b66543bd936f5f294b1b5) Importer(815301076,1909f56bfc062723c751e8b465ee728b)
Number of updated assets reloaded before import = 0
Start importing Assets/Assets/Tilesetv3_314.asset using Guid(c123f4bc4e5b66543bd936f5f294b1b5) Importer(815301076,1909f56bfc062723c751e8b465ee728b)  -> (artifact id: '5081cde24b5e25c9a0fefb69a8c0b948') in 0.011821 seconds 
Number of asset objects unloaded after import = 3
========================================================================
Received Import Request.
  Time since last request: 0.000015 seconds.
  path: Assets/Assets/Tilesetv3_310.asset
  artifactKey: Guid(55628854d023bdc41a6909560373caf0) Importer(815301076,1909f56bfc062723c751e8b465ee728b)
Number of updated assets reloaded before import = 0
Start importing Assets/Assets/Tilesetv3_310.asset using Guid(55628854d023bdc41a6909560373caf0) Importer(815301076,1909f56bfc062723c751e8b465ee728b)  -> (artifact id: 'acd760cd317163d23bae1f056e278ae3') in 0.012477 seconds 
Number of asset objects unloaded after import = 3
========================================================================
Received Import Request.
  Time since last request: 0.000034 seconds.
  path: Assets/Assets/Tilesetv3_343.asset
  artifactKey: Guid(960341e3190e0d04692a5daeba2b600c) Importer(815301076,1909f56bfc062723c751e8b465ee728b)
Number of updated assets reloaded before import = 0
Start importing Assets/Assets/Tilesetv3_343.asset using Guid(960341e3190e0d04692a5daeba2b600c) Importer(815301076,1909f56bfc062723c751e8b465ee728b)  -> (artifact id: 'cf45638849ed0841bf48767f4f03d45a') in 0.012292 seconds 
Number of asset objects unloaded after import = 3
========================================================================
Received Import Request.
  Time since last request: 0.000017 seconds.
  path: Assets/Assets/Tilesetv3_379.asset
  artifactKey: Guid(3d6403b816c2a1443838f833ce019847) Importer(815301076,1909f56bfc062723c751e8b465ee728b)
Number of updated assets reloaded before import = 0
Start importing Assets/Assets/Tilesetv3_379.asset using Guid(3d6403b816c2a1443838f833ce019847) Importer(815301076,1909f56bfc062723c751e8b465ee728b)  -> (artifact id: 'f3f186971bccc53e2881dfbab0a35da8') in 0.012852 seconds 
Number of asset objects unloaded after import = 3
========================================================================
Received Import Request.
  Time since last request: 0.000014 seconds.
  path: Assets/Assets/Tilesetv3_445.asset
  artifactKey: Guid(9062ea0a471168340a73909f671820c7) Importer(815301076,1909f56bfc062723c751e8b465ee728b)
Number of updated assets reloaded before import = 0
Start importing Assets/Assets/Tilesetv3_445.asset using Guid(9062ea0a471168340a73909f671820c7) Importer(815301076,1909f56bfc062723c751e8b465ee728b)  -> (artifact id: 'e3e727539abf7ca06458ebffcc8e070e') in 0.012522 seconds 
Number of asset objects unloaded after import = 3
========================================================================
Received Import Request.
  Time since last request: 0.000016 seconds.
  path: Assets/Assets/Tilesetv3_454.asset
  artifactKey: Guid(3af3146400b6a994098f19dd4c9a2106) Importer(815301076,1909f56bfc062723c751e8b465ee728b)
Number of updated assets reloaded before import = 0
Start importing Assets/Assets/Tilesetv3_454.asset using Guid(3af3146400b6a994098f19dd4c9a2106) Importer(815301076,1909f56bfc062723c751e8b465ee728b)  -> (artifact id: 'c7793abedbd82924f894583d53397f40') in 0.012434 seconds 
Number of asset objects unloaded after import = 3
========================================================================
Received Import Request.
  Time since last request: 0.000016 seconds.
  path: Assets/Assets/Tilesetv3_495.asset
  artifactKey: Guid(45ba08e38eceafd44a999ccd94ac53d9) Importer(815301076,1909f56bfc062723c751e8b465ee728b)
Number of updated assets reloaded before import = 0
Start importing Assets/Assets/Tilesetv3_495.asset using Guid(45ba08e38eceafd44a999ccd94ac53d9) Importer(815301076,1909f56bfc062723c751e8b465ee728b)  -> (artifact id: '1e5097713cf7746de9608346dd11f5c6') in 0.012299 seconds 
Number of asset objects unloaded after import = 3
========================================================================
Received Import Request.
  Time since last request: 0.000015 seconds.
  path: Assets/Assets/Tilesetv3_300.asset
  artifactKey: Guid(1965b837dd9b48547bb15ade2fb6445b) Importer(815301076,1909f56bfc062723c751e8b465ee728b)
Number of updated assets reloaded before import = 0
Start importing Assets/Assets/Tilesetv3_300.asset using Guid(1965b837dd9b48547bb15ade2fb6445b) Importer(815301076,1909f56bfc062723c751e8b465ee728b)  -> (artifact id: 'c8df1db667f0c69d7adfd153dc8b161f') in 0.012240 seconds 
Number of asset objects unloaded after import = 3
========================================================================
Received Import Request.
  Time since last request: 0.000022 seconds.
  path: Assets/Assets/Tilesetv3_342.asset
  artifactKey: Guid(1e1917b96d3400049b02f71dd4beeb0f) Importer(815301076,1909f56bfc062723c751e8b465ee728b)
Number of updated assets reloaded before import = 0
Start importing Assets/Assets/Tilesetv3_342.asset using Guid(1e1917b96d3400049b02f71dd4beeb0f) Importer(815301076,1909f56bfc062723c751e8b465ee728b)  -> (artifact id: '6854bf749c2d1bfcab049e2f051790ed') in 0.010894 seconds 
Number of asset objects unloaded after import = 3
========================================================================
Received Import Request.
  Time since last request: 0.000018 seconds.
  path: Assets/Assets/Tilesetv3_503.asset
  artifactKey: Guid(8f21b741080035a4e9a4371b450156f4) Importer(815301076,1909f56bfc062723c751e8b465ee728b)
Number of updated assets reloaded before import = 0
Start importing Assets/Assets/Tilesetv3_503.asset using Guid(8f21b741080035a4e9a4371b450156f4) Importer(815301076,1909f56bfc062723c751e8b465ee728b)  -> (artifact id: 'f71a2ae6304bf77a8050eade4ee795d7') in 0.012452 seconds 
Number of asset objects unloaded after import = 3
========================================================================
Received Import Request.
  Time since last request: 0.000015 seconds.
  path: Assets/Assets/Tilesetv3_368.asset
  artifactKey: Guid(5627668cca8777547bf1d421cdc361a7) Importer(815301076,1909f56bfc062723c751e8b465ee728b)
Number of updated assets reloaded before import = 0
Start importing Assets/Assets/Tilesetv3_368.asset using Guid(5627668cca8777547bf1d421cdc361a7) Importer(815301076,1909f56bfc062723c751e8b465ee728b)  -> (artifact id: 'f484753a2d7073a462f1e13a4f521efe') in 0.012067 seconds 
Number of asset objects unloaded after import = 3
========================================================================
Received Import Request.
  Time since last request: 0.000014 seconds.
  path: Assets/Assets/Tilesetv3_425.asset
  artifactKey: Guid(4e415c75c038f6c4f9a67c5a450d5c9e) Importer(815301076,1909f56bfc062723c751e8b465ee728b)
Number of updated assets reloaded before import = 0
Start importing Assets/Assets/Tilesetv3_425.asset using Guid(4e415c75c038f6c4f9a67c5a450d5c9e) Importer(815301076,1909f56bfc062723c751e8b465ee728b)  -> (artifact id: '07ccf5fe792d00b9a3e1009f62c6ea92') in 0.012844 seconds 
Number of asset objects unloaded after import = 3
========================================================================
Received Import Request.
  Time since last request: 0.000015 seconds.
  path: Assets/Assets/Tilesetv3_479.asset
  artifactKey: Guid(8ba2a7d2c96e7934ab99830585c12707) Importer(815301076,1909f56bfc062723c751e8b465ee728b)
Number of updated assets reloaded before import = 0
Start importing Assets/Assets/Tilesetv3_479.asset using Guid(8ba2a7d2c96e7934ab99830585c12707) Importer(815301076,1909f56bfc062723c751e8b465ee728b)  -> (artifact id: 'adf74feebc620260f5b52fdb5e8a9115') in 0.012584 seconds 
Number of asset objects unloaded after import = 3
========================================================================
Received Import Request.
  Time since last request: 0.000020 seconds.
  path: Assets/Assets/Tilesetv3_413.asset
  artifactKey: Guid(a52a98d549ffe5e44804a963c4f4829d) Importer(815301076,1909f56bfc062723c751e8b465ee728b)
Number of updated assets reloaded before import = 0
Start importing Assets/Assets/Tilesetv3_413.asset using Guid(a52a98d549ffe5e44804a963c4f4829d) Importer(815301076,1909f56bfc062723c751e8b465ee728b)  -> (artifact id: '4a69b7c999e145a5f2b4a022470a2fd2') in 0.024644 seconds 
Number of asset objects unloaded after import = 3
========================================================================
Received Import Request.
  Time since last request: 0.000020 seconds.
  path: Assets/Assets/Tilesetv3_319.asset
  artifactKey: Guid(230a4b7dc30b33e42b2c933f9d6e1ce9) Importer(815301076,1909f56bfc062723c751e8b465ee728b)
Number of updated assets reloaded before import = 0
Start importing Assets/Assets/Tilesetv3_319.asset using Guid(230a4b7dc30b33e42b2c933f9d6e1ce9) Importer(815301076,1909f56bfc062723c751e8b465ee728b)  -> (artifact id: 'bd6f896816b94ef3e7db373010234e21') in 0.013476 seconds 
Number of asset objects unloaded after import = 3
========================================================================
Received Import Request.
  Time since last request: 0.000014 seconds.
  path: Assets/Assets/Tilesetv3_514.asset
  artifactKey: Guid(e440286509678e748ae401bbe22c27bf) Importer(815301076,1909f56bfc062723c751e8b465ee728b)
Number of updated assets reloaded before import = 0
Start importing Assets/Assets/Tilesetv3_514.asset using Guid(e440286509678e748ae401bbe22c27bf) Importer(815301076,1909f56bfc062723c751e8b465ee728b)  -> (artifact id: 'a7773e38cfc8ba30d960c5efa2ee3a86') in 0.012669 seconds 
Number of asset objects unloaded after import = 3
========================================================================
Received Import Request.
  Time since last request: 0.000015 seconds.
  path: Assets/Assets/Tilesetv3_376.asset
  artifactKey: Guid(9703ffe741cc61a42b28b216a48c7a97) Importer(815301076,1909f56bfc062723c751e8b465ee728b)
Number of updated assets reloaded before import = 0
Start importing Assets/Assets/Tilesetv3_376.asset using Guid(9703ffe741cc61a42b28b216a48c7a97) Importer(815301076,1909f56bfc062723c751e8b465ee728b)  -> (artifact id: 'a84ceb3247569eff6b41667a09e38a32') in 0.012108 seconds 
Number of asset objects unloaded after import = 3
========================================================================
Received Import Request.
  Time since last request: 0.000024 seconds.
  path: Assets/Assets/Tilesetv3_431.asset
  artifactKey: Guid(d27248f1f98a0ba41a3e6ebf3daf74ce) Importer(815301076,1909f56bfc062723c751e8b465ee728b)
Number of updated assets reloaded before import = 0
Start importing Assets/Assets/Tilesetv3_431.asset using Guid(d27248f1f98a0ba41a3e6ebf3daf74ce) Importer(815301076,1909f56bfc062723c751e8b465ee728b)  -> (artifact id: 'd7c3d79247a4db32159eb45710470ba9') in 0.012139 seconds 
Number of asset objects unloaded after import = 3
========================================================================
Received Import Request.
  Time since last request: 0.000025 seconds.
  path: Assets/Assets/Tilesetv3_432.asset
  artifactKey: Guid(b364f3e45114b5b41ba6e27e4716ad52) Importer(815301076,1909f56bfc062723c751e8b465ee728b)
Number of updated assets reloaded before import = 0
Start importing Assets/Assets/Tilesetv3_432.asset using Guid(b364f3e45114b5b41ba6e27e4716ad52) Importer(815301076,1909f56bfc062723c751e8b465ee728b)  -> (artifact id: 'c1d22ac4d66790474258294733f359d5') in 0.012545 seconds 
Number of asset objects unloaded after import = 3
========================================================================
Received Import Request.
  Time since last request: 0.000017 seconds.
  path: Assets/Assets/Tilesetv3_337.asset
  artifactKey: Guid(01dbc097dff11f24eb0dcf55b31bd163) Importer(815301076,1909f56bfc062723c751e8b465ee728b)
Number of updated assets reloaded before import = 0
Start importing Assets/Assets/Tilesetv3_337.asset using Guid(01dbc097dff11f24eb0dcf55b31bd163) Importer(815301076,1909f56bfc062723c751e8b465ee728b)  -> (artifact id: 'f7bd6c440e457fb5ff07b7dad800b2c8') in 0.011836 seconds 
Number of asset objects unloaded after import = 3
========================================================================
Received Import Request.
  Time since last request: 0.000016 seconds.
  path: Assets/Assets/Tilesetv3_385.asset
  artifactKey: Guid(6af1cfd19a8932249a454611867fcd7b) Importer(815301076,1909f56bfc062723c751e8b465ee728b)
Number of updated assets reloaded before import = 0
Start importing Assets/Assets/Tilesetv3_385.asset using Guid(6af1cfd19a8932249a454611867fcd7b) Importer(815301076,1909f56bfc062723c751e8b465ee728b)  -> (artifact id: '65a4274f9726c03ec89fd4a98c2eff8f') in 0.010401 seconds 
Number of asset objects unloaded after import = 3
========================================================================
Received Import Request.
  Time since last request: 0.000016 seconds.
  path: Assets/Assets/Tilesetv3_523.asset
  artifactKey: Guid(ef9858f88b9dd1d4184c9dffc22e7eba) Importer(815301076,1909f56bfc062723c751e8b465ee728b)
Number of updated assets reloaded before import = 0
Start importing Assets/Assets/Tilesetv3_523.asset using Guid(ef9858f88b9dd1d4184c9dffc22e7eba) Importer(815301076,1909f56bfc062723c751e8b465ee728b)  -> (artifact id: '9c0e30e802d2777cfbb61420ddc99dd0') in 0.013373 seconds 
Number of asset objects unloaded after import = 3
========================================================================
Received Import Request.
  Time since last request: 0.000012 seconds.
  path: Assets/Assets/Tilesetv3_538.asset
  artifactKey: Guid(2c8e15d3461560b44945bbd00c133c15) Importer(815301076,1909f56bfc062723c751e8b465ee728b)
Number of updated assets reloaded before import = 0
Start importing Assets/Assets/Tilesetv3_538.asset using Guid(2c8e15d3461560b44945bbd00c133c15) Importer(815301076,1909f56bfc062723c751e8b465ee728b)  -> (artifact id: 'b4e0618005332bd6e459309ba2bf61f5') in 0.011184 seconds 
Number of asset objects unloaded after import = 3
========================================================================
Received Import Request.
  Time since last request: 0.000019 seconds.
  path: Assets/Assets/Tilesetv3_536.asset
  artifactKey: Guid(5d3206a5c77fc4b47bfb1345b72a4f80) Importer(815301076,1909f56bfc062723c751e8b465ee728b)
Number of updated assets reloaded before import = 0
Start importing Assets/Assets/Tilesetv3_536.asset using Guid(5d3206a5c77fc4b47bfb1345b72a4f80) Importer(815301076,1909f56bfc062723c751e8b465ee728b)  -> (artifact id: '8736b005ee3e26a9fcca0d198b9ff352') in 0.010882 seconds 
Number of asset objects unloaded after import = 3
========================================================================
Received Import Request.
  Time since last request: 0.000022 seconds.
  path: Assets/Assets/Tilesetv3_307.asset
  artifactKey: Guid(831ac8ae07d5fdf46b185518cf4e31cf) Importer(815301076,1909f56bfc062723c751e8b465ee728b)
Number of updated assets reloaded before import = 0
Start importing Assets/Assets/Tilesetv3_307.asset using Guid(831ac8ae07d5fdf46b185518cf4e31cf) Importer(815301076,1909f56bfc062723c751e8b465ee728b)  -> (artifact id: 'daf9030d63900b614e526c4583dc9463') in 0.013105 seconds 
Number of asset objects unloaded after import = 3
========================================================================
Received Import Request.
  Time since last request: 0.000014 seconds.
  path: Assets/Assets/Tilesetv3_511.asset
  artifactKey: Guid(8124cf2686924744f9d5555fa891e6c5) Importer(815301076,1909f56bfc062723c751e8b465ee728b)
Number of updated assets reloaded before import = 0
Start importing Assets/Assets/Tilesetv3_511.asset using Guid(8124cf2686924744f9d5555fa891e6c5) Importer(815301076,1909f56bfc062723c751e8b465ee728b)  -> (artifact id: '0e360961616f8474e41a65c00296663a') in 0.012395 seconds 
Number of asset objects unloaded after import = 3
========================================================================
Received Import Request.
  Time since last request: 0.000017 seconds.
  path: Assets/Assets/Tilesetv3_555.asset
  artifactKey: Guid(dcfc04d19f36a6948aaee81aba2544dd) Importer(815301076,1909f56bfc062723c751e8b465ee728b)
Number of updated assets reloaded before import = 0
Start importing Assets/Assets/Tilesetv3_555.asset using Guid(dcfc04d19f36a6948aaee81aba2544dd) Importer(815301076,1909f56bfc062723c751e8b465ee728b)  -> (artifact id: '161a1015632b87a1635473722a4c0333') in 0.012379 seconds 
Number of asset objects unloaded after import = 3
========================================================================
Received Import Request.
  Time since last request: 0.000022 seconds.
  path: Assets/Assets/Tilesetv3_569.asset
  artifactKey: Guid(e296d0006f8e7a44194ed86e01bc1feb) Importer(815301076,1909f56bfc062723c751e8b465ee728b)
Number of updated assets reloaded before import = 0
Start importing Assets/Assets/Tilesetv3_569.asset using Guid(e296d0006f8e7a44194ed86e01bc1feb) Importer(815301076,1909f56bfc062723c751e8b465ee728b)  -> (artifact id: 'd71edc20770354b9da3f159f8753c0b9') in 0.012414 seconds 
Number of asset objects unloaded after import = 3
========================================================================
Received Import Request.
  Time since last request: 0.000014 seconds.
  path: Assets/Assets/Tilesetv3_582.asset
  artifactKey: Guid(8b985d503e2e03c49a61bb150df08ae4) Importer(815301076,1909f56bfc062723c751e8b465ee728b)
Number of updated assets reloaded before import = 0
Start importing Assets/Assets/Tilesetv3_582.asset using Guid(8b985d503e2e03c49a61bb150df08ae4) Importer(815301076,1909f56bfc062723c751e8b465ee728b)  -> (artifact id: '9f1855179e5afe64b712bf759aeff8f7') in 0.011543 seconds 
Number of asset objects unloaded after import = 3
========================================================================
Received Import Request.
  Time since last request: 0.000014 seconds.
  path: Assets/Assets/Tilesetv3_593.asset
  artifactKey: Guid(67081290ee4170a47a9b0e761ec06bdc) Importer(815301076,1909f56bfc062723c751e8b465ee728b)
Number of updated assets reloaded before import = 0
Start importing Assets/Assets/Tilesetv3_593.asset using Guid(67081290ee4170a47a9b0e761ec06bdc) Importer(815301076,1909f56bfc062723c751e8b465ee728b)  -> (artifact id: 'cd3be1d48ef027cb4c63572a2288d653') in 0.011921 seconds 
Number of asset objects unloaded after import = 3
========================================================================
Received Import Request.
  Time since last request: 0.000016 seconds.
  path: Assets/Assets/Tilesetv3_596.asset
  artifactKey: Guid(5305aa5e7d5eac24a91a77a6c948d273) Importer(815301076,1909f56bfc062723c751e8b465ee728b)
Number of updated assets reloaded before import = 0
Start importing Assets/Assets/Tilesetv3_596.asset using Guid(5305aa5e7d5eac24a91a77a6c948d273) Importer(815301076,1909f56bfc062723c751e8b465ee728b)  -> (artifact id: '33b9d1d90a034eb9f32dee3a80d259fa') in 0.013318 seconds 
Number of asset objects unloaded after import = 3
========================================================================
Received Import Request.
  Time since last request: 0.000020 seconds.
  path: Assets/Assets/Tilesetv3_601.asset
  artifactKey: Guid(00340acbb7cb1824b8eca464ae057f7b) Importer(815301076,1909f56bfc062723c751e8b465ee728b)
Number of updated assets reloaded before import = 0
Start importing Assets/Assets/Tilesetv3_601.asset using Guid(00340acbb7cb1824b8eca464ae057f7b) Importer(815301076,1909f56bfc062723c751e8b465ee728b)  -> (artifact id: '30f3c339956e3606ca019722131f3fd0') in 0.013284 seconds 
Number of asset objects unloaded after import = 3
========================================================================
Received Import Request.
  Time since last request: 0.000020 seconds.
  path: Assets/Assets/Tilesetv3_626.asset
  artifactKey: Guid(6a7b2dfb33d846a459653ecc38095b85) Importer(815301076,1909f56bfc062723c751e8b465ee728b)
Number of updated assets reloaded before import = 0
Start importing Assets/Assets/Tilesetv3_626.asset using Guid(6a7b2dfb33d846a459653ecc38095b85) Importer(815301076,1909f56bfc062723c751e8b465ee728b)  -> (artifact id: '74e7b8472c5289b587dd234befbe67cc') in 0.013242 seconds 
Number of asset objects unloaded after import = 3
========================================================================
Received Import Request.
  Time since last request: 0.000024 seconds.
  path: Assets/Assets/Tilesetv3_614.asset
  artifactKey: Guid(db81b0cca480a76419283ef7892b15bf) Importer(815301076,1909f56bfc062723c751e8b465ee728b)
Number of updated assets reloaded before import = 0
Start importing Assets/Assets/Tilesetv3_614.asset using Guid(db81b0cca480a76419283ef7892b15bf) Importer(815301076,1909f56bfc062723c751e8b465ee728b)  -> (artifact id: 'c7fccd54ab7636a02ea47c054f55e232') in 0.011734 seconds 
Number of asset objects unloaded after import = 3
========================================================================
Received Import Request.
  Time since last request: 0.000016 seconds.
  path: Assets/Assets/Tilesetv3_549.asset
  artifactKey: Guid(da9c1d1e56f660f4a891927c2985fc46) Importer(815301076,1909f56bfc062723c751e8b465ee728b)
Number of updated assets reloaded before import = 0
Start importing Assets/Assets/Tilesetv3_549.asset using Guid(da9c1d1e56f660f4a891927c2985fc46) Importer(815301076,1909f56bfc062723c751e8b465ee728b)  -> (artifact id: '24c1190cfbbf7fa8d8dcdc51c8f9d035') in 0.012279 seconds 
Number of asset objects unloaded after import = 3
========================================================================
Received Import Request.
  Time since last request: 0.000015 seconds.
  path: Assets/Assets/Tilesetv3_567.asset
  artifactKey: Guid(8469d4c8a2dd0414ebfba2a9a33aa0cb) Importer(815301076,1909f56bfc062723c751e8b465ee728b)
Number of updated assets reloaded before import = 0
Start importing Assets/Assets/Tilesetv3_567.asset using Guid(8469d4c8a2dd0414ebfba2a9a33aa0cb) Importer(815301076,1909f56bfc062723c751e8b465ee728b)  -> (artifact id: 'e5055e7beb806c65abbd93523916a1b9') in 0.011541 seconds 
Number of asset objects unloaded after import = 3
========================================================================
Received Import Request.
  Time since last request: 0.000013 seconds.
  path: Assets/Assets/Tilesetv3_556.asset
  artifactKey: Guid(06b9193407f367b428b5812f723fbcbf) Importer(815301076,1909f56bfc062723c751e8b465ee728b)
Number of updated assets reloaded before import = 0
Start importing Assets/Assets/Tilesetv3_556.asset using Guid(06b9193407f367b428b5812f723fbcbf) Importer(815301076,1909f56bfc062723c751e8b465ee728b)  -> (artifact id: '48f9688508e340f0fa2c66bdee600623') in 0.011852 seconds 
Number of asset objects unloaded after import = 3
========================================================================
Received Import Request.
  Time since last request: 0.000015 seconds.
  path: Assets/Assets/Tilesetv3_574.asset
  artifactKey: Guid(0b01dc39291393c4ba2d89950cd008db) Importer(815301076,1909f56bfc062723c751e8b465ee728b)
Number of updated assets reloaded before import = 0
Start importing Assets/Assets/Tilesetv3_574.asset using Guid(0b01dc39291393c4ba2d89950cd008db) Importer(815301076,1909f56bfc062723c751e8b465ee728b)  -> (artifact id: '7a7a19b16cf591773802648dbeed3534') in 0.012228 seconds 
Number of asset objects unloaded after import = 3
========================================================================
Received Import Request.
  Time since last request: 0.000014 seconds.
  path: Assets/Assets/Tilesetv3_557.asset
  artifactKey: Guid(f354f29e5ca07894fa37bc8e1ea0a5ca) Importer(815301076,1909f56bfc062723c751e8b465ee728b)
Number of updated assets reloaded before import = 0
Start importing Assets/Assets/Tilesetv3_557.asset using Guid(f354f29e5ca07894fa37bc8e1ea0a5ca) Importer(815301076,1909f56bfc062723c751e8b465ee728b)  -> (artifact id: '09d7de67212b32acd2dc70fbcce61428') in 0.011168 seconds 
Number of asset objects unloaded after import = 3
========================================================================
Received Import Request.
  Time since last request: 0.000018 seconds.
  path: Assets/Assets/Tilesetv3_546.asset
  artifactKey: Guid(a02f4cdf212c1334685db1b2c33ba100) Importer(815301076,1909f56bfc062723c751e8b465ee728b)
Number of updated assets reloaded before import = 0
Start importing Assets/Assets/Tilesetv3_546.asset using Guid(a02f4cdf212c1334685db1b2c33ba100) Importer(815301076,1909f56bfc062723c751e8b465ee728b)  -> (artifact id: '61ac47fe5df6c5d70e52a6813f37d263') in 0.012509 seconds 
Number of asset objects unloaded after import = 3
========================================================================
Received Import Request.
  Time since last request: 0.000016 seconds.
  path: Assets/Assets/Tilesetv3_309.asset
  artifactKey: Guid(40ae6afc4ffae924da089fa7580e2329) Importer(815301076,1909f56bfc062723c751e8b465ee728b)
Number of updated assets reloaded before import = 0
Start importing Assets/Assets/Tilesetv3_309.asset using Guid(40ae6afc4ffae924da089fa7580e2329) Importer(815301076,1909f56bfc062723c751e8b465ee728b)  -> (artifact id: '3be1adefd67824bef41e2c5005c55f13') in 0.011785 seconds 
Number of asset objects unloaded after import = 3
========================================================================
Received Import Request.
  Time since last request: 0.000015 seconds.
  path: Assets/Assets/Tilesetv3_519.asset
  artifactKey: Guid(97e9ed61f5cea524490455a01003675d) Importer(815301076,1909f56bfc062723c751e8b465ee728b)
Number of updated assets reloaded before import = 0
Start importing Assets/Assets/Tilesetv3_519.asset using Guid(97e9ed61f5cea524490455a01003675d) Importer(815301076,1909f56bfc062723c751e8b465ee728b)  -> (artifact id: '9addd69ab7979a2e61118f6a562b3d46') in 0.011432 seconds 
Number of asset objects unloaded after import = 3
========================================================================
Received Import Request.
  Time since last request: 0.000015 seconds.
  path: Assets/Assets/Tilesetv3_461.asset
  artifactKey: Guid(53b11190ed63b124aa3a1ce730849f2a) Importer(815301076,1909f56bfc062723c751e8b465ee728b)
Number of updated assets reloaded before import = 0
Start importing Assets/Assets/Tilesetv3_461.asset using Guid(53b11190ed63b124aa3a1ce730849f2a) Importer(815301076,1909f56bfc062723c751e8b465ee728b)  -> (artifact id: '50cf06c64a83cfd75179b47108f4e3ab') in 0.012973 seconds 
Number of asset objects unloaded after import = 3
========================================================================
Received Import Request.
  Time since last request: 0.000018 seconds.
  path: Assets/Assets/Tilesetv3_635.asset
  artifactKey: Guid(0c4743232e0617641a9a61f733cef0e7) Importer(815301076,1909f56bfc062723c751e8b465ee728b)
Number of updated assets reloaded before import = 0
Start importing Assets/Assets/Tilesetv3_635.asset using Guid(0c4743232e0617641a9a61f733cef0e7) Importer(815301076,1909f56bfc062723c751e8b465ee728b)  -> (artifact id: 'd5112ee686440064d6c108f90d7e36c0') in 0.011852 seconds 
Number of asset objects unloaded after import = 3
========================================================================
Received Import Request.
  Time since last request: 0.000014 seconds.
  path: Assets/Assets/Tilesetv3_649.asset
  artifactKey: Guid(55820cda495c98b4caca1075b164ce0d) Importer(815301076,1909f56bfc062723c751e8b465ee728b)
Number of updated assets reloaded before import = 0
Start importing Assets/Assets/Tilesetv3_649.asset using Guid(55820cda495c98b4caca1075b164ce0d) Importer(815301076,1909f56bfc062723c751e8b465ee728b)  -> (artifact id: '916fe4e64222973a411ffa35d91eda89') in 0.011983 seconds 
Number of asset objects unloaded after import = 3
========================================================================
Received Import Request.
  Time since last request: 0.000020 seconds.
  path: Assets/Assets/Tilesetv3_630.asset
  artifactKey: Guid(6b39880623d74db43b35e81579d7e9b8) Importer(815301076,1909f56bfc062723c751e8b465ee728b)
Number of updated assets reloaded before import = 0
Start importing Assets/Assets/Tilesetv3_630.asset using Guid(6b39880623d74db43b35e81579d7e9b8) Importer(815301076,1909f56bfc062723c751e8b465ee728b)  -> (artifact id: 'bdf1cadf17e60515c0caf1360f22ec2f') in 0.012131 seconds 
Number of asset objects unloaded after import = 3
========================================================================
Received Import Request.
  Time since last request: 0.000017 seconds.
  path: Assets/Assets/Tilesetv3_640.asset
  artifactKey: Guid(f46c8e077d5426c46b3ce732d7988ab4) Importer(815301076,1909f56bfc062723c751e8b465ee728b)
Number of updated assets reloaded before import = 0
Start importing Assets/Assets/Tilesetv3_640.asset using Guid(f46c8e077d5426c46b3ce732d7988ab4) Importer(815301076,1909f56bfc062723c751e8b465ee728b)  -> (artifact id: 'b341093ad5bcfb4bd47ffdb7cac74ae5') in 0.011975 seconds 
Number of asset objects unloaded after import = 3
========================================================================
Received Import Request.
  Time since last request: 0.000019 seconds.
  path: Assets/Assets/Tilesetv3_617.asset
  artifactKey: Guid(5c83e970c49ac20479859bde28b4e604) Importer(815301076,1909f56bfc062723c751e8b465ee728b)
Number of updated assets reloaded before import = 0
Start importing Assets/Assets/Tilesetv3_617.asset using Guid(5c83e970c49ac20479859bde28b4e604) Importer(815301076,1909f56bfc062723c751e8b465ee728b)  -> (artifact id: 'f43a0ca2965afcf0e3ce3cff1fe3d9ce') in 0.012828 seconds 
Number of asset objects unloaded after import = 3
========================================================================
Received Import Request.
  Time since last request: 0.000015 seconds.
  path: Assets/Assets/Tilesetv3_402.asset
  artifactKey: Guid(d6371f3405bf17a48b4e5c6793bf49ad) Importer(815301076,1909f56bfc062723c751e8b465ee728b)
Number of updated assets reloaded before import = 0
Start importing Assets/Assets/Tilesetv3_402.asset using Guid(d6371f3405bf17a48b4e5c6793bf49ad) Importer(815301076,1909f56bfc062723c751e8b465ee728b)  -> (artifact id: '309be79a0a0e46d6e7b9e3fc98fd1158') in 0.011904 seconds 
Number of asset objects unloaded after import = 3
========================================================================
Received Import Request.
  Time since last request: 0.000021 seconds.
  path: Assets/Assets/Tilesetv3_488.asset
  artifactKey: Guid(59d6cad5eae294441abb8b3f5a44a345) Importer(815301076,1909f56bfc062723c751e8b465ee728b)
Number of updated assets reloaded before import = 0
Start importing Assets/Assets/Tilesetv3_488.asset using Guid(59d6cad5eae294441abb8b3f5a44a345) Importer(815301076,1909f56bfc062723c751e8b465ee728b)  -> (artifact id: 'c3276adb386627ba499fbbefb1013db1') in 0.012119 seconds 
Number of asset objects unloaded after import = 3
========================================================================
Received Import Request.
  Time since last request: 0.000015 seconds.
  path: Assets/Assets/Tilesetv3_530.asset
  artifactKey: Guid(13e0477516b300f4fb9c32e100db39d6) Importer(815301076,1909f56bfc062723c751e8b465ee728b)
Number of updated assets reloaded before import = 0
Start importing Assets/Assets/Tilesetv3_530.asset using Guid(13e0477516b300f4fb9c32e100db39d6) Importer(815301076,1909f56bfc062723c751e8b465ee728b)  -> (artifact id: '329204e20ac68fb01b5036bf6d7824f6') in 0.012753 seconds 
Number of asset objects unloaded after import = 3
========================================================================
Received Import Request.
  Time since last request: 0.000022 seconds.
  path: Assets/Assets/Tilesetv3_583.asset
  artifactKey: Guid(63d7bb327ec7fa24696d71795504c8d0) Importer(815301076,1909f56bfc062723c751e8b465ee728b)
Number of updated assets reloaded before import = 0
Start importing Assets/Assets/Tilesetv3_583.asset using Guid(63d7bb327ec7fa24696d71795504c8d0) Importer(815301076,1909f56bfc062723c751e8b465ee728b)  -> (artifact id: '9749f25a1f792926ec1097e413ad4f79') in 0.011446 seconds 
Number of asset objects unloaded after import = 3
========================================================================
Received Import Request.
  Time since last request: 0.000016 seconds.
  path: Assets/Assets/Tilesetv3_424.asset
  artifactKey: Guid(2441a59f0df1dff42b325cc9f9ccf064) Importer(815301076,1909f56bfc062723c751e8b465ee728b)
Number of updated assets reloaded before import = 0
Start importing Assets/Assets/Tilesetv3_424.asset using Guid(2441a59f0df1dff42b325cc9f9ccf064) Importer(815301076,1909f56bfc062723c751e8b465ee728b)  -> (artifact id: '5fd50b6d2adcaa784af87c5edfaed3f2') in 0.012183 seconds 
Number of asset objects unloaded after import = 3
========================================================================
Received Import Request.
  Time since last request: 0.000014 seconds.
  path: Assets/Assets/Tilesetv3_478.asset
  artifactKey: Guid(6161a243a16699b4c9cadff637beafc4) Importer(815301076,1909f56bfc062723c751e8b465ee728b)
Number of updated assets reloaded before import = 0
Start importing Assets/Assets/Tilesetv3_478.asset using Guid(6161a243a16699b4c9cadff637beafc4) Importer(815301076,1909f56bfc062723c751e8b465ee728b)  -> (artifact id: '9886d9890d4894362d287bed64194f21') in 0.011554 seconds 
Number of asset objects unloaded after import = 3
========================================================================
Received Import Request.
  Time since last request: 0.000016 seconds.
  path: Assets/Assets/Tilesetv3_535.asset
  artifactKey: Guid(bf1bdc86ae66d9547baed45e0128c3ec) Importer(815301076,1909f56bfc062723c751e8b465ee728b)
Number of updated assets reloaded before import = 0
Start importing Assets/Assets/Tilesetv3_535.asset using Guid(bf1bdc86ae66d9547baed45e0128c3ec) Importer(815301076,1909f56bfc062723c751e8b465ee728b)  -> (artifact id: '254a07a65ad5b776621b6d8653f08dd0') in 0.011639 seconds 
Number of asset objects unloaded after import = 3
========================================================================
Received Import Request.
  Time since last request: 0.000019 seconds.
  path: Assets/Assets/Tilesetv3_592.asset
  artifactKey: Guid(c40c71d304f424d428fa00bbe3f49430) Importer(815301076,1909f56bfc062723c751e8b465ee728b)
Number of updated assets reloaded before import = 0
Start importing Assets/Assets/Tilesetv3_592.asset using Guid(c40c71d304f424d428fa00bbe3f49430) Importer(815301076,1909f56bfc062723c751e8b465ee728b)  -> (artifact id: '1c7f3872cd4a2d8965ec9e4069936fb6') in 0.012837 seconds 
Number of asset objects unloaded after import = 3
========================================================================
Received Import Request.
  Time since last request: 0.000015 seconds.
  path: Assets/Assets/Tilesetv3_657.asset
  artifactKey: Guid(90c8627922838d544a6a7a3e42b564b2) Importer(815301076,1909f56bfc062723c751e8b465ee728b)
Number of updated assets reloaded before import = 0
Start importing Assets/Assets/Tilesetv3_657.asset using Guid(90c8627922838d544a6a7a3e42b564b2) Importer(815301076,1909f56bfc062723c751e8b465ee728b)  -> (artifact id: '34f7b748727a1de2f46ffe03c8e7ebcd') in 0.012985 seconds 
Number of asset objects unloaded after import = 3
========================================================================
Received Import Request.
  Time since last request: 0.000021 seconds.
  path: Assets/Assets/Tilesetv3_684.asset
  artifactKey: Guid(22373d5a1edf930409c831ea2a8b5224) Importer(815301076,1909f56bfc062723c751e8b465ee728b)
Number of updated assets reloaded before import = 0
Start importing Assets/Assets/Tilesetv3_684.asset using Guid(22373d5a1edf930409c831ea2a8b5224) Importer(815301076,1909f56bfc062723c751e8b465ee728b)  -> (artifact id: '082c38d9719ad650aa6653a4b6e0b12a') in 0.012596 seconds 
Number of asset objects unloaded after import = 3
========================================================================
Received Import Request.
  Time since last request: 0.000013 seconds.
  path: Assets/Assets/Tilesetv3_666.asset
  artifactKey: Guid(9ab21b690ed70af479eacdfb196f025b) Importer(815301076,1909f56bfc062723c751e8b465ee728b)
Number of updated assets reloaded before import = 0
Start importing Assets/Assets/Tilesetv3_666.asset using Guid(9ab21b690ed70af479eacdfb196f025b) Importer(815301076,1909f56bfc062723c751e8b465ee728b)  -> (artifact id: 'eca660c917c04e9becd4f13948aeac95') in 0.011575 seconds 
Number of asset objects unloaded after import = 3
========================================================================
Received Import Request.
  Time since last request: 0.000016 seconds.
  path: Assets/Assets/Tilesetv3_522.asset
  artifactKey: Guid(d0073d5577479ff4bb6b0f0bbf0fce6d) Importer(815301076,1909f56bfc062723c751e8b465ee728b)
Number of updated assets reloaded before import = 0
Start importing Assets/Assets/Tilesetv3_522.asset using Guid(d0073d5577479ff4bb6b0f0bbf0fce6d) Importer(815301076,1909f56bfc062723c751e8b465ee728b)  -> (artifact id: '5100ab7157bf212c4fdad3916e572a2f') in 0.011919 seconds 
Number of asset objects unloaded after import = 3
========================================================================
Received Import Request.
  Time since last request: 0.000013 seconds.
  path: Assets/Assets/Tilesetv3_351.asset
  artifactKey: Guid(ad90df50c5f697942acc52b7f435d743) Importer(815301076,1909f56bfc062723c751e8b465ee728b)
Number of updated assets reloaded before import = 0
Start importing Assets/Assets/Tilesetv3_351.asset using Guid(ad90df50c5f697942acc52b7f435d743) Importer(815301076,1909f56bfc062723c751e8b465ee728b)  -> (artifact id: 'f0d089d85d8c0920c1d01abd51f4bec5') in 0.012447 seconds 
Number of asset objects unloaded after import = 3
========================================================================
Received Import Request.
  Time since last request: 0.000014 seconds.
  path: Assets/Assets/Tilesetv3_266.asset
  artifactKey: Guid(dae0f43e33f40fe4e98e70500e121146) Importer(815301076,1909f56bfc062723c751e8b465ee728b)
Number of updated assets reloaded before import = 0
Start importing Assets/Assets/Tilesetv3_266.asset using Guid(dae0f43e33f40fe4e98e70500e121146) Importer(815301076,1909f56bfc062723c751e8b465ee728b)  -> (artifact id: '14659789d724ab9fa3eadd7362623a20') in 0.012353 seconds 
Number of asset objects unloaded after import = 3
========================================================================
Received Import Request.
  Time since last request: 0.000018 seconds.
  path: Assets/Assets/Tilesetv3_208.asset
  artifactKey: Guid(a59f6b4221d4e5f46b64fc8d67a00aa0) Importer(815301076,1909f56bfc062723c751e8b465ee728b)
Number of updated assets reloaded before import = 0
Start importing Assets/Assets/Tilesetv3_208.asset using Guid(a59f6b4221d4e5f46b64fc8d67a00aa0) Importer(815301076,1909f56bfc062723c751e8b465ee728b)  -> (artifact id: 'a0c786ca17d7175d522ad18ab877fa3b') in 0.012703 seconds 
Number of asset objects unloaded after import = 3
========================================================================
Received Import Request.
  Time since last request: 0.000013 seconds.
  path: Assets/Assets/Tilesetv3_183.asset
  artifactKey: Guid(8c4c03331515e2b42a42b5cde18a42b3) Importer(815301076,1909f56bfc062723c751e8b465ee728b)
Number of updated assets reloaded before import = 0
Start importing Assets/Assets/Tilesetv3_183.asset using Guid(8c4c03331515e2b42a42b5cde18a42b3) Importer(815301076,1909f56bfc062723c751e8b465ee728b)  -> (artifact id: '34bad5ef4e5bf6e9c2a07bac6d565a30') in 0.013273 seconds 
Number of asset objects unloaded after import = 3
========================================================================
Received Import Request.
  Time since last request: 0.000016 seconds.
  path: Assets/Assets/Tilesetv3_571.asset
  artifactKey: Guid(fb328beae193af244a940fb4da7ab9a1) Importer(815301076,1909f56bfc062723c751e8b465ee728b)
Number of updated assets reloaded before import = 0
Start importing Assets/Assets/Tilesetv3_571.asset using Guid(fb328beae193af244a940fb4da7ab9a1) Importer(815301076,1909f56bfc062723c751e8b465ee728b)  -> (artifact id: 'db82706ec1f5606a2e53faac0890e015') in 0.012129 seconds 
Number of asset objects unloaded after import = 3
========================================================================
Received Import Request.
  Time since last request: 0.000014 seconds.
  path: Assets/Assets/Tilesetv3_362.asset
  artifactKey: Guid(4024ce141f9945844b4b282985ef6780) Importer(815301076,1909f56bfc062723c751e8b465ee728b)
Number of updated assets reloaded before import = 0
Start importing Assets/Assets/Tilesetv3_362.asset using Guid(4024ce141f9945844b4b282985ef6780) Importer(815301076,1909f56bfc062723c751e8b465ee728b)  -> (artifact id: '1c598f74158976dfd40898a4c88b38a1') in 0.012524 seconds 
Number of asset objects unloaded after import = 3
========================================================================
Received Import Request.
  Time since last request: 0.000013 seconds.
  path: Assets/Assets/Tilesetv3_440.asset
  artifactKey: Guid(c21dd7fd8711f8f47853a50edf9a92d7) Importer(815301076,1909f56bfc062723c751e8b465ee728b)
Number of updated assets reloaded before import = 0
Start importing Assets/Assets/Tilesetv3_440.asset using Guid(c21dd7fd8711f8f47853a50edf9a92d7) Importer(815301076,1909f56bfc062723c751e8b465ee728b)  -> (artifact id: 'd4a3e92d7c39e4263431b541420e4bc9') in 0.012367 seconds 
Number of asset objects unloaded after import = 3
========================================================================
Received Import Request.
  Time since last request: 0.000018 seconds.
  path: Assets/Assets/Tilesetv3_521.asset
  artifactKey: Guid(3831db0dfc6d2a54b882fae34dade532) Importer(815301076,1909f56bfc062723c751e8b465ee728b)
Number of updated assets reloaded before import = 0
Start importing Assets/Assets/Tilesetv3_521.asset using Guid(3831db0dfc6d2a54b882fae34dade532) Importer(815301076,1909f56bfc062723c751e8b465ee728b)  -> (artifact id: 'a9843b55e9457bd188d1c3db0354701f') in 0.011278 seconds 
Number of asset objects unloaded after import = 3
========================================================================
Received Import Request.
  Time since last request: 0.000025 seconds.
  path: Assets/Assets/Tilesetv3_420.asset
  artifactKey: Guid(854d4ee42a8f85b48a6076f1f1197485) Importer(815301076,1909f56bfc062723c751e8b465ee728b)
Number of updated assets reloaded before import = 0
Start importing Assets/Assets/Tilesetv3_420.asset using Guid(854d4ee42a8f85b48a6076f1f1197485) Importer(815301076,1909f56bfc062723c751e8b465ee728b)  -> (artifact id: 'f9aebab2dbec75a81450045e09213eba') in 0.012161 seconds 
Number of asset objects unloaded after import = 3
========================================================================
Received Import Request.
  Time since last request: 0.000019 seconds.
  path: Assets/Assets/Tilesetv3_446.asset
  artifactKey: Guid(89bf8d7a0d362dd43b6ed7cfe95b1575) Importer(815301076,1909f56bfc062723c751e8b465ee728b)
Number of updated assets reloaded before import = 0
Start importing Assets/Assets/Tilesetv3_446.asset using Guid(89bf8d7a0d362dd43b6ed7cfe95b1575) Importer(815301076,1909f56bfc062723c751e8b465ee728b)  -> (artifact id: '1fcac4382a5af544ef68d6e19772e915') in 0.011436 seconds 
Number of asset objects unloaded after import = 3
========================================================================
Received Import Request.
  Time since last request: 0.000017 seconds.
  path: Assets/Assets/Tilesetv3_332.asset
  artifactKey: Guid(a042f085af3f0e7418a264efa90deb36) Importer(815301076,1909f56bfc062723c751e8b465ee728b)
Number of updated assets reloaded before import = 0
Start importing Assets/Assets/Tilesetv3_332.asset using Guid(a042f085af3f0e7418a264efa90deb36) Importer(815301076,1909f56bfc062723c751e8b465ee728b)  -> (artifact id: '35a07730406fcad2785aa453dcac7194') in 0.011725 seconds 
Number of asset objects unloaded after import = 3
========================================================================
Received Import Request.
  Time since last request: 0.000021 seconds.
  path: Assets/Assets/Tilesetv3_526.asset
  artifactKey: Guid(2cbea14f99a6bea4d9aa0cba4da8faa7) Importer(815301076,1909f56bfc062723c751e8b465ee728b)
Number of updated assets reloaded before import = 0
Start importing Assets/Assets/Tilesetv3_526.asset using Guid(2cbea14f99a6bea4d9aa0cba4da8faa7) Importer(815301076,1909f56bfc062723c751e8b465ee728b)  -> (artifact id: '838fc92e56a98f0dce3bb54c4238e726') in 0.013218 seconds 
Number of asset objects unloaded after import = 3
========================================================================
Received Import Request.
  Time since last request: 0.000016 seconds.
  path: Assets/Assets/Tilesetv3_349.asset
  artifactKey: Guid(a47ab65614702c04c842311a6ce905ed) Importer(815301076,1909f56bfc062723c751e8b465ee728b)
Number of updated assets reloaded before import = 0
Start importing Assets/Assets/Tilesetv3_349.asset using Guid(a47ab65614702c04c842311a6ce905ed) Importer(815301076,1909f56bfc062723c751e8b465ee728b)  -> (artifact id: '15e5c050ee61303cd51efd0cee5fae57') in 0.012235 seconds 
Number of asset objects unloaded after import = 3
========================================================================
Received Import Request.
  Time since last request: 0.000016 seconds.
  path: Assets/Assets/Tilesetv3_326.asset
  artifactKey: Guid(88b68694ef1d2b54fbab335cf5d213fe) Importer(815301076,1909f56bfc062723c751e8b465ee728b)
Number of updated assets reloaded before import = 0
Start importing Assets/Assets/Tilesetv3_326.asset using Guid(88b68694ef1d2b54fbab335cf5d213fe) Importer(815301076,1909f56bfc062723c751e8b465ee728b)  -> (artifact id: '416459acaaa150861e9611778f5b8352') in 0.011502 seconds 
Number of asset objects unloaded after import = 3
========================================================================
Received Import Request.
  Time since last request: 0.000014 seconds.
  path: Assets/Assets/Tilesetv3_433.asset
  artifactKey: Guid(6d259b6c1081ee14a8b0d1afd8f454c6) Importer(815301076,1909f56bfc062723c751e8b465ee728b)
Number of updated assets reloaded before import = 0
Start importing Assets/Assets/Tilesetv3_433.asset using Guid(6d259b6c1081ee14a8b0d1afd8f454c6) Importer(815301076,1909f56bfc062723c751e8b465ee728b)  -> (artifact id: '6de9c59b72654184cabdc848bdc8d96d') in 0.011619 seconds 
Number of asset objects unloaded after import = 3
========================================================================
Received Import Request.
  Time since last request: 0.000016 seconds.
  path: Assets/Assets/Tilesetv3_641.asset
  artifactKey: Guid(54457e9232773414e9fe096ceab0ac5a) Importer(815301076,1909f56bfc062723c751e8b465ee728b)
Number of updated assets reloaded before import = 0
Start importing Assets/Assets/Tilesetv3_641.asset using Guid(54457e9232773414e9fe096ceab0ac5a) Importer(815301076,1909f56bfc062723c751e8b465ee728b)  -> (artifact id: '83cf021c00ee0a9b88646ee156ca4499') in 0.012182 seconds 
Number of asset objects unloaded after import = 3
========================================================================
Received Import Request.
  Time since last request: 0.000024 seconds.
  path: Assets/Assets/Tilesetv3_661.asset
  artifactKey: Guid(bdcdc4f80e6d8994cb30a2c6e31dbc4c) Importer(815301076,1909f56bfc062723c751e8b465ee728b)
Number of updated assets reloaded before import = 0
Start importing Assets/Assets/Tilesetv3_661.asset using Guid(bdcdc4f80e6d8994cb30a2c6e31dbc4c) Importer(815301076,1909f56bfc062723c751e8b465ee728b)  -> (artifact id: '5c93034dbf83eebc28d99782e3da8561') in 0.012668 seconds 
Number of asset objects unloaded after import = 3
========================================================================
Received Import Request.
  Time since last request: 0.000018 seconds.
  path: Assets/Assets/Tilesetv3_345.asset
  artifactKey: Guid(df3fd68e15ae0d84b886ada8e23ff55b) Importer(815301076,1909f56bfc062723c751e8b465ee728b)
Number of updated assets reloaded before import = 0
Start importing Assets/Assets/Tilesetv3_345.asset using Guid(df3fd68e15ae0d84b886ada8e23ff55b) Importer(815301076,1909f56bfc062723c751e8b465ee728b)  -> (artifact id: 'f2c465ea30f26b883c6ec2c14e7ece9e') in 0.012215 seconds 
Number of asset objects unloaded after import = 3
========================================================================
Received Import Request.
  Time since last request: 0.000022 seconds.
  path: Assets/Assets/Tilesetv3_540.asset
  artifactKey: Guid(8a8ef0def23adab4d820f9897db50850) Importer(815301076,1909f56bfc062723c751e8b465ee728b)
Number of updated assets reloaded before import = 0
Start importing Assets/Assets/Tilesetv3_540.asset using Guid(8a8ef0def23adab4d820f9897db50850) Importer(815301076,1909f56bfc062723c751e8b465ee728b)  -> (artifact id: 'db9235ae0090362bb7971c9427385330') in 0.012706 seconds 
Number of asset objects unloaded after import = 3
========================================================================
Received Import Request.
  Time since last request: 0.000018 seconds.
  path: Assets/Assets/Tilesetv3_504.asset
  artifactKey: Guid(639612e966c00ea4494f9ae84fac2083) Importer(815301076,1909f56bfc062723c751e8b465ee728b)
Number of updated assets reloaded before import = 0
Start importing Assets/Assets/Tilesetv3_504.asset using Guid(639612e966c00ea4494f9ae84fac2083) Importer(815301076,1909f56bfc062723c751e8b465ee728b)  -> (artifact id: 'fa27651cf15e80c4fbea9e84f0fc9690') in 0.011616 seconds 
Number of asset objects unloaded after import = 3
========================================================================
Received Import Request.
  Time since last request: 0.000022 seconds.
  path: Assets/Assets/Tilesetv3_334.asset
  artifactKey: Guid(c411182012218db49b372acdb6b61d72) Importer(815301076,1909f56bfc062723c751e8b465ee728b)
Number of updated assets reloaded before import = 0
Start importing Assets/Assets/Tilesetv3_334.asset using Guid(c411182012218db49b372acdb6b61d72) Importer(815301076,1909f56bfc062723c751e8b465ee728b)  -> (artifact id: '119703aef182e2419b4d4c59193772b9') in 0.011865 seconds 
Number of asset objects unloaded after import = 3
========================================================================
Received Import Request.
  Time since last request: 0.000027 seconds.
  path: Assets/Assets/Tilesetv3_490.asset
  artifactKey: Guid(fab875bcd022d5f40bd7bcdcd9bad9d6) Importer(815301076,1909f56bfc062723c751e8b465ee728b)
Number of updated assets reloaded before import = 0
Start importing Assets/Assets/Tilesetv3_490.asset using Guid(fab875bcd022d5f40bd7bcdcd9bad9d6) Importer(815301076,1909f56bfc062723c751e8b465ee728b)  -> (artifact id: '3ad805f8b091799e0d5309b78475c8c3') in 0.013170 seconds 
Number of asset objects unloaded after import = 3
========================================================================
Received Import Request.
  Time since last request: 0.000021 seconds.
  path: Assets/Assets/Tilesetv3_329.asset
  artifactKey: Guid(7cb239cc1f3207a478547c2ccad0ddd6) Importer(815301076,1909f56bfc062723c751e8b465ee728b)
Number of updated assets reloaded before import = 0
Start importing Assets/Assets/Tilesetv3_329.asset using Guid(7cb239cc1f3207a478547c2ccad0ddd6) Importer(815301076,1909f56bfc062723c751e8b465ee728b)  -> (artifact id: '72f88a5de732045dcbf0d6293208d73b') in 0.013150 seconds 
Number of asset objects unloaded after import = 3
========================================================================
Received Import Request.
  Time since last request: 0.000021 seconds.
  path: Assets/Assets/Tilesetv3_354.asset
  artifactKey: Guid(0a3732dcb8ca3204f9a8f99bf179350f) Importer(815301076,1909f56bfc062723c751e8b465ee728b)
Number of updated assets reloaded before import = 0
Start importing Assets/Assets/Tilesetv3_354.asset using Guid(0a3732dcb8ca3204f9a8f99bf179350f) Importer(815301076,1909f56bfc062723c751e8b465ee728b)  -> (artifact id: '6cad11dace96e80b06a3abe9988f6a34') in 0.014639 seconds 
Number of asset objects unloaded after import = 3
========================================================================
Received Import Request.
  Time since last request: 0.000030 seconds.
  path: Assets/Assets/Tilesetv3_512.asset
  artifactKey: Guid(6784f9f1dd86ade42b3fdc4516f8f914) Importer(815301076,1909f56bfc062723c751e8b465ee728b)
Number of updated assets reloaded before import = 0
Start importing Assets/Assets/Tilesetv3_512.asset using Guid(6784f9f1dd86ade42b3fdc4516f8f914) Importer(815301076,1909f56bfc062723c751e8b465ee728b)  -> (artifact id: 'd66990a19f46ee51112734b76adbdb50') in 0.015224 seconds 
Number of asset objects unloaded after import = 3
========================================================================
Received Import Request.
  Time since last request: 0.000017 seconds.
  path: Assets/Assets/Tilesetv3_576.asset
  artifactKey: Guid(516a2360d6a24f34ca662a992fecd4a2) Importer(815301076,1909f56bfc062723c751e8b465ee728b)
Number of updated assets reloaded before import = 0
Start importing Assets/Assets/Tilesetv3_576.asset using Guid(516a2360d6a24f34ca662a992fecd4a2) Importer(815301076,1909f56bfc062723c751e8b465ee728b)  -> (artifact id: 'e961270b3f3a13fbe3655d0529fc235b') in 0.014531 seconds 
Number of asset objects unloaded after import = 3
========================================================================
Received Import Request.
  Time since last request: 0.000019 seconds.
  path: Assets/Assets/Tilesetv3_581.asset
  artifactKey: Guid(d6f8ff0a1b2ab0b41857ec1e6bacf791) Importer(815301076,1909f56bfc062723c751e8b465ee728b)
Number of updated assets reloaded before import = 0
Start importing Assets/Assets/Tilesetv3_581.asset using Guid(d6f8ff0a1b2ab0b41857ec1e6bacf791) Importer(815301076,1909f56bfc062723c751e8b465ee728b)  -> (artifact id: 'fbab7474c7e298cf9ace5b88f1f3f5af') in 0.012909 seconds 
Number of asset objects unloaded after import = 3
========================================================================
Received Import Request.
  Time since last request: 0.000015 seconds.
  path: Assets/Assets/Tilesetv3_387.asset
  artifactKey: Guid(b367825f2e2fee141ae60c8cbecfba30) Importer(815301076,1909f56bfc062723c751e8b465ee728b)
Number of updated assets reloaded before import = 0
Start importing Assets/Assets/Tilesetv3_387.asset using Guid(b367825f2e2fee141ae60c8cbecfba30) Importer(815301076,1909f56bfc062723c751e8b465ee728b)  -> (artifact id: 'fc5ead450ffe2a85a470e44bce902731') in 0.012291 seconds 
Number of asset objects unloaded after import = 3
========================================================================
Received Import Request.
  Time since last request: 0.000013 seconds.
  path: Assets/Assets/Tilesetv3_359.asset
  artifactKey: Guid(6507cb4ab909e5c4eabd8ab2dffe1702) Importer(815301076,1909f56bfc062723c751e8b465ee728b)
Number of updated assets reloaded before import = 0
Start importing Assets/Assets/Tilesetv3_359.asset using Guid(6507cb4ab909e5c4eabd8ab2dffe1702) Importer(815301076,1909f56bfc062723c751e8b465ee728b)  -> (artifact id: 'eb85108c2e0b1b2f10de942e5dea0a25') in 0.011987 seconds 
Number of asset objects unloaded after import = 3
========================================================================
Received Import Request.
  Time since last request: 0.000020 seconds.
  path: Assets/Assets/Tilesetv3_195.asset
  artifactKey: Guid(da8c500178816564889eb6e6c1795544) Importer(815301076,1909f56bfc062723c751e8b465ee728b)
Number of updated assets reloaded before import = 0
Start importing Assets/Assets/Tilesetv3_195.asset using Guid(da8c500178816564889eb6e6c1795544) Importer(815301076,1909f56bfc062723c751e8b465ee728b)  -> (artifact id: 'ceab9482622179a7084f9d7e1274ae75') in 0.011169 seconds 
Number of asset objects unloaded after import = 3
========================================================================
Received Import Request.
  Time since last request: 0.000016 seconds.
  path: Assets/Assets/Tilesetv3_459.asset
  artifactKey: Guid(cadd6b52a1b31ab46bd141b5831bd0f2) Importer(815301076,1909f56bfc062723c751e8b465ee728b)
Number of updated assets reloaded before import = 0
Start importing Assets/Assets/Tilesetv3_459.asset using Guid(cadd6b52a1b31ab46bd141b5831bd0f2) Importer(815301076,1909f56bfc062723c751e8b465ee728b)  -> (artifact id: '2a6ae5811689ebfe452d6855ea2be859') in 0.012400 seconds 
Number of asset objects unloaded after import = 3
========================================================================
Received Import Request.
  Time since last request: 0.000018 seconds.
  path: Assets/Assets/Tilesetv3_258.asset
  artifactKey: Guid(f9a394d85395d9e46bd944a249684a82) Importer(815301076,1909f56bfc062723c751e8b465ee728b)
Number of updated assets reloaded before import = 0
Start importing Assets/Assets/Tilesetv3_258.asset using Guid(f9a394d85395d9e46bd944a249684a82) Importer(815301076,1909f56bfc062723c751e8b465ee728b)  -> (artifact id: 'b60269e6a9e1f98c580f4393af3389f4') in 0.013664 seconds 
Number of asset objects unloaded after import = 3
========================================================================
Received Import Request.
  Time since last request: 0.000016 seconds.
  path: Assets/Assets/Tilesetv3_648.asset
  artifactKey: Guid(1f276b23b140d1c4ba1165f4ec9e6e44) Importer(815301076,1909f56bfc062723c751e8b465ee728b)
Number of updated assets reloaded before import = 0
Start importing Assets/Assets/Tilesetv3_648.asset using Guid(1f276b23b140d1c4ba1165f4ec9e6e44) Importer(815301076,1909f56bfc062723c751e8b465ee728b)  -> (artifact id: '3c0ae0b9e1e0db19cd0e72bd914ddd63') in 0.014807 seconds 
Number of asset objects unloaded after import = 3
========================================================================
Received Import Request.
  Time since last request: 0.000025 seconds.
  path: Assets/Assets/Tilesetv3_680.asset
  artifactKey: Guid(5a81de5d3fd504c42beb82e7708f8967) Importer(815301076,1909f56bfc062723c751e8b465ee728b)
Number of updated assets reloaded before import = 0
Start importing Assets/Assets/Tilesetv3_680.asset using Guid(5a81de5d3fd504c42beb82e7708f8967) Importer(815301076,1909f56bfc062723c751e8b465ee728b)  -> (artifact id: '920f3dcffc4a7ef460341896b01e2fda') in 0.014603 seconds 
Number of asset objects unloaded after import = 3
========================================================================
Received Import Request.
  Time since last request: 0.000017 seconds.
  path: Assets/Assets/Tilesetv3_656.asset
  artifactKey: Guid(7d34d5352aeefa744b9e31a52bc748e0) Importer(815301076,1909f56bfc062723c751e8b465ee728b)
Number of updated assets reloaded before import = 0
Start importing Assets/Assets/Tilesetv3_656.asset using Guid(7d34d5352aeefa744b9e31a52bc748e0) Importer(815301076,1909f56bfc062723c751e8b465ee728b)  -> (artifact id: 'bb036a5a18c04d411a95ea0d8298f74c') in 0.015135 seconds 
Number of asset objects unloaded after import = 3
========================================================================
Received Import Request.
  Time since last request: 0.000016 seconds.
  path: Assets/Assets/Tilesetv3_664.asset
  artifactKey: Guid(a5b282c4328e7ff40b9ee49c076bcc85) Importer(815301076,1909f56bfc062723c751e8b465ee728b)
Number of updated assets reloaded before import = 0
Start importing Assets/Assets/Tilesetv3_664.asset using Guid(a5b282c4328e7ff40b9ee49c076bcc85) Importer(815301076,1909f56bfc062723c751e8b465ee728b)  -> (artifact id: '58cace21157ad0bf5c39bc6ff36d1542') in 0.016028 seconds 
Number of asset objects unloaded after import = 3
========================================================================
Received Import Request.
  Time since last request: 0.000024 seconds.
  path: Assets/Assets/Tilesetv3_415.asset
  artifactKey: Guid(3189ecde2b4805142b618703a3ffd2aa) Importer(815301076,1909f56bfc062723c751e8b465ee728b)
Number of updated assets reloaded before import = 0
Start importing Assets/Assets/Tilesetv3_415.asset using Guid(3189ecde2b4805142b618703a3ffd2aa) Importer(815301076,1909f56bfc062723c751e8b465ee728b)  -> (artifact id: 'dcde75533800da4aef7135cde354f02f') in 0.014268 seconds 
Number of asset objects unloaded after import = 3
========================================================================
Received Import Request.
  Time since last request: 0.000022 seconds.
  path: Assets/Assets/Tilesetv3_383.asset
  artifactKey: Guid(75119359db55f31428a5ea463b50eb4f) Importer(815301076,1909f56bfc062723c751e8b465ee728b)
Number of updated assets reloaded before import = 0
Start importing Assets/Assets/Tilesetv3_383.asset using Guid(75119359db55f31428a5ea463b50eb4f) Importer(815301076,1909f56bfc062723c751e8b465ee728b)  -> (artifact id: 'e9265e80a5ac23310339ff6930ea9b26') in 0.012631 seconds 
Number of asset objects unloaded after import = 3
========================================================================
Received Import Request.
  Time since last request: 0.000020 seconds.
  path: Assets/Assets/Tilesetv3_126.asset
  artifactKey: Guid(606c1d31903670e44ae5ecb1005803c1) Importer(815301076,1909f56bfc062723c751e8b465ee728b)
Number of updated assets reloaded before import = 0
Start importing Assets/Assets/Tilesetv3_126.asset using Guid(606c1d31903670e44ae5ecb1005803c1) Importer(815301076,1909f56bfc062723c751e8b465ee728b)  -> (artifact id: '4e072772fead0b4818c4b4802d899738') in 0.013544 seconds 
Number of asset objects unloaded after import = 3
========================================================================
Received Import Request.
  Time since last request: 0.000024 seconds.
  path: Assets/Assets/Tilesetv3_600.asset
  artifactKey: Guid(49be023499bc00046897028194f29bcd) Importer(815301076,1909f56bfc062723c751e8b465ee728b)
Number of updated assets reloaded before import = 0
Start importing Assets/Assets/Tilesetv3_600.asset using Guid(49be023499bc00046897028194f29bcd) Importer(815301076,1909f56bfc062723c751e8b465ee728b)  -> (artifact id: '53f61220d0458d142bd53d6bc0cd8923') in 0.012264 seconds 
Number of asset objects unloaded after import = 3
========================================================================
Received Import Request.
  Time since last request: 0.000023 seconds.
  path: Assets/Assets/Tilesetv3_356.asset
  artifactKey: Guid(503c72b72444bc04fbe635ebaa553cd8) Importer(815301076,1909f56bfc062723c751e8b465ee728b)
Number of updated assets reloaded before import = 0
Start importing Assets/Assets/Tilesetv3_356.asset using Guid(503c72b72444bc04fbe635ebaa553cd8) Importer(815301076,1909f56bfc062723c751e8b465ee728b)  -> (artifact id: '2ce98fb2d520038aba053aa6867d75e4') in 0.012348 seconds 
Number of asset objects unloaded after import = 3
========================================================================
Received Import Request.
  Time since last request: 0.000015 seconds.
  path: Assets/Assets/Tilesetv3_393.asset
  artifactKey: Guid(a1757f33b73cc0f47987baca10f4c6c8) Importer(815301076,1909f56bfc062723c751e8b465ee728b)
Number of updated assets reloaded before import = 0
Start importing Assets/Assets/Tilesetv3_393.asset using Guid(a1757f33b73cc0f47987baca10f4c6c8) Importer(815301076,1909f56bfc062723c751e8b465ee728b)  -> (artifact id: 'f729697278161fd853c856e7bab2f024') in 0.012850 seconds 
Number of asset objects unloaded after import = 3
========================================================================
Received Import Request.
  Time since last request: 0.000018 seconds.
  path: Assets/Assets/Tilesetv3_481.asset
  artifactKey: Guid(c788323eece989947a813caf275386dc) Importer(815301076,1909f56bfc062723c751e8b465ee728b)
Number of updated assets reloaded before import = 0
Start importing Assets/Assets/Tilesetv3_481.asset using Guid(c788323eece989947a813caf275386dc) Importer(815301076,1909f56bfc062723c751e8b465ee728b)  -> (artifact id: 'f33007d8c5a68a4f49df5c160809046d') in 0.014712 seconds 
Number of asset objects unloaded after import = 3
========================================================================
Received Import Request.
  Time since last request: 0.000016 seconds.
  path: Assets/Assets/Tilesetv3_145.asset
  artifactKey: Guid(d45cc123b49e53d4c817ab0437178eaa) Importer(815301076,1909f56bfc062723c751e8b465ee728b)
Number of updated assets reloaded before import = 0
Start importing Assets/Assets/Tilesetv3_145.asset using Guid(d45cc123b49e53d4c817ab0437178eaa) Importer(815301076,1909f56bfc062723c751e8b465ee728b)  -> (artifact id: '6d31bc5e67e113efc0390f708d447f59') in 0.012776 seconds 
Number of asset objects unloaded after import = 3
========================================================================
Received Import Request.
  Time since last request: 0.000019 seconds.
  path: Assets/Assets/Tilesetv3_240.asset
  artifactKey: Guid(8ff0d04197dcd224d9473588ffa99142) Importer(815301076,1909f56bfc062723c751e8b465ee728b)
Number of updated assets reloaded before import = 0
Start importing Assets/Assets/Tilesetv3_240.asset using Guid(8ff0d04197dcd224d9473588ffa99142) Importer(815301076,1909f56bfc062723c751e8b465ee728b)  -> (artifact id: '3e192667776647364b403d7b68e341d2') in 0.013931 seconds 
Number of asset objects unloaded after import = 3
========================================================================
Received Import Request.
  Time since last request: 0.000021 seconds.
  path: Assets/Assets/Tilesetv3_375.asset
  artifactKey: Guid(62cb230cb3d3193429096489a7e1ec02) Importer(815301076,1909f56bfc062723c751e8b465ee728b)
Number of updated assets reloaded before import = 0
Start importing Assets/Assets/Tilesetv3_375.asset using Guid(62cb230cb3d3193429096489a7e1ec02) Importer(815301076,1909f56bfc062723c751e8b465ee728b)  -> (artifact id: '9647457b731550a988645a3e95dec61f') in 0.012412 seconds 
Number of asset objects unloaded after import = 3
========================================================================
Received Import Request.
  Time since last request: 0.000015 seconds.
  path: Assets/Assets/Tilesetv3_595.asset
  artifactKey: Guid(5ca62920974f9a64a8db5e622e3d903a) Importer(815301076,1909f56bfc062723c751e8b465ee728b)
Number of updated assets reloaded before import = 0
Start importing Assets/Assets/Tilesetv3_595.asset using Guid(5ca62920974f9a64a8db5e622e3d903a) Importer(815301076,1909f56bfc062723c751e8b465ee728b)  -> (artifact id: 'd7bf781c70ad87beaa9124e8cf6faf41') in 0.012190 seconds 
Number of asset objects unloaded after import = 3
========================================================================
Received Import Request.
  Time since last request: 0.000019 seconds.
  path: Assets/Assets/Tilesetv3_665.asset
  artifactKey: Guid(b12baeb3844600c40af8cb8e1bb99e0c) Importer(815301076,1909f56bfc062723c751e8b465ee728b)
Number of updated assets reloaded before import = 0
Start importing Assets/Assets/Tilesetv3_665.asset using Guid(b12baeb3844600c40af8cb8e1bb99e0c) Importer(815301076,1909f56bfc062723c751e8b465ee728b)  -> (artifact id: '12f275e4c6b6e55946aabe7e4512729d') in 0.011945 seconds 
Number of asset objects unloaded after import = 3
========================================================================
Received Import Request.
  Time since last request: 0.000016 seconds.
  path: Assets/Assets/Tilesetv3_407.asset
  artifactKey: Guid(ed4bc25430a36a7449d36bcdeae6aee3) Importer(815301076,1909f56bfc062723c751e8b465ee728b)
Number of updated assets reloaded before import = 0
Start importing Assets/Assets/Tilesetv3_407.asset using Guid(ed4bc25430a36a7449d36bcdeae6aee3) Importer(815301076,1909f56bfc062723c751e8b465ee728b)  -> (artifact id: 'b8487952cc770804e9772b2dc1ad90b4') in 0.013988 seconds 
Number of asset objects unloaded after import = 3
========================================================================
Received Import Request.
  Time since last request: 0.000022 seconds.
  path: Assets/Assets/Tilesetv3_325.asset
  artifactKey: Guid(0c82d571908ecc64088bd7c11797c7e0) Importer(815301076,1909f56bfc062723c751e8b465ee728b)
Number of updated assets reloaded before import = 0
Start importing Assets/Assets/Tilesetv3_325.asset using Guid(0c82d571908ecc64088bd7c11797c7e0) Importer(815301076,1909f56bfc062723c751e8b465ee728b)  -> (artifact id: '70a2a573d89e78f0685bbcc5f8be2b23') in 0.014469 seconds 
Number of asset objects unloaded after import = 3
========================================================================
Received Import Request.
  Time since last request: 0.000021 seconds.
  path: Assets/Assets/Tilesetv3_678.asset
  artifactKey: Guid(5b653f41157dba34c872bd9f69395b1a) Importer(815301076,1909f56bfc062723c751e8b465ee728b)
Number of updated assets reloaded before import = 0
Start importing Assets/Assets/Tilesetv3_678.asset using Guid(5b653f41157dba34c872bd9f69395b1a) Importer(815301076,1909f56bfc062723c751e8b465ee728b)  -> (artifact id: 'bbce82c7789a29ffacdba076482c4714') in 0.013855 seconds 
Number of asset objects unloaded after import = 3
========================================================================
Received Import Request.
  Time since last request: 0.000019 seconds.
  path: Assets/Assets/Tilesetv3_545.asset
  artifactKey: Guid(ae46389757c269b45a90b89cfa057eda) Importer(815301076,1909f56bfc062723c751e8b465ee728b)
Number of updated assets reloaded before import = 0
Start importing Assets/Assets/Tilesetv3_545.asset using Guid(ae46389757c269b45a90b89cfa057eda) Importer(815301076,1909f56bfc062723c751e8b465ee728b)  -> (artifact id: '8d5cdb055617a7c765062a68cd423bd6') in 0.046163 seconds 
Number of asset objects unloaded after import = 3
========================================================================
Received Import Request.
  Time since last request: 0.000027 seconds.
  path: Assets/Assets/Tilesetv3_475.asset
  artifactKey: Guid(a9c08532fd73bdd41bac597a2df06dc1) Importer(815301076,1909f56bfc062723c751e8b465ee728b)
Number of updated assets reloaded before import = 0
Start importing Assets/Assets/Tilesetv3_475.asset using Guid(a9c08532fd73bdd41bac597a2df06dc1) Importer(815301076,1909f56bfc062723c751e8b465ee728b)  -> (artifact id: '1a0e4d19518ce63402f7319fd8a8e542') in 0.013066 seconds 
Number of asset objects unloaded after import = 3
========================================================================
Received Import Request.
  Time since last request: 0.000033 seconds.
  path: Assets/Assets/Tilesetv3_318.asset
  artifactKey: Guid(7bb27e848a93aac4dac0268ac428b0e4) Importer(815301076,1909f56bfc062723c751e8b465ee728b)
Number of updated assets reloaded before import = 0
Start importing Assets/Assets/Tilesetv3_318.asset using Guid(7bb27e848a93aac4dac0268ac428b0e4) Importer(815301076,1909f56bfc062723c751e8b465ee728b)  -> (artifact id: 'cd529a3335c2e96b24ad132d6df3686e') in 0.019953 seconds 
Number of asset objects unloaded after import = 3
========================================================================
Received Import Request.
  Time since last request: 0.000024 seconds.
  path: Assets/Assets/Tilesetv3_673.asset
  artifactKey: Guid(4a8ff7ac7dda5bc449b61c22caf0b013) Importer(815301076,1909f56bfc062723c751e8b465ee728b)
Number of updated assets reloaded before import = 0
Start importing Assets/Assets/Tilesetv3_673.asset using Guid(4a8ff7ac7dda5bc449b61c22caf0b013) Importer(815301076,1909f56bfc062723c751e8b465ee728b)  -> (artifact id: '7dab937d895cd2fe3bfa3eceb6d44228') in 0.021173 seconds 
Number of asset objects unloaded after import = 3
========================================================================
Received Import Request.
  Time since last request: 0.000026 seconds.
  path: Assets/Assets/Tilesetv3_542.asset
  artifactKey: Guid(49874c2eebe08da4d93cee557c4737b9) Importer(815301076,1909f56bfc062723c751e8b465ee728b)
Number of updated assets reloaded before import = 0
Start importing Assets/Assets/Tilesetv3_542.asset using Guid(49874c2eebe08da4d93cee557c4737b9) Importer(815301076,1909f56bfc062723c751e8b465ee728b)  -> (artifact id: '0f38edcf05fd07b3d8a53e11333cfee3') in 0.016253 seconds 
Number of asset objects unloaded after import = 3
========================================================================
Received Import Request.
  Time since last request: 0.000016 seconds.
  path: Assets/Assets/Tilesetv3_516.asset
  artifactKey: Guid(6aece121d7b80f843b887e55ed8c046e) Importer(815301076,1909f56bfc062723c751e8b465ee728b)
Number of updated assets reloaded before import = 0
Start importing Assets/Assets/Tilesetv3_516.asset using Guid(6aece121d7b80f843b887e55ed8c046e) Importer(815301076,1909f56bfc062723c751e8b465ee728b)  -> (artifact id: 'd29e0a067b8c327721c016aa4bbb5ae8') in 0.011937 seconds 
Number of asset objects unloaded after import = 3
========================================================================
Received Import Request.
  Time since last request: 0.000025 seconds.
  path: Assets/Assets/Tilesetv3_303.asset
  artifactKey: Guid(b9f861d37e2979f40b146fcee2fe86c0) Importer(815301076,1909f56bfc062723c751e8b465ee728b)
Number of updated assets reloaded before import = 0
Start importing Assets/Assets/Tilesetv3_303.asset using Guid(b9f861d37e2979f40b146fcee2fe86c0) Importer(815301076,1909f56bfc062723c751e8b465ee728b)  -> (artifact id: 'e1aa1d32000150bd9f17ec2247fdb58d') in 0.012897 seconds 
Number of asset objects unloaded after import = 3
========================================================================
Received Import Request.
  Time since last request: 0.000019 seconds.
  path: Assets/Assets/Tilesetv3_584.asset
  artifactKey: Guid(ea0d9a7cf76708f498f09ccbd7114a51) Importer(815301076,1909f56bfc062723c751e8b465ee728b)
Number of updated assets reloaded before import = 0
Start importing Assets/Assets/Tilesetv3_584.asset using Guid(ea0d9a7cf76708f498f09ccbd7114a51) Importer(815301076,1909f56bfc062723c751e8b465ee728b)  -> (artifact id: 'f147972c793319f9320c02b33d897e28') in 0.012106 seconds 
Number of asset objects unloaded after import = 3
========================================================================
Received Import Request.
  Time since last request: 0.000019 seconds.
  path: Assets/Assets/Tilesetv3_560.asset
  artifactKey: Guid(62b04ceaf507a8943bf47343e0e9c384) Importer(815301076,1909f56bfc062723c751e8b465ee728b)
Number of updated assets reloaded before import = 0
Start importing Assets/Assets/Tilesetv3_560.asset using Guid(62b04ceaf507a8943bf47343e0e9c384) Importer(815301076,1909f56bfc062723c751e8b465ee728b)  -> (artifact id: '1449566ed71fedf1c0d13a923cc4f72d') in 0.011154 seconds 
Number of asset objects unloaded after import = 3
========================================================================
Received Import Request.
  Time since last request: 0.000025 seconds.
  path: Assets/Assets/Tilesetv3_550.asset
  artifactKey: Guid(dc46d967845f1dd42886950867af6359) Importer(815301076,1909f56bfc062723c751e8b465ee728b)
Number of updated assets reloaded before import = 0
Start importing Assets/Assets/Tilesetv3_550.asset using Guid(dc46d967845f1dd42886950867af6359) Importer(815301076,1909f56bfc062723c751e8b465ee728b)  -> (artifact id: '5bfce4725556c4b9649ec7a16169cb81') in 0.012685 seconds 
Number of asset objects unloaded after import = 3
========================================================================
Received Import Request.
  Time since last request: 0.000016 seconds.
  path: Assets/Assets/Tilesetv3_646.asset
  artifactKey: Guid(31545a35be38e9f4e82a1fc800857e1c) Importer(815301076,1909f56bfc062723c751e8b465ee728b)
Number of updated assets reloaded before import = 0
Start importing Assets/Assets/Tilesetv3_646.asset using Guid(31545a35be38e9f4e82a1fc800857e1c) Importer(815301076,1909f56bfc062723c751e8b465ee728b)  -> (artifact id: 'c548843b0b3cf0b5973e077de3e46f7c') in 0.011192 seconds 
Number of asset objects unloaded after import = 3
========================================================================
Received Import Request.
  Time since last request: 0.000031 seconds.
  path: Assets/Assets/Tilesetv3_317.asset
  artifactKey: Guid(3aa27a90018aaa2479c8ba61f3a33802) Importer(815301076,1909f56bfc062723c751e8b465ee728b)
Number of updated assets reloaded before import = 0
Start importing Assets/Assets/Tilesetv3_317.asset using Guid(3aa27a90018aaa2479c8ba61f3a33802) Importer(815301076,1909f56bfc062723c751e8b465ee728b)  -> (artifact id: 'ca0b18d386a5f2c6a9841599c2695d05') in 0.012320 seconds 
Number of asset objects unloaded after import = 3
========================================================================
Received Import Request.
  Time since last request: 0.000015 seconds.
  path: Assets/Assets/Tilesetv3_687.asset
  artifactKey: Guid(9444cdfdf96208c4c8a13a2a662419fe) Importer(815301076,1909f56bfc062723c751e8b465ee728b)
Number of updated assets reloaded before import = 0
Start importing Assets/Assets/Tilesetv3_687.asset using Guid(9444cdfdf96208c4c8a13a2a662419fe) Importer(815301076,1909f56bfc062723c751e8b465ee728b)  -> (artifact id: '5ba17c411bfbf515aceed92b96be677c') in 0.010920 seconds 
Number of asset objects unloaded after import = 3
========================================================================
Received Import Request.
  Time since last request: 0.000015 seconds.
  path: Assets/Assets/Tilesetv3_372.asset
  artifactKey: Guid(8707848449bf81f45b8dcdedede31b0d) Importer(815301076,1909f56bfc062723c751e8b465ee728b)
Number of updated assets reloaded before import = 0
Start importing Assets/Assets/Tilesetv3_372.asset using Guid(8707848449bf81f45b8dcdedede31b0d) Importer(815301076,1909f56bfc062723c751e8b465ee728b)  -> (artifact id: '031c902f53892ca252bedd95f80f6f8a') in 0.013856 seconds 
Number of asset objects unloaded after import = 3
========================================================================
Received Import Request.
  Time since last request: 0.000019 seconds.
  path: Assets/Assets/Tilesetv3_344.asset
  artifactKey: Guid(a1b52ec438c81bc4f8933c8bd71eb4d4) Importer(815301076,1909f56bfc062723c751e8b465ee728b)
Number of updated assets reloaded before import = 0
Start importing Assets/Assets/Tilesetv3_344.asset using Guid(a1b52ec438c81bc4f8933c8bd71eb4d4) Importer(815301076,1909f56bfc062723c751e8b465ee728b)  -> (artifact id: '434abbe5bfbeb70dd65a1ac0af53e1e2') in 0.011874 seconds 
Number of asset objects unloaded after import = 3
========================================================================
Received Import Request.
  Time since last request: 0.000024 seconds.
  path: Assets/Assets/Tilesetv3_311.asset
  artifactKey: Guid(4c657e3093208614488d462bacd31423) Importer(815301076,1909f56bfc062723c751e8b465ee728b)
Number of updated assets reloaded before import = 0
Start importing Assets/Assets/Tilesetv3_311.asset using Guid(4c657e3093208614488d462bacd31423) Importer(815301076,1909f56bfc062723c751e8b465ee728b)  -> (artifact id: '6f03d4317fed834ce9271a0e4e8433c1') in 0.011707 seconds 
Number of asset objects unloaded after import = 3
========================================================================
Received Import Request.
  Time since last request: 0.000020 seconds.
  path: Assets/Assets/Tilesetv3_528.asset
  artifactKey: Guid(0b78efdfb6bea8246a877825fe30160b) Importer(815301076,1909f56bfc062723c751e8b465ee728b)
Number of updated assets reloaded before import = 0
Start importing Assets/Assets/Tilesetv3_528.asset using Guid(0b78efdfb6bea8246a877825fe30160b) Importer(815301076,1909f56bfc062723c751e8b465ee728b)  -> (artifact id: 'd664ae60bef8df67ee0ab01f001be13a') in 0.010979 seconds 
Number of asset objects unloaded after import = 3
========================================================================
Received Import Request.
  Time since last request: 0.000029 seconds.
  path: Assets/Assets/Tilesetv3_341.asset
  artifactKey: Guid(1ab03b8ee765e654eabb94b24af429ba) Importer(815301076,1909f56bfc062723c751e8b465ee728b)
Number of updated assets reloaded before import = 0
Start importing Assets/Assets/Tilesetv3_341.asset using Guid(1ab03b8ee765e654eabb94b24af429ba) Importer(815301076,1909f56bfc062723c751e8b465ee728b)  -> (artifact id: '1f14c1e3ebcd2154415fc6f70f906953') in 0.013659 seconds 
Number of asset objects unloaded after import = 3
========================================================================
Received Import Request.
  Time since last request: 0.000016 seconds.
  path: Assets/Assets/Tilesetv3_474.asset
  artifactKey: Guid(e5b12f5b34d170e4b9686686a158e71a) Importer(815301076,1909f56bfc062723c751e8b465ee728b)
Number of updated assets reloaded before import = 0
Start importing Assets/Assets/Tilesetv3_474.asset using Guid(e5b12f5b34d170e4b9686686a158e71a) Importer(815301076,1909f56bfc062723c751e8b465ee728b)  -> (artifact id: '7e6f4925a4605dfc6219b6c69664f407') in 0.011997 seconds 
Number of asset objects unloaded after import = 3
========================================================================
Received Import Request.
  Time since last request: 0.000030 seconds.
  path: Assets/Assets/Tilesetv3_685.asset
  artifactKey: Guid(bea70f881df88414f9154b588b53963d) Importer(815301076,1909f56bfc062723c751e8b465ee728b)
Number of updated assets reloaded before import = 0
Start importing Assets/Assets/Tilesetv3_685.asset using Guid(bea70f881df88414f9154b588b53963d) Importer(815301076,1909f56bfc062723c751e8b465ee728b)  -> (artifact id: '19420c146a51d540eb389dfa346483f3') in 0.012699 seconds 
Number of asset objects unloaded after import = 3
========================================================================
Received Import Request.
  Time since last request: 0.000013 seconds.
  path: Assets/Assets/Tilesetv3_531.asset
  artifactKey: Guid(2a20e28531951b14db0b3cb41f9fbef5) Importer(815301076,1909f56bfc062723c751e8b465ee728b)
Number of updated assets reloaded before import = 0
Start importing Assets/Assets/Tilesetv3_531.asset using Guid(2a20e28531951b14db0b3cb41f9fbef5) Importer(815301076,1909f56bfc062723c751e8b465ee728b)  -> (artifact id: '78aae388236bec132143cab09a01658a') in 0.011867 seconds 
Number of asset objects unloaded after import = 3
========================================================================
Received Import Request.
  Time since last request: 0.000019 seconds.
  path: Assets/Assets/Tilesetv3_638.asset
  artifactKey: Guid(d7f0addff30db4e4daceffcdc9f7766b) Importer(815301076,1909f56bfc062723c751e8b465ee728b)
Number of updated assets reloaded before import = 0
Start importing Assets/Assets/Tilesetv3_638.asset using Guid(d7f0addff30db4e4daceffcdc9f7766b) Importer(815301076,1909f56bfc062723c751e8b465ee728b)  -> (artifact id: '9a8a12b3cf4784557283d0dfce45799e') in 0.004578 seconds 
Number of asset objects unloaded after import = 3
========================================================================
Received Import Request.
  Time since last request: 0.000018 seconds.
  path: Assets/Assets/Tilesetv3_308.asset
  artifactKey: Guid(dc06947c755d4be419bc17b38c8c7de1) Importer(815301076,1909f56bfc062723c751e8b465ee728b)
Number of updated assets reloaded before import = 0
Start importing Assets/Assets/Tilesetv3_308.asset using Guid(dc06947c755d4be419bc17b38c8c7de1) Importer(815301076,1909f56bfc062723c751e8b465ee728b)  -> (artifact id: 'd50a0d6404d7e529660a3f5b5233f1a0') in 0.015572 seconds 
Number of asset objects unloaded after import = 3
========================================================================
Received Import Request.
  Time since last request: 0.000021 seconds.
  path: Assets/Assets/Tilesetv3_249.asset
  artifactKey: Guid(2a9d861eebbe5f64e98e0c522de400af) Importer(815301076,1909f56bfc062723c751e8b465ee728b)
Number of updated assets reloaded before import = 0
Start importing Assets/Assets/Tilesetv3_249.asset using Guid(2a9d861eebbe5f64e98e0c522de400af) Importer(815301076,1909f56bfc062723c751e8b465ee728b)  -> (artifact id: 'd1de27291cf1e9b5ac0cd21f8f9c315e') in 0.016064 seconds 
Number of asset objects unloaded after import = 3
========================================================================
Received Import Request.
  Time since last request: 0.000025 seconds.
  path: Assets/Assets/Tilesetv3_554.asset
  artifactKey: Guid(67546f74af61ece40956e79c9de4decb) Importer(815301076,1909f56bfc062723c751e8b465ee728b)
Number of updated assets reloaded before import = 0
Start importing Assets/Assets/Tilesetv3_554.asset using Guid(67546f74af61ece40956e79c9de4decb) Importer(815301076,1909f56bfc062723c751e8b465ee728b)  -> (artifact id: 'b135a38634e47db1fe326fee192eae65') in 0.017224 seconds 
Number of asset objects unloaded after import = 3
========================================================================
Received Import Request.
  Time since last request: 0.000023 seconds.
  path: Assets/Assets/Tilesetv3_188.asset
  artifactKey: Guid(9f671d5dc649ac94fa9fee4842f1f044) Importer(815301076,1909f56bfc062723c751e8b465ee728b)
Number of updated assets reloaded before import = 0
Start importing Assets/Assets/Tilesetv3_188.asset using Guid(9f671d5dc649ac94fa9fee4842f1f044) Importer(815301076,1909f56bfc062723c751e8b465ee728b)  -> (artifact id: '2804c6c2f36a8202b738e02daa1bcf6f') in 0.015621 seconds 
Number of asset objects unloaded after import = 3
========================================================================
Received Import Request.
  Time since last request: 0.000016 seconds.
  path: Assets/Assets/Tilesetv3_369.asset
  artifactKey: Guid(bbc407bc973f5cd44aadffd258ec3e09) Importer(815301076,1909f56bfc062723c751e8b465ee728b)
Number of updated assets reloaded before import = 0
Start importing Assets/Assets/Tilesetv3_369.asset using Guid(bbc407bc973f5cd44aadffd258ec3e09) Importer(815301076,1909f56bfc062723c751e8b465ee728b)  -> (artifact id: 'e0272392265ee82609a2aab5e09155ab') in 0.015558 seconds 
Number of asset objects unloaded after import = 3
========================================================================
Received Import Request.
  Time since last request: 0.000028 seconds.
  path: Assets/Assets/Tilesetv3_409.asset
  artifactKey: Guid(c93e5121de75eef4fbacbccb7293f837) Importer(815301076,1909f56bfc062723c751e8b465ee728b)
Number of updated assets reloaded before import = 0
Start importing Assets/Assets/Tilesetv3_409.asset using Guid(c93e5121de75eef4fbacbccb7293f837) Importer(815301076,1909f56bfc062723c751e8b465ee728b)  -> (artifact id: 'e62f7122e883e0d7a7ea99f0b4c7f8df') in 0.014315 seconds 
Number of asset objects unloaded after import = 3
========================================================================
Received Import Request.
  Time since last request: 0.000021 seconds.
  path: Assets/Assets/Tilesetv3_663.asset
  artifactKey: Guid(cad675811c408554ebeab5dcac597078) Importer(815301076,1909f56bfc062723c751e8b465ee728b)
Number of updated assets reloaded before import = 0
Start importing Assets/Assets/Tilesetv3_663.asset using Guid(cad675811c408554ebeab5dcac597078) Importer(815301076,1909f56bfc062723c751e8b465ee728b)  -> (artifact id: '64b6f881df1a74fafc862ed009a8a841') in 0.015493 seconds 
Number of asset objects unloaded after import = 3
========================================================================
Received Import Request.
  Time since last request: 0.000021 seconds.
  path: Assets/Assets/Tilesetv3_573.asset
  artifactKey: Guid(e66ee430b87918b40b847b057b85b724) Importer(815301076,1909f56bfc062723c751e8b465ee728b)
Number of updated assets reloaded before import = 0
Start importing Assets/Assets/Tilesetv3_573.asset using Guid(e66ee430b87918b40b847b057b85b724) Importer(815301076,1909f56bfc062723c751e8b465ee728b)  -> (artifact id: 'd848fbbf2df990e9ff48051da3224765') in 0.014781 seconds 
Number of asset objects unloaded after import = 3
========================================================================
Received Import Request.
  Time since last request: 0.000024 seconds.
  path: Assets/Assets/Tilesetv3_496.asset
  artifactKey: Guid(14b0efa18a7f9de46999aa26faa14c76) Importer(815301076,1909f56bfc062723c751e8b465ee728b)
Number of updated assets reloaded before import = 0
Start importing Assets/Assets/Tilesetv3_496.asset using Guid(14b0efa18a7f9de46999aa26faa14c76) Importer(815301076,1909f56bfc062723c751e8b465ee728b)  -> (artifact id: '133bd4f0a8c73a7c61efa584034ac1db') in 0.013763 seconds 
Number of asset objects unloaded after import = 3
========================================================================
Received Import Request.
  Time since last request: 3.550868 seconds.
  path: Assets/Assets/Final/Final/Background_1.png
  artifactKey: Guid(fa328e3c24bf7ae49a9ec5e83a2ffb27) Importer(815301076,1909f56bfc062723c751e8b465ee728b)
Number of updated assets reloaded before import = 0
Start importing Assets/Assets/Final/Final/Background_1.png using Guid(fa328e3c24bf7ae49a9ec5e83a2ffb27) Importer(815301076,1909f56bfc062723c751e8b465ee728b)  -> (artifact id: 'ad231f64fe21e8aeef6d3da44273c6dc') in 0.023792 seconds 
Number of asset objects unloaded after import = 2
========================================================================
Received Import Request.
  Time since last request: 0.000022 seconds.
  path: Assets/Assets/Final/Final/Grass_background_1.png
  artifactKey: Guid(8ead768ef78773746a44e58057515d6e) Importer(815301076,1909f56bfc062723c751e8b465ee728b)
Number of updated assets reloaded before import = 0
Start importing Assets/Assets/Final/Final/Grass_background_1.png using Guid(8ead768ef78773746a44e58057515d6e) Importer(815301076,1909f56bfc062723c751e8b465ee728b)  -> (artifact id: 'e6335057d5feb44ee55f804981f42388') in 0.016195 seconds 
Number of asset objects unloaded after import = 2
========================================================================
Received Import Request.
  Time since last request: 6.107889 seconds.
  path: Assets/Assets/Tiles_1.asset
  artifactKey: Guid(b5fa269421504ab4880f1b64a5176da5) Importer(815301076,1909f56bfc062723c751e8b465ee728b)
Number of updated assets reloaded before import = 0
Start importing Assets/Assets/Tiles_1.asset using Guid(b5fa269421504ab4880f1b64a5176da5) Importer(815301076,1909f56bfc062723c751e8b465ee728b)  -> (artifact id: 'd8d13ec5465a08258405a8d85c743699') in 0.004510 seconds 
Number of asset objects unloaded after import = 1
========================================================================
Received Import Request.
  Time since last request: 0.000022 seconds.
  path: Assets/Assets/Tiles_3.asset
  artifactKey: Guid(67d761acfedf5d1428f2758ff1e3a8ea) Importer(815301076,1909f56bfc062723c751e8b465ee728b)
Number of updated assets reloaded before import = 0
Start importing Assets/Assets/Tiles_3.asset using Guid(67d761acfedf5d1428f2758ff1e3a8ea) Importer(815301076,1909f56bfc062723c751e8b465ee728b)  -> (artifact id: '269430b8faa1c1b616f7982485180899') in 0.015759 seconds 
Number of asset objects unloaded after import = 1
========================================================================
Received Import Request.
  Time since last request: 0.000027 seconds.
  path: Assets/Assets/Tiles_7.asset
  artifactKey: Guid(c40cb86366f1551479ef8843b44c4498) Importer(815301076,1909f56bfc062723c751e8b465ee728b)
Number of updated assets reloaded before import = 0
Start importing Assets/Assets/Tiles_7.asset using Guid(c40cb86366f1551479ef8843b44c4498) Importer(815301076,1909f56bfc062723c751e8b465ee728b)  -> (artifact id: '0e817bd9b335c33a32d43ce4797432a5') in 0.016242 seconds 
Number of asset objects unloaded after import = 1
========================================================================
Received Import Request.
  Time since last request: 1.259636 seconds.
  path: Assets/Assets/dungeon_sidescroller-Raou/Tilesetv1.asset
  artifactKey: Guid(c0a927c81bfef4740bd01bde46a23d5e) Importer(815301076,1909f56bfc062723c751e8b465ee728b)
Number of updated assets reloaded before import = 0
Start importing Assets/Assets/dungeon_sidescroller-Raou/Tilesetv1.asset using Guid(c0a927c81bfef4740bd01bde46a23d5e) Importer(815301076,1909f56bfc062723c751e8b465ee728b)  -> (artifact id: '7109516306f723ece51cf41c67d4dba7') in 0.013965 seconds 
Number of asset objects unloaded after import = 3
========================================================================
Received Import Request.
  Time since last request: 8.726073 seconds.
  path: Assets/Assets/Tilesetv3_1.asset
  artifactKey: Guid(4280cdc84b46b43419fbd6c47f5ceba8) Importer(815301076,1909f56bfc062723c751e8b465ee728b)
Number of updated assets reloaded before import = 0
Start importing Assets/Assets/Tilesetv3_1.asset using Guid(4280cdc84b46b43419fbd6c47f5ceba8) Importer(815301076,1909f56bfc062723c751e8b465ee728b)  -> (artifact id: 'd58ad399b816720141cbfe3961cf15a4') in 0.004051 seconds 
Number of asset objects unloaded after import = 1
========================================================================
Received Import Request.
  Time since last request: 0.000019 seconds.
  path: Assets/Assets/Tilesetv3_22.asset
  artifactKey: Guid(32287b35dc57a9e40aad15996214e56b) Importer(815301076,1909f56bfc062723c751e8b465ee728b)
Number of updated assets reloaded before import = 0
Start importing Assets/Assets/Tilesetv3_22.asset using Guid(32287b35dc57a9e40aad15996214e56b) Importer(815301076,1909f56bfc062723c751e8b465ee728b)  -> (artifact id: '76840bb1a91a885a85117440436c76f1') in 0.004411 seconds 
Number of asset objects unloaded after import = 1
========================================================================
Received Import Request.
  Time since last request: 0.000029 seconds.
  path: Assets/Assets/Tilesetv3_36.asset
  artifactKey: Guid(50b99123f873bbe4f95025e6506996f8) Importer(815301076,1909f56bfc062723c751e8b465ee728b)
Number of updated assets reloaded before import = 0
Start importing Assets/Assets/Tilesetv3_36.asset using Guid(50b99123f873bbe4f95025e6506996f8) Importer(815301076,1909f56bfc062723c751e8b465ee728b)  -> (artifact id: '35dfa2316d185e5ebf5d7e389efcbfa6') in 0.005267 seconds 
Number of asset objects unloaded after import = 1
========================================================================
Received Import Request.
  Time since last request: 0.000021 seconds.
  path: Assets/Assets/Tilesetv3_50.asset
  artifactKey: Guid(076beb3b1ad21ff42b1182111841efe0) Importer(815301076,1909f56bfc062723c751e8b465ee728b)
Number of updated assets reloaded before import = 0
Start importing Assets/Assets/Tilesetv3_50.asset using Guid(076beb3b1ad21ff42b1182111841efe0) Importer(815301076,1909f56bfc062723c751e8b465ee728b)  -> (artifact id: '9b2c741ccea92433eaa980b22fa3c74e') in 0.004194 seconds 
Number of asset objects unloaded after import = 1
========================================================================
Received Import Request.
  Time since last request: 0.000021 seconds.
  path: Assets/Assets/Tilesetv3_16.asset
  artifactKey: Guid(5c68a3416fa8ad546888f466a8684220) Importer(815301076,1909f56bfc062723c751e8b465ee728b)
Number of updated assets reloaded before import = 0
Start importing Assets/Assets/Tilesetv3_16.asset using Guid(5c68a3416fa8ad546888f466a8684220) Importer(815301076,1909f56bfc062723c751e8b465ee728b)  -> (artifact id: '7602680322bc1b89a8b2b529c8bc9953') in 0.004653 seconds 
Number of asset objects unloaded after import = 1
========================================================================
Received Import Request.
  Time since last request: 0.000017 seconds.
  path: Assets/Assets/Tilesetv3_12.asset
  artifactKey: Guid(ff21260e42daf3a4da93c4123b2d9568) Importer(815301076,1909f56bfc062723c751e8b465ee728b)
Number of updated assets reloaded before import = 0
Start importing Assets/Assets/Tilesetv3_12.asset using Guid(ff21260e42daf3a4da93c4123b2d9568) Importer(815301076,1909f56bfc062723c751e8b465ee728b)  -> (artifact id: '254e3ae711504854d1c35cad8360e658') in 0.011468 seconds 
Number of asset objects unloaded after import = 1
========================================================================
Received Import Request.
  Time since last request: 0.000025 seconds.
  path: Assets/Assets/Tilesetv3_39.asset
  artifactKey: Guid(853f3a3883e51ad44aa123f004b260a4) Importer(815301076,1909f56bfc062723c751e8b465ee728b)
Number of updated assets reloaded before import = 0
Start importing Assets/Assets/Tilesetv3_39.asset using Guid(853f3a3883e51ad44aa123f004b260a4) Importer(815301076,1909f56bfc062723c751e8b465ee728b)  -> (artifact id: '2e285199892a10302b9644e3b02cf2d9') in 0.013721 seconds 
Number of asset objects unloaded after import = 1
========================================================================
Received Import Request.
  Time since last request: 0.000028 seconds.
  path: Assets/Assets/Tilesetv3_40.asset
  artifactKey: Guid(f3e1d10a957b355478e2bfb91e2fcbef) Importer(815301076,1909f56bfc062723c751e8b465ee728b)
Number of updated assets reloaded before import = 0
Start importing Assets/Assets/Tilesetv3_40.asset using Guid(f3e1d10a957b355478e2bfb91e2fcbef) Importer(815301076,1909f56bfc062723c751e8b465ee728b)  -> (artifact id: '2854987e1f6ce024dc0646e74528f615') in 0.003666 seconds 
Number of asset objects unloaded after import = 1
========================================================================
Received Import Request.
  Time since last request: 0.000019 seconds.
  path: Assets/Assets/Tilesetv3_47.asset
  artifactKey: Guid(9232563474c68c64aa0ecc9464205108) Importer(815301076,1909f56bfc062723c751e8b465ee728b)
Number of updated assets reloaded before import = 0
Start importing Assets/Assets/Tilesetv3_47.asset using Guid(9232563474c68c64aa0ecc9464205108) Importer(815301076,1909f56bfc062723c751e8b465ee728b)  -> (artifact id: 'fe317ff05f27977da611dbaefdecd73a') in 0.012237 seconds 
Number of asset objects unloaded after import = 1
========================================================================
Received Import Request.
  Time since last request: 0.000016 seconds.
  path: Assets/Assets/Tilesetv3_42.asset
  artifactKey: Guid(8b005e8958208444192b40c8666794e4) Importer(815301076,1909f56bfc062723c751e8b465ee728b)
Number of updated assets reloaded before import = 0
Start importing Assets/Assets/Tilesetv3_42.asset using Guid(8b005e8958208444192b40c8666794e4) Importer(815301076,1909f56bfc062723c751e8b465ee728b)  -> (artifact id: '80514d9861be5cf7c3731552ab5c9142') in 0.003509 seconds 
Number of asset objects unloaded after import = 1
========================================================================
Received Import Request.
  Time since last request: 0.000016 seconds.
  path: Assets/Assets/Tilesetv3_30.asset
  artifactKey: Guid(f54425e3737ee264ab622a03263f19ad) Importer(815301076,1909f56bfc062723c751e8b465ee728b)
Number of updated assets reloaded before import = 0
Start importing Assets/Assets/Tilesetv3_30.asset using Guid(f54425e3737ee264ab622a03263f19ad) Importer(815301076,1909f56bfc062723c751e8b465ee728b)  -> (artifact id: '6aca3ad92ead0c9e618db22dbb878f13') in 0.011328 seconds 
Number of asset objects unloaded after import = 1
========================================================================
Received Import Request.
  Time since last request: 0.000019 seconds.
  path: Assets/Assets/Tilesetv3_20.asset
  artifactKey: Guid(521b7b977dbf0f34abc570a2da9f62dc) Importer(815301076,1909f56bfc062723c751e8b465ee728b)
Number of updated assets reloaded before import = 0
Start importing Assets/Assets/Tilesetv3_20.asset using Guid(521b7b977dbf0f34abc570a2da9f62dc) Importer(815301076,1909f56bfc062723c751e8b465ee728b)  -> (artifact id: '749c7c661b27f4305eab1255cbb6f989') in 0.011210 seconds 
Number of asset objects unloaded after import = 1
========================================================================
Received Import Request.
  Time since last request: 0.000018 seconds.
  path: Assets/Assets/Tilesetv3_18.asset
  artifactKey: Guid(35219bcd57f956545bc3c7eca29a2146) Importer(815301076,1909f56bfc062723c751e8b465ee728b)
Number of updated assets reloaded before import = 0
Start importing Assets/Assets/Tilesetv3_18.asset using Guid(35219bcd57f956545bc3c7eca29a2146) Importer(815301076,1909f56bfc062723c751e8b465ee728b)  -> (artifact id: 'aa4164e15a5e39ae5e2f42393c1d5528') in 0.003825 seconds 
Number of asset objects unloaded after import = 1
========================================================================
Received Import Request.
  Time since last request: 0.000020 seconds.
  path: Assets/Assets/Tilesetv3_19.asset
  artifactKey: Guid(90791f46a4bfbbb4c8a5fe94b387241c) Importer(815301076,1909f56bfc062723c751e8b465ee728b)
Number of updated assets reloaded before import = 0
Start importing Assets/Assets/Tilesetv3_19.asset using Guid(90791f46a4bfbbb4c8a5fe94b387241c) Importer(815301076,1909f56bfc062723c751e8b465ee728b)  -> (artifact id: '48a221b4a843f3c7d077af1a1d68ab96') in 0.004036 seconds 
Number of asset objects unloaded after import = 1
========================================================================
Received Import Request.
  Time since last request: 0.000017 seconds.
  path: Assets/Assets/Tilesetv3_5.asset
  artifactKey: Guid(08c4d203503aa3a4c8bebe8026015f14) Importer(815301076,1909f56bfc062723c751e8b465ee728b)
Number of updated assets reloaded before import = 0
Start importing Assets/Assets/Tilesetv3_5.asset using Guid(08c4d203503aa3a4c8bebe8026015f14) Importer(815301076,1909f56bfc062723c751e8b465ee728b)  -> (artifact id: '86e9d25d354bbcc100b9cf52d2599982') in 0.002971 seconds 
Number of asset objects unloaded after import = 1
========================================================================
Received Import Request.
  Time since last request: 0.000014 seconds.
  path: Assets/Assets/Tilesetv3_58.asset
  artifactKey: Guid(f7d49c4f4584d5142b2410d95cb35e2a) Importer(815301076,1909f56bfc062723c751e8b465ee728b)
Number of updated assets reloaded before import = 0
Start importing Assets/Assets/Tilesetv3_58.asset using Guid(f7d49c4f4584d5142b2410d95cb35e2a) Importer(815301076,1909f56bfc062723c751e8b465ee728b)  -> (artifact id: '58e3f9613ee6e95a0cc952fa4ac22de1') in 0.002585 seconds 
Number of asset objects unloaded after import = 1
========================================================================
Received Import Request.
  Time since last request: 0.000015 seconds.
  path: Assets/Assets/Tilesetv3_38.asset
  artifactKey: Guid(69011745e37298e42926e81d6086d434) Importer(815301076,1909f56bfc062723c751e8b465ee728b)
Number of updated assets reloaded before import = 0
Start importing Assets/Assets/Tilesetv3_38.asset using Guid(69011745e37298e42926e81d6086d434) Importer(815301076,1909f56bfc062723c751e8b465ee728b)  -> (artifact id: '4874c5008f00ba3789d4e403797dc546') in 0.010498 seconds 
Number of asset objects unloaded after import = 1
========================================================================
Received Import Request.
  Time since last request: 0.000015 seconds.
  path: Assets/Assets/Tilesetv3_52.asset
  artifactKey: Guid(1db564406c91b364093d189cfdc8ab2b) Importer(815301076,1909f56bfc062723c751e8b465ee728b)
Number of updated assets reloaded before import = 0
Start importing Assets/Assets/Tilesetv3_52.asset using Guid(1db564406c91b364093d189cfdc8ab2b) Importer(815301076,1909f56bfc062723c751e8b465ee728b)  -> (artifact id: '109bf295d0f5cf8cb6a67ef2a202e73d') in 0.002786 seconds 
Number of asset objects unloaded after import = 1
========================================================================
Received Import Request.
  Time since last request: 7.745587 seconds.
  path: Assets/Assets/Tilesetv3_60.asset
  artifactKey: Guid(301e69ba2080cff4897e442527624038) Importer(815301076,1909f56bfc062723c751e8b465ee728b)
Number of updated assets reloaded before import = 0
Start importing Assets/Assets/Tilesetv3_60.asset using Guid(301e69ba2080cff4897e442527624038) Importer(815301076,1909f56bfc062723c751e8b465ee728b)  -> (artifact id: '9d0efb2d19982cb976c8cd7fcbce66d4') in 0.003884 seconds 
Number of asset objects unloaded after import = 1
========================================================================
Received Import Request.
  Time since last request: 0.000015 seconds.
  path: Assets/Assets/Tilesetv3_68.asset
  artifactKey: Guid(c7c29a70925c40e479d70dc02ff79daa) Importer(815301076,1909f56bfc062723c751e8b465ee728b)
Number of updated assets reloaded before import = 0
Start importing Assets/Assets/Tilesetv3_68.asset using Guid(c7c29a70925c40e479d70dc02ff79daa) Importer(815301076,1909f56bfc062723c751e8b465ee728b)  -> (artifact id: '89ff4ea7a3933d84261a0456fc44b49b') in 0.003322 seconds 
Number of asset objects unloaded after import = 1
========================================================================
Received Import Request.
  Time since last request: 0.000018 seconds.
  path: Assets/Assets/Tilesetv3_65.asset
  artifactKey: Guid(52717ef68b617684187674fc75747162) Importer(815301076,1909f56bfc062723c751e8b465ee728b)
Number of updated assets reloaded before import = 0
Start importing Assets/Assets/Tilesetv3_65.asset using Guid(52717ef68b617684187674fc75747162) Importer(815301076,1909f56bfc062723c751e8b465ee728b)  -> (artifact id: 'a4fbeaea3bf2c880e1e97e64d9f97a9b') in 0.003054 seconds 
Number of asset objects unloaded after import = 1
========================================================================
Received Import Request.
  Time since last request: 0.000021 seconds.
  path: Assets/Assets/Tilesetv3_74.asset
  artifactKey: Guid(719f95262f2329243831148a7b4083c4) Importer(815301076,1909f56bfc062723c751e8b465ee728b)
Number of updated assets reloaded before import = 0
Start importing Assets/Assets/Tilesetv3_74.asset using Guid(719f95262f2329243831148a7b4083c4) Importer(815301076,1909f56bfc062723c751e8b465ee728b)  -> (artifact id: '2c2b0c140a8d69d18cbb40dc4a31c284') in 0.003470 seconds 
Number of asset objects unloaded after import = 1
========================================================================
Received Import Request.
  Time since last request: 0.000031 seconds.
  path: Assets/Assets/Tilesetv3_76.asset
  artifactKey: Guid(ac64bdfb49cc13945ae19196433c12bb) Importer(815301076,1909f56bfc062723c751e8b465ee728b)
Number of updated assets reloaded before import = 0
Start importing Assets/Assets/Tilesetv3_76.asset using Guid(ac64bdfb49cc13945ae19196433c12bb) Importer(815301076,1909f56bfc062723c751e8b465ee728b)  -> (artifact id: 'f7e291c6a1b0bd5a03bd6e4d539e1b0a') in 0.003652 seconds 
Number of asset objects unloaded after import = 1
========================================================================
Received Import Request.
  Time since last request: 0.000013 seconds.
  path: Assets/Assets/Tilesetv3_91.asset
  artifactKey: Guid(ccf31ce86a601ea449b4b97ee3fd62f7) Importer(815301076,1909f56bfc062723c751e8b465ee728b)
Number of updated assets reloaded before import = 0
Start importing Assets/Assets/Tilesetv3_91.asset using Guid(ccf31ce86a601ea449b4b97ee3fd62f7) Importer(815301076,1909f56bfc062723c751e8b465ee728b)  -> (artifact id: '26d655ebd537301d92c932adfd3ddfdc') in 0.003168 seconds 
Number of asset objects unloaded after import = 1
========================================================================
Received Import Request.
  Time since last request: 0.000023 seconds.
  path: Assets/Assets/Tilesetv3_93.asset
  artifactKey: Guid(0d6776dae8a9cc84d815a94cc80b80d3) Importer(815301076,1909f56bfc062723c751e8b465ee728b)
Number of updated assets reloaded before import = 0
Start importing Assets/Assets/Tilesetv3_93.asset using Guid(0d6776dae8a9cc84d815a94cc80b80d3) Importer(815301076,1909f56bfc062723c751e8b465ee728b)  -> (artifact id: 'f7ea62f540a37ebe414c23e3583012fb') in 0.011290 seconds 
Number of asset objects unloaded after import = 1
========================================================================
Received Import Request.
  Time since last request: 0.000033 seconds.
  path: Assets/Assets/Tilesetv3_75.asset
  artifactKey: Guid(57d653a76e7c6fe4bb80e5e90f277e90) Importer(815301076,1909f56bfc062723c751e8b465ee728b)
Number of updated assets reloaded before import = 0
Start importing Assets/Assets/Tilesetv3_75.asset using Guid(57d653a76e7c6fe4bb80e5e90f277e90) Importer(815301076,1909f56bfc062723c751e8b465ee728b)  -> (artifact id: 'fa0b0cc65035ab6f81e7fbac7c7526a6') in 0.012207 seconds 
Number of asset objects unloaded after import = 1
========================================================================
Received Import Request.
  Time since last request: 0.000018 seconds.
  path: Assets/Assets/Tilesetv3_119.asset
  artifactKey: Guid(fc09bdb06c48abc4a9fe88fcb5a12ad7) Importer(815301076,1909f56bfc062723c751e8b465ee728b)
Number of updated assets reloaded before import = 0
Start importing Assets/Assets/Tilesetv3_119.asset using Guid(fc09bdb06c48abc4a9fe88fcb5a12ad7) Importer(815301076,1909f56bfc062723c751e8b465ee728b)  -> (artifact id: '073e3377b0203160083ae114cfb12d5a') in 0.003259 seconds 
Number of asset objects unloaded after import = 1
========================================================================
Received Import Request.
  Time since last request: 0.000015 seconds.
  path: Assets/Assets/Tilesetv3_113.asset
  artifactKey: Guid(b10a4e5d9b81a0241b997bf875d4ea9e) Importer(815301076,1909f56bfc062723c751e8b465ee728b)
Number of updated assets reloaded before import = 0
Start importing Assets/Assets/Tilesetv3_113.asset using Guid(b10a4e5d9b81a0241b997bf875d4ea9e) Importer(815301076,1909f56bfc062723c751e8b465ee728b)  -> (artifact id: '8b76077ae4f75a47b2026c4267773f08') in 0.010659 seconds 
Number of asset objects unloaded after import = 1
========================================================================
Received Import Request.
  Time since last request: 0.000018 seconds.
  path: Assets/Assets/Tilesetv3_105.asset
  artifactKey: Guid(d4896e16dd72470469fb95a6824c6a95) Importer(815301076,1909f56bfc062723c751e8b465ee728b)
Number of updated assets reloaded before import = 0
Start importing Assets/Assets/Tilesetv3_105.asset using Guid(d4896e16dd72470469fb95a6824c6a95) Importer(815301076,1909f56bfc062723c751e8b465ee728b)  -> (artifact id: 'ca9180a57e04af3b5442933a73b30687') in 0.003063 seconds 
Number of asset objects unloaded after import = 1
========================================================================
Received Import Request.
  Time since last request: 0.000023 seconds.
  path: Assets/Assets/Tilesetv3_110.asset
  artifactKey: Guid(3d980fb4588c4a046acbe0598e326e80) Importer(815301076,1909f56bfc062723c751e8b465ee728b)
Number of updated assets reloaded before import = 0
Start importing Assets/Assets/Tilesetv3_110.asset using Guid(3d980fb4588c4a046acbe0598e326e80) Importer(815301076,1909f56bfc062723c751e8b465ee728b)  -> (artifact id: '57ee60ddfdea49f1225830b50b4c8d08') in 0.003827 seconds 
Number of asset objects unloaded after import = 1
========================================================================
Received Import Request.
  Time since last request: 0.000022 seconds.
  path: Assets/Assets/Tilesetv3_123.asset
  artifactKey: Guid(38dfbf238dc55bd43a6581b2260ca5f9) Importer(815301076,1909f56bfc062723c751e8b465ee728b)
Number of updated assets reloaded before import = 0
Start importing Assets/Assets/Tilesetv3_123.asset using Guid(38dfbf238dc55bd43a6581b2260ca5f9) Importer(815301076,1909f56bfc062723c751e8b465ee728b)  -> (artifact id: 'fac1362bf7edd34a4d8633097174e239') in 0.004119 seconds 
Number of asset objects unloaded after import = 1
========================================================================
Received Import Request.
  Time since last request: 0.000019 seconds.
  path: Assets/Assets/Tilesetv3_83.asset
  artifactKey: Guid(25ab9cab47f17a24783190636dc78ffa) Importer(815301076,1909f56bfc062723c751e8b465ee728b)
Number of updated assets reloaded before import = 0
Start importing Assets/Assets/Tilesetv3_83.asset using Guid(25ab9cab47f17a24783190636dc78ffa) Importer(815301076,1909f56bfc062723c751e8b465ee728b)  -> (artifact id: 'b22dc8d40c60e23f0975da6487c2ff9a') in 0.003162 seconds 
Number of asset objects unloaded after import = 1
========================================================================
Received Import Request.
  Time since last request: 0.000015 seconds.
  path: Assets/Assets/Tilesetv3_86.asset
  artifactKey: Guid(19c3dd7471d248b4aacdeecba5388a11) Importer(815301076,1909f56bfc062723c751e8b465ee728b)
Number of updated assets reloaded before import = 0
Start importing Assets/Assets/Tilesetv3_86.asset using Guid(19c3dd7471d248b4aacdeecba5388a11) Importer(815301076,1909f56bfc062723c751e8b465ee728b)  -> (artifact id: '8b1e0a1f3a3689c1cc6668942aa91914') in 0.003268 seconds 
Number of asset objects unloaded after import = 1
========================================================================
Received Import Request.
  Time since last request: 0.000015 seconds.
  path: Assets/Assets/Tilesetv3_82.asset
  artifactKey: Guid(d7bda49c812cdfd4c9f610ade1156192) Importer(815301076,1909f56bfc062723c751e8b465ee728b)
Number of updated assets reloaded before import = 0
Start importing Assets/Assets/Tilesetv3_82.asset using Guid(d7bda49c812cdfd4c9f610ade1156192) Importer(815301076,1909f56bfc062723c751e8b465ee728b)  -> (artifact id: '8584c5cc18c5b0e116f7f6f75d2187e7') in 0.003000 seconds 
Number of asset objects unloaded after import = 1
========================================================================
Received Import Request.
  Time since last request: 0.000021 seconds.
  path: Assets/Assets/Tilesetv3_125.asset
  artifactKey: Guid(bd65d4842dcde144a81329f2d606ed5e) Importer(815301076,1909f56bfc062723c751e8b465ee728b)
Number of updated assets reloaded before import = 0
Start importing Assets/Assets/Tilesetv3_125.asset using Guid(bd65d4842dcde144a81329f2d606ed5e) Importer(815301076,1909f56bfc062723c751e8b465ee728b)  -> (artifact id: '29d89e3a9dfa1dfbb2de4af01b8edc63') in 0.004138 seconds 
Number of asset objects unloaded after import = 1
========================================================================
Received Import Request.
  Time since last request: 0.000014 seconds.
  path: Assets/Assets/Tilesetv3_144.asset
  artifactKey: Guid(947901fda9a6d394bb51f25ed8e695fa) Importer(815301076,1909f56bfc062723c751e8b465ee728b)
Number of updated assets reloaded before import = 0
Start importing Assets/Assets/Tilesetv3_144.asset using Guid(947901fda9a6d394bb51f25ed8e695fa) Importer(815301076,1909f56bfc062723c751e8b465ee728b)  -> (artifact id: '57210e6ccdd9ae71061ce3f20e8fcf5b') in 0.003069 seconds 
Number of asset objects unloaded after import = 1
========================================================================
Received Import Request.
  Time since last request: 0.000015 seconds.
  path: Assets/Assets/Tilesetv3_134.asset
  artifactKey: Guid(b26251093334c3e4fa1ae7da4c188287) Importer(815301076,1909f56bfc062723c751e8b465ee728b)
Number of updated assets reloaded before import = 0
Start importing Assets/Assets/Tilesetv3_134.asset using Guid(b26251093334c3e4fa1ae7da4c188287) Importer(815301076,1909f56bfc062723c751e8b465ee728b)  -> (artifact id: '1acbab114c22667a25cb62127de31a91') in 0.003378 seconds 
Number of asset objects unloaded after import = 1
========================================================================
Received Import Request.
  Time since last request: 0.000017 seconds.
  path: Assets/Assets/Tilesetv3_141.asset
  artifactKey: Guid(8abb16b56fc3fbb4b8edb70fa821610b) Importer(815301076,1909f56bfc062723c751e8b465ee728b)
Number of updated assets reloaded before import = 0
Start importing Assets/Assets/Tilesetv3_141.asset using Guid(8abb16b56fc3fbb4b8edb70fa821610b) Importer(815301076,1909f56bfc062723c751e8b465ee728b)  -> (artifact id: 'b4a06f4ab2e8fceb52c404e5e0d777cd') in 0.011115 seconds 
Number of asset objects unloaded after import = 1
========================================================================
Received Import Request.
  Time since last request: 0.000018 seconds.
  path: Assets/Assets/Tilesetv3_128.asset
  artifactKey: Guid(5c41f3dad65deda4dafbd48a3ac0d112) Importer(815301076,1909f56bfc062723c751e8b465ee728b)
Number of updated assets reloaded before import = 0
Start importing Assets/Assets/Tilesetv3_128.asset using Guid(5c41f3dad65deda4dafbd48a3ac0d112) Importer(815301076,1909f56bfc062723c751e8b465ee728b)  -> (artifact id: '303cd2c67d66375dbae8d30f355d7106') in 0.003732 seconds 
Number of asset objects unloaded after import = 1
========================================================================
Received Import Request.
  Time since last request: 0.000020 seconds.
  path: Assets/Assets/Tilesetv3_132.asset
  artifactKey: Guid(a5f91fa88f92f3546b0e26e16d484309) Importer(815301076,1909f56bfc062723c751e8b465ee728b)
Number of updated assets reloaded before import = 0
Start importing Assets/Assets/Tilesetv3_132.asset using Guid(a5f91fa88f92f3546b0e26e16d484309) Importer(815301076,1909f56bfc062723c751e8b465ee728b)  -> (artifact id: '3e3a9adf47b2048aa72e293428dae897') in 0.003102 seconds 
Number of asset objects unloaded after import = 1
========================================================================
Received Import Request.
  Time since last request: 0.000018 seconds.
  path: Assets/Assets/Tilesetv3_130.asset
  artifactKey: Guid(f21d1f9e2ed09b445a3d5d72ec14321e) Importer(815301076,1909f56bfc062723c751e8b465ee728b)
Number of updated assets reloaded before import = 0
Start importing Assets/Assets/Tilesetv3_130.asset using Guid(f21d1f9e2ed09b445a3d5d72ec14321e) Importer(815301076,1909f56bfc062723c751e8b465ee728b)  -> (artifact id: 'f85df6b04dbabe8d32f842b6d8c94014') in 0.002957 seconds 
Number of asset objects unloaded after import = 1
========================================================================
Received Import Request.
  Time since last request: 0.000014 seconds.
  path: Assets/Assets/Tilesetv3_126.asset
  artifactKey: Guid(606c1d31903670e44ae5ecb1005803c1) Importer(815301076,1909f56bfc062723c751e8b465ee728b)
Number of updated assets reloaded before import = 0
Start importing Assets/Assets/Tilesetv3_126.asset using Guid(606c1d31903670e44ae5ecb1005803c1) Importer(815301076,1909f56bfc062723c751e8b465ee728b)  -> (artifact id: 'efdc4286c523d6abfdfd679490f1982c') in 0.003244 seconds 
Number of asset objects unloaded after import = 1
========================================================================
Received Import Request.
  Time since last request: 0.001984 seconds.
  path: Assets/Assets/Tilesetv3_98.asset
  artifactKey: Guid(f41699e0873b3dc45b51ced655bc021a) Importer(815301076,1909f56bfc062723c751e8b465ee728b)
Number of updated assets reloaded before import = 0
Start importing Assets/Assets/Tilesetv3_98.asset using Guid(f41699e0873b3dc45b51ced655bc021a) Importer(815301076,1909f56bfc062723c751e8b465ee728b)  -> (artifact id: '9203bca0cd882f793d3aaeb8d9006e6e') in 0.003060 seconds 
Number of asset objects unloaded after import = 1
========================================================================
Received Import Request.
  Time since last request: 0.000016 seconds.
  path: Assets/Assets/Tilesetv3_79.asset
  artifactKey: Guid(c9e300b3f78c6e54aa02478504a4744f) Importer(815301076,1909f56bfc062723c751e8b465ee728b)
Number of updated assets reloaded before import = 0
Start importing Assets/Assets/Tilesetv3_79.asset using Guid(c9e300b3f78c6e54aa02478504a4744f) Importer(815301076,1909f56bfc062723c751e8b465ee728b)  -> (artifact id: '048fd33ad32e917c2af6585c5ac2adc6') in 0.003712 seconds 
Number of asset objects unloaded after import = 1
========================================================================
Received Import Request.
  Time since last request: 0.000013 seconds.
  path: Assets/Assets/Tilesetv3_102.asset
  artifactKey: Guid(c8d8314a291aa11479d7a712c69262c1) Importer(815301076,1909f56bfc062723c751e8b465ee728b)
Number of updated assets reloaded before import = 0
Start importing Assets/Assets/Tilesetv3_102.asset using Guid(c8d8314a291aa11479d7a712c69262c1) Importer(815301076,1909f56bfc062723c751e8b465ee728b)  -> (artifact id: '836521224b988a93be447adcd1f42b01') in 0.003154 seconds 
Number of asset objects unloaded after import = 1
========================================================================
Received Import Request.
  Time since last request: 0.000013 seconds.
  path: Assets/Assets/Tilesetv3_122.asset
  artifactKey: Guid(5282416b570011d479c5bcd692914e21) Importer(815301076,1909f56bfc062723c751e8b465ee728b)
Number of updated assets reloaded before import = 0
Start importing Assets/Assets/Tilesetv3_122.asset using Guid(5282416b570011d479c5bcd692914e21) Importer(815301076,1909f56bfc062723c751e8b465ee728b)  -> (artifact id: '24447bc4c09dcd935e733e43a42a2ee2') in 0.002983 seconds 
Number of asset objects unloaded after import = 1
========================================================================
Received Import Request.
  Time since last request: 0.000017 seconds.
  path: Assets/Assets/Tilesetv3_103.asset
  artifactKey: Guid(c72e2d4aee8fb94489ff832c681d5441) Importer(815301076,1909f56bfc062723c751e8b465ee728b)
Number of updated assets reloaded before import = 0
Start importing Assets/Assets/Tilesetv3_103.asset using Guid(c72e2d4aee8fb94489ff832c681d5441) Importer(815301076,1909f56bfc062723c751e8b465ee728b)  -> (artifact id: 'f241eb04fe82851d364889a48293c773') in 0.010960 seconds 
Number of asset objects unloaded after import = 1
========================================================================
Received Import Request.
  Time since last request: 0.000015 seconds.
  path: Assets/Assets/Tilesetv3_94.asset
  artifactKey: Guid(ee0c024656957b74f8704539f4f10ffc) Importer(815301076,1909f56bfc062723c751e8b465ee728b)
Number of updated assets reloaded before import = 0
Start importing Assets/Assets/Tilesetv3_94.asset using Guid(ee0c024656957b74f8704539f4f10ffc) Importer(815301076,1909f56bfc062723c751e8b465ee728b)  -> (artifact id: 'b86ac45d7b948d9af11388b38a0644a5') in 0.010074 seconds 
Number of asset objects unloaded after import = 1
========================================================================
Received Import Request.
  Time since last request: 0.142593 seconds.
  path: Assets/Assets/Tilesetv3_148.asset
  artifactKey: Guid(c3a30d9616277fb46a75c26990c1ce05) Importer(815301076,1909f56bfc062723c751e8b465ee728b)
Number of updated assets reloaded before import = 0
Start importing Assets/Assets/Tilesetv3_148.asset using Guid(c3a30d9616277fb46a75c26990c1ce05) Importer(815301076,1909f56bfc062723c751e8b465ee728b)  -> (artifact id: '1938edfb54e5daf7b4c83fb0d7f85d86') in 0.003710 seconds 
Number of asset objects unloaded after import = 1
========================================================================
Received Import Request.
  Time since last request: 0.000026 seconds.
  path: Assets/Assets/Tilesetv3_167.asset
  artifactKey: Guid(3353aa6024536e64891aece8f4b3e3b4) Importer(815301076,1909f56bfc062723c751e8b465ee728b)
Number of updated assets reloaded before import = 0
Start importing Assets/Assets/Tilesetv3_167.asset using Guid(3353aa6024536e64891aece8f4b3e3b4) Importer(815301076,1909f56bfc062723c751e8b465ee728b)  -> (artifact id: 'c2e8e34197e901eb19917497df306976') in 0.004280 seconds 
Number of asset objects unloaded after import = 1
========================================================================
Received Import Request.
  Time since last request: 0.000013 seconds.
  path: Assets/Assets/Tilesetv3_158.asset
  artifactKey: Guid(62eaaf6e6be7e0d4aa23eebcb9d7e43a) Importer(815301076,1909f56bfc062723c751e8b465ee728b)
Number of updated assets reloaded before import = 0
Start importing Assets/Assets/Tilesetv3_158.asset using Guid(62eaaf6e6be7e0d4aa23eebcb9d7e43a) Importer(815301076,1909f56bfc062723c751e8b465ee728b)  -> (artifact id: '3919006cdab74487f558f98ad987c17d') in 0.002714 seconds 
Number of asset objects unloaded after import = 1
========================================================================
Received Import Request.
  Time since last request: 0.000017 seconds.
  path: Assets/Assets/Tilesetv3_161.asset
  artifactKey: Guid(db0be6e43f5a7594e9406cffb60c38dd) Importer(815301076,1909f56bfc062723c751e8b465ee728b)
Number of updated assets reloaded before import = 0
Start importing Assets/Assets/Tilesetv3_161.asset using Guid(db0be6e43f5a7594e9406cffb60c38dd) Importer(815301076,1909f56bfc062723c751e8b465ee728b)  -> (artifact id: '1a9636a9dc23527be4525aae72c90441') in 0.003318 seconds 
Number of asset objects unloaded after import = 1
========================================================================
Received Import Request.
  Time since last request: 0.000015 seconds.
  path: Assets/Assets/Tilesetv3_155.asset
  artifactKey: Guid(4a4f33132e3d52e4d9117c2039fc4142) Importer(815301076,1909f56bfc062723c751e8b465ee728b)
Number of updated assets reloaded before import = 0
Start importing Assets/Assets/Tilesetv3_155.asset using Guid(4a4f33132e3d52e4d9117c2039fc4142) Importer(815301076,1909f56bfc062723c751e8b465ee728b)  -> (artifact id: '88cb630aa462559ceaf4ae46282e5127') in 0.012770 seconds 
Number of asset objects unloaded after import = 1
========================================================================
Received Import Request.
  Time since last request: 0.000017 seconds.
  path: Assets/Assets/Tilesetv3_157.asset
  artifactKey: Guid(f5f3f4c79e1597149bdbf32d23bf1431) Importer(815301076,1909f56bfc062723c751e8b465ee728b)
Number of updated assets reloaded before import = 0
Start importing Assets/Assets/Tilesetv3_157.asset using Guid(f5f3f4c79e1597149bdbf32d23bf1431) Importer(815301076,1909f56bfc062723c751e8b465ee728b)  -> (artifact id: '54877d0e6b7e5d9527a0a2d9168f3e27') in 0.003542 seconds 
Number of asset objects unloaded after import = 1
========================================================================
Received Import Request.
  Time since last request: 0.000016 seconds.
  path: Assets/Assets/Tilesetv3_192.asset
  artifactKey: Guid(d0c7a1687c18c1744b099cb5cb3aa59a) Importer(815301076,1909f56bfc062723c751e8b465ee728b)
Number of updated assets reloaded before import = 0
Start importing Assets/Assets/Tilesetv3_192.asset using Guid(d0c7a1687c18c1744b099cb5cb3aa59a) Importer(815301076,1909f56bfc062723c751e8b465ee728b)  -> (artifact id: '6de9f40a178ee7fd1230843785629583') in 0.011986 seconds 
Number of asset objects unloaded after import = 1
========================================================================
Received Import Request.
  Time since last request: 0.000025 seconds.
  path: Assets/Assets/Tilesetv3_231.asset
  artifactKey: Guid(9da67bb0363f49549bd56afe5b4cf07c) Importer(815301076,1909f56bfc062723c751e8b465ee728b)
Number of updated assets reloaded before import = 0
Start importing Assets/Assets/Tilesetv3_231.asset using Guid(9da67bb0363f49549bd56afe5b4cf07c) Importer(815301076,1909f56bfc062723c751e8b465ee728b)  -> (artifact id: '6f69eb5490ea938cfbced5b2e6b9f980') in 0.004110 seconds 
Number of asset objects unloaded after import = 1
========================================================================
Received Import Request.
  Time since last request: 0.000014 seconds.
  path: Assets/Assets/Tilesetv3_203.asset
  artifactKey: Guid(9d1c907ce297af8408dc565faace8961) Importer(815301076,1909f56bfc062723c751e8b465ee728b)
Number of updated assets reloaded before import = 0
Start importing Assets/Assets/Tilesetv3_203.asset using Guid(9d1c907ce297af8408dc565faace8961) Importer(815301076,1909f56bfc062723c751e8b465ee728b)  -> (artifact id: '68f67c1b55c090eae9e8b7e301ec1f8a') in 0.002829 seconds 
Number of asset objects unloaded after import = 1
========================================================================
Received Import Request.
  Time since last request: 0.000014 seconds.
  path: Assets/Assets/Tilesetv3_212.asset
  artifactKey: Guid(77f5898e7ab07f540880c6a8787e008d) Importer(815301076,1909f56bfc062723c751e8b465ee728b)
Number of updated assets reloaded before import = 0
Start importing Assets/Assets/Tilesetv3_212.asset using Guid(77f5898e7ab07f540880c6a8787e008d) Importer(815301076,1909f56bfc062723c751e8b465ee728b)  -> (artifact id: '9d353f5c24682c7b3d2136dfe8971588') in 0.011230 seconds 
Number of asset objects unloaded after import = 1
========================================================================
Received Import Request.
  Time since last request: 0.000021 seconds.
  path: Assets/Assets/Tilesetv3_237.asset
  artifactKey: Guid(effe9ac988665094fa7fef8c8e8e7120) Importer(815301076,1909f56bfc062723c751e8b465ee728b)
Number of updated assets reloaded before import = 0
Start importing Assets/Assets/Tilesetv3_237.asset using Guid(effe9ac988665094fa7fef8c8e8e7120) Importer(815301076,1909f56bfc062723c751e8b465ee728b)  -> (artifact id: '44ece96932f651a0a49740622071e24a') in 0.003641 seconds 
Number of asset objects unloaded after import = 1
========================================================================
Received Import Request.
  Time since last request: 0.000016 seconds.
  path: Assets/Assets/Tilesetv3_262.asset
  artifactKey: Guid(ab065748fd885fc4aa7583f53f4de568) Importer(815301076,1909f56bfc062723c751e8b465ee728b)
Number of updated assets reloaded before import = 0
Start importing Assets/Assets/Tilesetv3_262.asset using Guid(ab065748fd885fc4aa7583f53f4de568) Importer(815301076,1909f56bfc062723c751e8b465ee728b)  -> (artifact id: '4b4a5f3b02b51bcb553938f1f45cef67') in 0.002704 seconds 
Number of asset objects unloaded after import = 1
========================================================================
Received Import Request.
  Time since last request: 0.000015 seconds.
  path: Assets/Assets/Tilesetv3_244.asset
  artifactKey: Guid(33a0688cdafd2464281a6849efa0c6b1) Importer(815301076,1909f56bfc062723c751e8b465ee728b)
Number of updated assets reloaded before import = 0
Start importing Assets/Assets/Tilesetv3_244.asset using Guid(33a0688cdafd2464281a6849efa0c6b1) Importer(815301076,1909f56bfc062723c751e8b465ee728b)  -> (artifact id: '4ae15143a54cd04ec70a85b35af20f2a') in 0.002913 seconds 
Number of asset objects unloaded after import = 1
========================================================================
Received Import Request.
  Time since last request: 0.000013 seconds.
  path: Assets/Assets/Tilesetv3_211.asset
  artifactKey: Guid(0c9feba373a4cf54a9df3d62cce35636) Importer(815301076,1909f56bfc062723c751e8b465ee728b)
Number of updated assets reloaded before import = 0
Start importing Assets/Assets/Tilesetv3_211.asset using Guid(0c9feba373a4cf54a9df3d62cce35636) Importer(815301076,1909f56bfc062723c751e8b465ee728b)  -> (artifact id: 'f3a0beb95dc3876811d96d88a5732e88') in 0.003493 seconds 
Number of asset objects unloaded after import = 1
========================================================================
Received Import Request.
  Time since last request: 0.000016 seconds.
  path: Assets/Assets/Tilesetv3_209.asset
  artifactKey: Guid(99b80ddd9fc9ee449997479c58f224bd) Importer(815301076,1909f56bfc062723c751e8b465ee728b)
Number of updated assets reloaded before import = 0
Start importing Assets/Assets/Tilesetv3_209.asset using Guid(99b80ddd9fc9ee449997479c58f224bd) Importer(815301076,1909f56bfc062723c751e8b465ee728b)  -> (artifact id: 'e09df303b97a64b98e41686ca1ad1c58') in 0.003213 seconds 
Number of asset objects unloaded after import = 1
========================================================================
Received Import Request.
  Time since last request: 0.000011 seconds.
  path: Assets/Assets/Tilesetv3_208.asset
  artifactKey: Guid(a59f6b4221d4e5f46b64fc8d67a00aa0) Importer(815301076,1909f56bfc062723c751e8b465ee728b)
Number of updated assets reloaded before import = 0
Start importing Assets/Assets/Tilesetv3_208.asset using Guid(a59f6b4221d4e5f46b64fc8d67a00aa0) Importer(815301076,1909f56bfc062723c751e8b465ee728b)  -> (artifact id: '31c15bcdda9aa7236a6538431f12880f') in 0.002907 seconds 
Number of asset objects unloaded after import = 1
========================================================================
Received Import Request.
  Time since last request: 0.000024 seconds.
  path: Assets/Assets/Tilesetv3_183.asset
  artifactKey: Guid(8c4c03331515e2b42a42b5cde18a42b3) Importer(815301076,1909f56bfc062723c751e8b465ee728b)
Number of updated assets reloaded before import = 0
Start importing Assets/Assets/Tilesetv3_183.asset using Guid(8c4c03331515e2b42a42b5cde18a42b3) Importer(815301076,1909f56bfc062723c751e8b465ee728b)  -> (artifact id: '06146b73f43867bfba39613445dd2474') in 0.002855 seconds 
Number of asset objects unloaded after import = 1
========================================================================
Received Import Request.
  Time since last request: 0.000015 seconds.
  path: Assets/Assets/Tilesetv3_177.asset
  artifactKey: Guid(b388e13759fe9984d9404b728cbcb4b9) Importer(815301076,1909f56bfc062723c751e8b465ee728b)
Number of updated assets reloaded before import = 0
Start importing Assets/Assets/Tilesetv3_177.asset using Guid(b388e13759fe9984d9404b728cbcb4b9) Importer(815301076,1909f56bfc062723c751e8b465ee728b)  -> (artifact id: 'ce072a3dd683a1197fbc357fec0424ee') in 0.003003 seconds 
Number of asset objects unloaded after import = 1
========================================================================
Received Import Request.
  Time since last request: 0.000013 seconds.
  path: Assets/Assets/Tilesetv3_274.asset
  artifactKey: Guid(91c33c36abc5d7e41814817e90c88c9b) Importer(815301076,1909f56bfc062723c751e8b465ee728b)
Number of updated assets reloaded before import = 0
Start importing Assets/Assets/Tilesetv3_274.asset using Guid(91c33c36abc5d7e41814817e90c88c9b) Importer(815301076,1909f56bfc062723c751e8b465ee728b)  -> (artifact id: 'babd895a6f981a715c738c857973ac1e') in 0.002703 seconds 
Number of asset objects unloaded after import = 1
========================================================================
Received Import Request.
  Time since last request: 0.000019 seconds.
  path: Assets/Assets/Tilesetv3_182.asset
  artifactKey: Guid(b03997a139e0a1a4cb812c72d4654b34) Importer(815301076,1909f56bfc062723c751e8b465ee728b)
Number of updated assets reloaded before import = 0
Start importing Assets/Assets/Tilesetv3_182.asset using Guid(b03997a139e0a1a4cb812c72d4654b34) Importer(815301076,1909f56bfc062723c751e8b465ee728b)  -> (artifact id: 'da042e4476988d9209f93f7c702cb08a') in 0.010768 seconds 
Number of asset objects unloaded after import = 1
========================================================================
Received Import Request.
  Time since last request: 0.000030 seconds.
  path: Assets/Assets/Tilesetv3_272.asset
  artifactKey: Guid(d7cf18d5afc1e7843b090a372025a525) Importer(815301076,1909f56bfc062723c751e8b465ee728b)
Number of updated assets reloaded before import = 0
Start importing Assets/Assets/Tilesetv3_272.asset using Guid(d7cf18d5afc1e7843b090a372025a525) Importer(815301076,1909f56bfc062723c751e8b465ee728b)  -> (artifact id: '777cb4561b371406c05345e796a298fd') in 0.011271 seconds 
Number of asset objects unloaded after import = 1
========================================================================
Received Import Request.
  Time since last request: 0.000018 seconds.
  path: Assets/Assets/Tilesetv3_201.asset
  artifactKey: Guid(6214e6462c327d64495699ab9c33576d) Importer(815301076,1909f56bfc062723c751e8b465ee728b)
Number of updated assets reloaded before import = 0
Start importing Assets/Assets/Tilesetv3_201.asset using Guid(6214e6462c327d64495699ab9c33576d) Importer(815301076,1909f56bfc062723c751e8b465ee728b)  -> (artifact id: 'f4c4123fc2b27fa8384d36a532531306') in 0.004053 seconds 
Number of asset objects unloaded after import = 1
========================================================================
Received Import Request.
  Time since last request: 0.000014 seconds.
  path: Assets/Assets/Tilesetv3_216.asset
  artifactKey: Guid(fcbed0d3fb9f61a40b9a752330cd5d40) Importer(815301076,1909f56bfc062723c751e8b465ee728b)
Number of updated assets reloaded before import = 0
Start importing Assets/Assets/Tilesetv3_216.asset using Guid(fcbed0d3fb9f61a40b9a752330cd5d40) Importer(815301076,1909f56bfc062723c751e8b465ee728b)  -> (artifact id: '92c09300d724d1edcb766d6beaabcb09') in 0.003076 seconds 
Number of asset objects unloaded after import = 1
========================================================================
Received Import Request.
  Time since last request: 0.000013 seconds.
  path: Assets/Assets/Tilesetv3_218.asset
  artifactKey: Guid(d3cfe3abe27c68a479836b6c46be31b3) Importer(815301076,1909f56bfc062723c751e8b465ee728b)
Number of updated assets reloaded before import = 0
Start importing Assets/Assets/Tilesetv3_218.asset using Guid(d3cfe3abe27c68a479836b6c46be31b3) Importer(815301076,1909f56bfc062723c751e8b465ee728b)  -> (artifact id: 'b9c46cd64a848eeb0ee9512a2440e105') in 0.002857 seconds 
Number of asset objects unloaded after import = 1
========================================================================
Received Import Request.
  Time since last request: 0.000012 seconds.
  path: Assets/Assets/Tilesetv3_258.asset
  artifactKey: Guid(f9a394d85395d9e46bd944a249684a82) Importer(815301076,1909f56bfc062723c751e8b465ee728b)
Number of updated assets reloaded before import = 0
Start importing Assets/Assets/Tilesetv3_258.asset using Guid(f9a394d85395d9e46bd944a249684a82) Importer(815301076,1909f56bfc062723c751e8b465ee728b)  -> (artifact id: '5a4dc79ee0e0d29a502f00625dc5794d') in 0.002720 seconds 
Number of asset objects unloaded after import = 1
========================================================================
Received Import Request.
  Time since last request: 0.000014 seconds.
  path: Assets/Assets/Tilesetv3_255.asset
  artifactKey: Guid(a6fdb0e0d7809d943b4860be3338459d) Importer(815301076,1909f56bfc062723c751e8b465ee728b)
Number of updated assets reloaded before import = 0
Start importing Assets/Assets/Tilesetv3_255.asset using Guid(a6fdb0e0d7809d943b4860be3338459d) Importer(815301076,1909f56bfc062723c751e8b465ee728b)  -> (artifact id: '845ce56ebd61f3c13a85d132d90c2e59') in 0.007113 seconds 
Number of asset objects unloaded after import = 1
========================================================================
Received Import Request.
  Time since last request: 0.000017 seconds.
  path: Assets/Assets/Tilesetv3_196.asset
  artifactKey: Guid(12b04d8c929605842a3665879ba69637) Importer(815301076,1909f56bfc062723c751e8b465ee728b)
Number of updated assets reloaded before import = 0
Start importing Assets/Assets/Tilesetv3_196.asset using Guid(12b04d8c929605842a3665879ba69637) Importer(815301076,1909f56bfc062723c751e8b465ee728b)  -> (artifact id: '6abe8212c82a851bbea6fc44f7b6e03e') in 0.003212 seconds 
Number of asset objects unloaded after import = 1
========================================================================
Received Import Request.
  Time since last request: 0.000020 seconds.
  path: Assets/Assets/Tilesetv3_233.asset
  artifactKey: Guid(c06d215f35232044685c5ba6e0d6a987) Importer(815301076,1909f56bfc062723c751e8b465ee728b)
Number of updated assets reloaded before import = 0
Start importing Assets/Assets/Tilesetv3_233.asset using Guid(c06d215f35232044685c5ba6e0d6a987) Importer(815301076,1909f56bfc062723c751e8b465ee728b)  -> (artifact id: 'aa896799474fedac1323ee94b1e0cafb') in 0.003265 seconds 
Number of asset objects unloaded after import = 1
========================================================================
Received Import Request.
  Time since last request: 0.000013 seconds.
  path: Assets/Assets/Tilesetv3_245.asset
  artifactKey: Guid(2a02f83035cf7e54ca6e062efa54117f) Importer(815301076,1909f56bfc062723c751e8b465ee728b)
Number of updated assets reloaded before import = 0
Start importing Assets/Assets/Tilesetv3_245.asset using Guid(2a02f83035cf7e54ca6e062efa54117f) Importer(815301076,1909f56bfc062723c751e8b465ee728b)  -> (artifact id: '3449e43c6f85730d4204d5d588ece4ba') in 0.011241 seconds 
Number of asset objects unloaded after import = 1
========================================================================
Received Import Request.
  Time since last request: 0.000016 seconds.
  path: Assets/Assets/Tilesetv3_253.asset
  artifactKey: Guid(6d64f860b3cfcf64fa7de542014c06bd) Importer(815301076,1909f56bfc062723c751e8b465ee728b)
Number of updated assets reloaded before import = 0
Start importing Assets/Assets/Tilesetv3_253.asset using Guid(6d64f860b3cfcf64fa7de542014c06bd) Importer(815301076,1909f56bfc062723c751e8b465ee728b)  -> (artifact id: '738501f09bddf647abc6de38281f7341') in 0.003084 seconds 
Number of asset objects unloaded after import = 1
========================================================================
Received Import Request.
  Time since last request: 0.000018 seconds.
  path: Assets/Assets/Tilesetv3_223.asset
  artifactKey: Guid(979893bf5631abd41a870c618f0ed33b) Importer(815301076,1909f56bfc062723c751e8b465ee728b)
Number of updated assets reloaded before import = 0
Start importing Assets/Assets/Tilesetv3_223.asset using Guid(979893bf5631abd41a870c618f0ed33b) Importer(815301076,1909f56bfc062723c751e8b465ee728b)  -> (artifact id: '57f1d5035c3824a61f6d3fa0bf040072') in 0.003430 seconds 
Number of asset objects unloaded after import = 1
========================================================================
Received Import Request.
  Time since last request: 0.000016 seconds.
  path: Assets/Assets/Tilesetv3_254.asset
  artifactKey: Guid(a9c95e853de753944a44ec3ad5e71a05) Importer(815301076,1909f56bfc062723c751e8b465ee728b)
Number of updated assets reloaded before import = 0
Start importing Assets/Assets/Tilesetv3_254.asset using Guid(a9c95e853de753944a44ec3ad5e71a05) Importer(815301076,1909f56bfc062723c751e8b465ee728b)  -> (artifact id: '50d21b47ff1ff119f0b2f79929c66197') in 0.003145 seconds 
Number of asset objects unloaded after import = 1
========================================================================
Received Import Request.
  Time since last request: 0.000017 seconds.
  path: Assets/Assets/Tilesetv3_220.asset
  artifactKey: Guid(b2e50e5aa0ba42f4f9f6df2101ccef5f) Importer(815301076,1909f56bfc062723c751e8b465ee728b)
Number of updated assets reloaded before import = 0
Start importing Assets/Assets/Tilesetv3_220.asset using Guid(b2e50e5aa0ba42f4f9f6df2101ccef5f) Importer(815301076,1909f56bfc062723c751e8b465ee728b)  -> (artifact id: '3bc325e18f7e4a2e3982c543a9212261') in 0.003308 seconds 
Number of asset objects unloaded after import = 1
========================================================================
Received Import Request.
  Time since last request: 0.000019 seconds.
  path: Assets/Assets/Tilesetv3_180.asset
  artifactKey: Guid(601f773b37633924bbb2c4ae60b267ec) Importer(815301076,1909f56bfc062723c751e8b465ee728b)
Number of updated assets reloaded before import = 0
Start importing Assets/Assets/Tilesetv3_180.asset using Guid(601f773b37633924bbb2c4ae60b267ec) Importer(815301076,1909f56bfc062723c751e8b465ee728b)  -> (artifact id: 'b91554be423575f356f99890ced58d0f') in 0.003275 seconds 
Number of asset objects unloaded after import = 1
========================================================================
Received Import Request.
  Time since last request: 0.000015 seconds.
  path: Assets/Assets/Tilesetv3_257.asset
  artifactKey: Guid(f5ff404cbca119846a70b68945ffb7d1) Importer(815301076,1909f56bfc062723c751e8b465ee728b)
Number of updated assets reloaded before import = 0
Start importing Assets/Assets/Tilesetv3_257.asset using Guid(f5ff404cbca119846a70b68945ffb7d1) Importer(815301076,1909f56bfc062723c751e8b465ee728b)  -> (artifact id: '8bf94b6ef4df9039a56a822d7596d7d0') in 0.003314 seconds 
Number of asset objects unloaded after import = 1
========================================================================
Received Import Request.
  Time since last request: 0.000015 seconds.
  path: Assets/Assets/Tilesetv3_215.asset
  artifactKey: Guid(cc3a4808e0d76df4386b7663b5e9fc38) Importer(815301076,1909f56bfc062723c751e8b465ee728b)
Number of updated assets reloaded before import = 0
Start importing Assets/Assets/Tilesetv3_215.asset using Guid(cc3a4808e0d76df4386b7663b5e9fc38) Importer(815301076,1909f56bfc062723c751e8b465ee728b)  -> (artifact id: 'b8d190b0a8d57afa2e7d99bd3a3b2709') in 0.002538 seconds 
Number of asset objects unloaded after import = 1
========================================================================
Received Import Request.
  Time since last request: 0.000015 seconds.
  path: Assets/Assets/Tilesetv3_186.asset
  artifactKey: Guid(4d31670e4a0e454499a302d3d83fe315) Importer(815301076,1909f56bfc062723c751e8b465ee728b)
Number of updated assets reloaded before import = 0
Start importing Assets/Assets/Tilesetv3_186.asset using Guid(4d31670e4a0e454499a302d3d83fe315) Importer(815301076,1909f56bfc062723c751e8b465ee728b)  -> (artifact id: '0523bd65678da023ccc494e698f98b7b') in 0.002832 seconds 
Number of asset objects unloaded after import = 1
========================================================================
Received Import Request.
  Time since last request: 0.000016 seconds.
  path: Assets/Assets/Tilesetv3_152.asset
  artifactKey: Guid(fe13fdb47a5b2624e86089d27306e738) Importer(815301076,1909f56bfc062723c751e8b465ee728b)
Number of updated assets reloaded before import = 0
Start importing Assets/Assets/Tilesetv3_152.asset using Guid(fe13fdb47a5b2624e86089d27306e738) Importer(815301076,1909f56bfc062723c751e8b465ee728b)  -> (artifact id: 'e16094e04154b3004b3a4b0d6b55fc81') in 0.002556 seconds 
Number of asset objects unloaded after import = 1
========================================================================
Received Import Request.
  Time since last request: 0.000015 seconds.
  path: Assets/Assets/Tilesetv3_238.asset
  artifactKey: Guid(dea1d6f943f9f46408060a73e468e548) Importer(815301076,1909f56bfc062723c751e8b465ee728b)
Number of updated assets reloaded before import = 0
Start importing Assets/Assets/Tilesetv3_238.asset using Guid(dea1d6f943f9f46408060a73e468e548) Importer(815301076,1909f56bfc062723c751e8b465ee728b)  -> (artifact id: 'c8159fe1730949b046aef8abb868e87c') in 0.002959 seconds 
Number of asset objects unloaded after import = 1
========================================================================
Received Import Request.
  Time since last request: 0.000015 seconds.
  path: Assets/Assets/Tilesetv3_251.asset
  artifactKey: Guid(1cf3a6b01ee7d034d8696cc842f7c72d) Importer(815301076,1909f56bfc062723c751e8b465ee728b)
Number of updated assets reloaded before import = 0
Start importing Assets/Assets/Tilesetv3_251.asset using Guid(1cf3a6b01ee7d034d8696cc842f7c72d) Importer(815301076,1909f56bfc062723c751e8b465ee728b)  -> (artifact id: 'f0000a5491e7a96677766aa6494501ab') in 0.002838 seconds 
Number of asset objects unloaded after import = 1
========================================================================
Received Import Request.
  Time since last request: 0.000014 seconds.
  path: Assets/Assets/Tilesetv3_275.asset
  artifactKey: Guid(a7893e3b8946cb84ca3936245b5d5be5) Importer(815301076,1909f56bfc062723c751e8b465ee728b)
Number of updated assets reloaded before import = 0
Start importing Assets/Assets/Tilesetv3_275.asset using Guid(a7893e3b8946cb84ca3936245b5d5be5) Importer(815301076,1909f56bfc062723c751e8b465ee728b)  -> (artifact id: 'b98c1890c9153c0586a72416708535db') in 0.009939 seconds 
Number of asset objects unloaded after import = 1
========================================================================
Received Import Request.
  Time since last request: 0.000022 seconds.
  path: Assets/Assets/Tilesetv3_224.asset
  artifactKey: Guid(d458ec3587c0d6d44a86e73ea000b15e) Importer(815301076,1909f56bfc062723c751e8b465ee728b)
Number of updated assets reloaded before import = 0
Start importing Assets/Assets/Tilesetv3_224.asset using Guid(d458ec3587c0d6d44a86e73ea000b15e) Importer(815301076,1909f56bfc062723c751e8b465ee728b)  -> (artifact id: '6c10dab5229331668ec3096cf40d3763') in 0.002895 seconds 
Number of asset objects unloaded after import = 1
========================================================================
Received Import Request.
  Time since last request: 0.000017 seconds.
  path: Assets/Assets/Tilesetv3_166.asset
  artifactKey: Guid(d8e7e5de6a01a1f4cbcc59b9921a5a50) Importer(815301076,1909f56bfc062723c751e8b465ee728b)
Number of updated assets reloaded before import = 0
Start importing Assets/Assets/Tilesetv3_166.asset using Guid(d8e7e5de6a01a1f4cbcc59b9921a5a50) Importer(815301076,1909f56bfc062723c751e8b465ee728b)  -> (artifact id: 'db6e4124fbf82bcac105754171cb0004') in 0.002926 seconds 
Number of asset objects unloaded after import = 1
========================================================================
Received Import Request.
  Time since last request: 0.000016 seconds.
  path: Assets/Assets/Tilesetv3_221.asset
  artifactKey: Guid(e2a93c3f84bea924e987c6ba995829d1) Importer(815301076,1909f56bfc062723c751e8b465ee728b)
Number of updated assets reloaded before import = 0
Start importing Assets/Assets/Tilesetv3_221.asset using Guid(e2a93c3f84bea924e987c6ba995829d1) Importer(815301076,1909f56bfc062723c751e8b465ee728b)  -> (artifact id: '9b2f85c6f2ddbefa8bf8bea375e8b2c7') in 0.003091 seconds 
Number of asset objects unloaded after import = 1
========================================================================
Received Import Request.
  Time since last request: 0.000015 seconds.
  path: Assets/Assets/Tilesetv3_205.asset
  artifactKey: Guid(1ac6f9eed044c5541b461e5fddcfdf63) Importer(815301076,1909f56bfc062723c751e8b465ee728b)
Number of updated assets reloaded before import = 0
Start importing Assets/Assets/Tilesetv3_205.asset using Guid(1ac6f9eed044c5541b461e5fddcfdf63) Importer(815301076,1909f56bfc062723c751e8b465ee728b)  -> (artifact id: 'a5a444f4280606baac4365452c3bca07') in 0.003012 seconds 
Number of asset objects unloaded after import = 1
========================================================================
Received Import Request.
  Time since last request: 0.000019 seconds.
  path: Assets/Assets/Tilesetv3_154.asset
  artifactKey: Guid(725bd2a5bfa6c754a82ae98a80e49506) Importer(815301076,1909f56bfc062723c751e8b465ee728b)
Number of updated assets reloaded before import = 0
Start importing Assets/Assets/Tilesetv3_154.asset using Guid(725bd2a5bfa6c754a82ae98a80e49506) Importer(815301076,1909f56bfc062723c751e8b465ee728b)  -> (artifact id: '0d3862158415ce78e1c63f717f7e025e') in 0.002902 seconds 
Number of asset objects unloaded after import = 1
========================================================================
Received Import Request.
  Time since last request: 0.000016 seconds.
  path: Assets/Assets/Tilesetv3_179.asset
  artifactKey: Guid(c2b06861b9918e14ba80e0918431c055) Importer(815301076,1909f56bfc062723c751e8b465ee728b)
Number of updated assets reloaded before import = 0
Start importing Assets/Assets/Tilesetv3_179.asset using Guid(c2b06861b9918e14ba80e0918431c055) Importer(815301076,1909f56bfc062723c751e8b465ee728b)  -> (artifact id: '3aec15e80d8c990ef66655300584304f') in 0.002807 seconds 
Number of asset objects unloaded after import = 1
========================================================================
Received Import Request.
  Time since last request: 0.000024 seconds.
  path: Assets/Assets/Tilesetv3_200.asset
  artifactKey: Guid(1b2b23d28e1cbd244b56a589a46c32e3) Importer(815301076,1909f56bfc062723c751e8b465ee728b)
Number of updated assets reloaded before import = 0
Start importing Assets/Assets/Tilesetv3_200.asset using Guid(1b2b23d28e1cbd244b56a589a46c32e3) Importer(815301076,1909f56bfc062723c751e8b465ee728b)  -> (artifact id: '8edb99ac44ff9043ec4d00c01027d7b8') in 0.003343 seconds 
Number of asset objects unloaded after import = 1
========================================================================
Received Import Request.
  Time since last request: 0.000015 seconds.
  path: Assets/Assets/Tilesetv3_170.asset
  artifactKey: Guid(f0721e07ea33a554ebabfa42be0dfbb0) Importer(815301076,1909f56bfc062723c751e8b465ee728b)
Number of updated assets reloaded before import = 0
Start importing Assets/Assets/Tilesetv3_170.asset using Guid(f0721e07ea33a554ebabfa42be0dfbb0) Importer(815301076,1909f56bfc062723c751e8b465ee728b)  -> (artifact id: 'bc93bc91cf71e615c30b5ab01671fa41') in 0.002762 seconds 
Number of asset objects unloaded after import = 1
========================================================================
Received Import Request.
  Time since last request: 0.000015 seconds.
  path: Assets/Assets/Tilesetv3_279.asset
  artifactKey: Guid(97031c33a4d3ecf46aaacd903068fcb5) Importer(815301076,1909f56bfc062723c751e8b465ee728b)
Number of updated assets reloaded before import = 0
Start importing Assets/Assets/Tilesetv3_279.asset using Guid(97031c33a4d3ecf46aaacd903068fcb5) Importer(815301076,1909f56bfc062723c751e8b465ee728b)  -> (artifact id: 'fd2a2e9aa7a5657ddca06289de79578a') in 0.003061 seconds 
Number of asset objects unloaded after import = 1
========================================================================
Received Import Request.
  Time since last request: 0.000017 seconds.
  path: Assets/Assets/Tilesetv3_300.asset
  artifactKey: Guid(1965b837dd9b48547bb15ade2fb6445b) Importer(815301076,1909f56bfc062723c751e8b465ee728b)
Number of updated assets reloaded before import = 0
Start importing Assets/Assets/Tilesetv3_300.asset using Guid(1965b837dd9b48547bb15ade2fb6445b) Importer(815301076,1909f56bfc062723c751e8b465ee728b)  -> (artifact id: '01ea763e2adc1bae45fc39c6988e4f0c') in 0.003003 seconds 
Number of asset objects unloaded after import = 1
========================================================================
Received Import Request.
  Time since last request: 0.000019 seconds.
  path: Assets/Assets/Tilesetv3_290.asset
  artifactKey: Guid(77d95ab276155514db52ce0d342112de) Importer(815301076,1909f56bfc062723c751e8b465ee728b)
Number of updated assets reloaded before import = 0
Start importing Assets/Assets/Tilesetv3_290.asset using Guid(77d95ab276155514db52ce0d342112de) Importer(815301076,1909f56bfc062723c751e8b465ee728b)  -> (artifact id: 'f8904f24bc777293abd3c74495ba358d') in 0.002733 seconds 
Number of asset objects unloaded after import = 1
========================================================================
Received Import Request.
  Time since last request: 0.000016 seconds.
  path: Assets/Assets/Tilesetv3_299.asset
  artifactKey: Guid(2769cfb56cf4b3746b2bf9b029587b80) Importer(815301076,1909f56bfc062723c751e8b465ee728b)
Number of updated assets reloaded before import = 0
Start importing Assets/Assets/Tilesetv3_299.asset using Guid(2769cfb56cf4b3746b2bf9b029587b80) Importer(815301076,1909f56bfc062723c751e8b465ee728b)  -> (artifact id: '32c0412a4a65dab8e0d635866fa2c892') in 0.003461 seconds 
Number of asset objects unloaded after import = 1
========================================================================
Received Import Request.
  Time since last request: 0.000017 seconds.
  path: Assets/Assets/Tilesetv3_292.asset
  artifactKey: Guid(7fffbe82a0a2d8746bdd83c9e3d9f663) Importer(815301076,1909f56bfc062723c751e8b465ee728b)
Number of updated assets reloaded before import = 0
Start importing Assets/Assets/Tilesetv3_292.asset using Guid(7fffbe82a0a2d8746bdd83c9e3d9f663) Importer(815301076,1909f56bfc062723c751e8b465ee728b)  -> (artifact id: '90ec837f48d57f54e3ed7746fb7a10bb') in 0.003061 seconds 
Number of asset objects unloaded after import = 1
========================================================================
Received Import Request.
  Time since last request: 0.000015 seconds.
  path: Assets/Assets/Tilesetv3_322.asset
  artifactKey: Guid(2c28a7799abaa8d4da97d1580989dcf9) Importer(815301076,1909f56bfc062723c751e8b465ee728b)
Number of updated assets reloaded before import = 0
Start importing Assets/Assets/Tilesetv3_322.asset using Guid(2c28a7799abaa8d4da97d1580989dcf9) Importer(815301076,1909f56bfc062723c751e8b465ee728b)  -> (artifact id: '65944e1a64593b7fe0548ccea9cd63af') in 0.003848 seconds 
Number of asset objects unloaded after import = 1
========================================================================
Received Import Request.
  Time since last request: 0.000016 seconds.
  path: Assets/Assets/Tilesetv3_342.asset
  artifactKey: Guid(1e1917b96d3400049b02f71dd4beeb0f) Importer(815301076,1909f56bfc062723c751e8b465ee728b)
Number of updated assets reloaded before import = 0
Start importing Assets/Assets/Tilesetv3_342.asset using Guid(1e1917b96d3400049b02f71dd4beeb0f) Importer(815301076,1909f56bfc062723c751e8b465ee728b)  -> (artifact id: '6592bc66603f85bfa22f0fbf035e2e79') in 0.012406 seconds 
Number of asset objects unloaded after import = 1
========================================================================
Received Import Request.
  Time since last request: 0.000016 seconds.
  path: Assets/Assets/Tilesetv3_350.asset
  artifactKey: Guid(1c8060e9197bc7447b547091ead0e073) Importer(815301076,1909f56bfc062723c751e8b465ee728b)
Number of updated assets reloaded before import = 0
Start importing Assets/Assets/Tilesetv3_350.asset using Guid(1c8060e9197bc7447b547091ead0e073) Importer(815301076,1909f56bfc062723c751e8b465ee728b)  -> (artifact id: '9cb1a4eaa085b6f4fe693a33b526b195') in 0.003009 seconds 
Number of asset objects unloaded after import = 1
========================================================================
Received Import Request.
  Time since last request: 0.000016 seconds.
  path: Assets/Assets/Tilesetv3_380.asset
  artifactKey: Guid(c8d2e02c4a698984eba11b9e71921125) Importer(815301076,1909f56bfc062723c751e8b465ee728b)
Number of updated assets reloaded before import = 0
Start importing Assets/Assets/Tilesetv3_380.asset using Guid(c8d2e02c4a698984eba11b9e71921125) Importer(815301076,1909f56bfc062723c751e8b465ee728b)  -> (artifact id: '14d8e33dbf0b7fc3467b92ca48a29ff6') in 0.002876 seconds 
Number of asset objects unloaded after import = 1
========================================================================
Received Import Request.
  Time since last request: 0.000017 seconds.
  path: Assets/Assets/Tilesetv3_376.asset
  artifactKey: Guid(9703ffe741cc61a42b28b216a48c7a97) Importer(815301076,1909f56bfc062723c751e8b465ee728b)
Number of updated assets reloaded before import = 0
Start importing Assets/Assets/Tilesetv3_376.asset using Guid(9703ffe741cc61a42b28b216a48c7a97) Importer(815301076,1909f56bfc062723c751e8b465ee728b)  -> (artifact id: '3ecb2242b141f5d5e3b2b7e49a3875d8') in 0.003796 seconds 
Number of asset objects unloaded after import = 1
========================================================================
Received Import Request.
  Time since last request: 0.000015 seconds.
  path: Assets/Assets/Tilesetv3_351.asset
  artifactKey: Guid(ad90df50c5f697942acc52b7f435d743) Importer(815301076,1909f56bfc062723c751e8b465ee728b)
Number of updated assets reloaded before import = 0
Start importing Assets/Assets/Tilesetv3_351.asset using Guid(ad90df50c5f697942acc52b7f435d743) Importer(815301076,1909f56bfc062723c751e8b465ee728b)  -> (artifact id: '873ea3a78806a049e701bd075fc018e0') in 0.002766 seconds 
Number of asset objects unloaded after import = 1
========================================================================
Received Import Request.
  Time since last request: 0.000015 seconds.
  path: Assets/Assets/Tilesetv3_346.asset
  artifactKey: Guid(fff9bbbefabc5dd4cbf3d0806f955c33) Importer(815301076,1909f56bfc062723c751e8b465ee728b)
Number of updated assets reloaded before import = 0
Start importing Assets/Assets/Tilesetv3_346.asset using Guid(fff9bbbefabc5dd4cbf3d0806f955c33) Importer(815301076,1909f56bfc062723c751e8b465ee728b)  -> (artifact id: '41b39a400b3221581ada05c02704c5cb') in 0.002809 seconds 
Number of asset objects unloaded after import = 1
========================================================================
Received Import Request.
  Time since last request: 0.000020 seconds.
  path: Assets/Assets/Tilesetv3_382.asset
  artifactKey: Guid(8fe1ffd58409fbc4197f3e5fdcbaaefd) Importer(815301076,1909f56bfc062723c751e8b465ee728b)
Number of updated assets reloaded before import = 0
Start importing Assets/Assets/Tilesetv3_382.asset using Guid(8fe1ffd58409fbc4197f3e5fdcbaaefd) Importer(815301076,1909f56bfc062723c751e8b465ee728b)  -> (artifact id: 'fe63101c83b9627798f750bd10991eae') in 0.003073 seconds 
Number of asset objects unloaded after import = 1
========================================================================
Received Import Request.
  Time since last request: 0.000020 seconds.
  path: Assets/Assets/Tilesetv3_408.asset
  artifactKey: Guid(9916e1f07b8a5c64bb7cbe1ffb4984d3) Importer(815301076,1909f56bfc062723c751e8b465ee728b)
Number of updated assets reloaded before import = 0
Start importing Assets/Assets/Tilesetv3_408.asset using Guid(9916e1f07b8a5c64bb7cbe1ffb4984d3) Importer(815301076,1909f56bfc062723c751e8b465ee728b)  -> (artifact id: '98f9bb0820871c5a1c3fe31e6004193b') in 0.004084 seconds 
Number of asset objects unloaded after import = 1
========================================================================
Received Import Request.
  Time since last request: 0.000017 seconds.
  path: Assets/Assets/Tilesetv3_401.asset
  artifactKey: Guid(1a735c95648ae974498d8cf3c07d90f4) Importer(815301076,1909f56bfc062723c751e8b465ee728b)
Number of updated assets reloaded before import = 0
Start importing Assets/Assets/Tilesetv3_401.asset using Guid(1a735c95648ae974498d8cf3c07d90f4) Importer(815301076,1909f56bfc062723c751e8b465ee728b)  -> (artifact id: 'dbe58b1ab51d94107020d4e501aa1d31') in 0.003198 seconds 
Number of asset objects unloaded after import = 1
========================================================================
Received Import Request.
  Time since last request: 0.000018 seconds.
  path: Assets/Assets/Tilesetv3_402.asset
  artifactKey: Guid(d6371f3405bf17a48b4e5c6793bf49ad) Importer(815301076,1909f56bfc062723c751e8b465ee728b)
Number of updated assets reloaded before import = 0
Start importing Assets/Assets/Tilesetv3_402.asset using Guid(d6371f3405bf17a48b4e5c6793bf49ad) Importer(815301076,1909f56bfc062723c751e8b465ee728b)  -> (artifact id: 'cc134c2a0591f9b1ae3c4880870f4b31') in 0.003130 seconds 
Number of asset objects unloaded after import = 1
========================================================================
Received Import Request.
  Time since last request: 0.000015 seconds.
  path: Assets/Assets/Tilesetv3_390.asset
  artifactKey: Guid(aaf6cb5072395504bb9ae0189f7d550e) Importer(815301076,1909f56bfc062723c751e8b465ee728b)
Number of updated assets reloaded before import = 0
Start importing Assets/Assets/Tilesetv3_390.asset using Guid(aaf6cb5072395504bb9ae0189f7d550e) Importer(815301076,1909f56bfc062723c751e8b465ee728b)  -> (artifact id: '5adc0fd2fd8d4699208ed18f7cfa6702') in 0.003263 seconds 
Number of asset objects unloaded after import = 1
========================================================================
Received Import Request.
  Time since last request: 0.000016 seconds.
  path: Assets/Assets/Tilesetv3_429.asset
  artifactKey: Guid(b3c70bcab8b79c049ae214450cc96e92) Importer(815301076,1909f56bfc062723c751e8b465ee728b)
Number of updated assets reloaded before import = 0
Start importing Assets/Assets/Tilesetv3_429.asset using Guid(b3c70bcab8b79c049ae214450cc96e92) Importer(815301076,1909f56bfc062723c751e8b465ee728b)  -> (artifact id: 'c442bf34785c80dbc04c8e121da9c11f') in 0.002843 seconds 
Number of asset objects unloaded after import = 1
========================================================================
Received Import Request.
  Time since last request: 0.000013 seconds.
  path: Assets/Assets/Tilesetv3_349.asset
  artifactKey: Guid(a47ab65614702c04c842311a6ce905ed) Importer(815301076,1909f56bfc062723c751e8b465ee728b)
Number of updated assets reloaded before import = 0
Start importing Assets/Assets/Tilesetv3_349.asset using Guid(a47ab65614702c04c842311a6ce905ed) Importer(815301076,1909f56bfc062723c751e8b465ee728b)  -> (artifact id: 'cf8c88897f4064e03a949d88aeb4a0f5') in 0.003088 seconds 
Number of asset objects unloaded after import = 1
========================================================================
Received Import Request.
  Time since last request: 0.000020 seconds.
  path: Assets/Assets/Tilesetv3_395.asset
  artifactKey: Guid(883965ebf439fde43a175954f679d7eb) Importer(815301076,1909f56bfc062723c751e8b465ee728b)
Number of updated assets reloaded before import = 0
Start importing Assets/Assets/Tilesetv3_395.asset using Guid(883965ebf439fde43a175954f679d7eb) Importer(815301076,1909f56bfc062723c751e8b465ee728b)  -> (artifact id: '4e8cf2b27c24a154ea582fa01a184059') in 0.003774 seconds 
Number of asset objects unloaded after import = 1
========================================================================
Received Import Request.
  Time since last request: 0.000018 seconds.
  path: Assets/Assets/Tilesetv3_345.asset
  artifactKey: Guid(df3fd68e15ae0d84b886ada8e23ff55b) Importer(815301076,1909f56bfc062723c751e8b465ee728b)
Number of updated assets reloaded before import = 0
Start importing Assets/Assets/Tilesetv3_345.asset using Guid(df3fd68e15ae0d84b886ada8e23ff55b) Importer(815301076,1909f56bfc062723c751e8b465ee728b)  -> (artifact id: 'f76294e46fe6dc17065e0e7c6a5212b4') in 0.003632 seconds 
Number of asset objects unloaded after import = 1
========================================================================
Received Import Request.
  Time since last request: 0.000015 seconds.
  path: Assets/Assets/Tilesetv3_335.asset
  artifactKey: Guid(a591c72956a1b9846b2cb051d62e0b9b) Importer(815301076,1909f56bfc062723c751e8b465ee728b)
Number of updated assets reloaded before import = 0
Start importing Assets/Assets/Tilesetv3_335.asset using Guid(a591c72956a1b9846b2cb051d62e0b9b) Importer(815301076,1909f56bfc062723c751e8b465ee728b)  -> (artifact id: '466626cae1872ef968d4cb586dd5d292') in 0.003007 seconds 
Number of asset objects unloaded after import = 1
========================================================================
Received Import Request.
  Time since last request: 0.000013 seconds.
  path: Assets/Assets/Tilesetv3_328.asset
  artifactKey: Guid(600be54d3a623a44cbd4e9118f4a54d8) Importer(815301076,1909f56bfc062723c751e8b465ee728b)
Number of updated assets reloaded before import = 0
Start importing Assets/Assets/Tilesetv3_328.asset using Guid(600be54d3a623a44cbd4e9118f4a54d8) Importer(815301076,1909f56bfc062723c751e8b465ee728b)  -> (artifact id: 'd963315da603f83ceb024fb7d86450f9') in 0.002816 seconds 
Number of asset objects unloaded after import = 1
========================================================================
Received Import Request.
  Time since last request: 0.000013 seconds.
  path: Assets/Assets/Tilesetv3_387.asset
  artifactKey: Guid(b367825f2e2fee141ae60c8cbecfba30) Importer(815301076,1909f56bfc062723c751e8b465ee728b)
Number of updated assets reloaded before import = 0
Start importing Assets/Assets/Tilesetv3_387.asset using Guid(b367825f2e2fee141ae60c8cbecfba30) Importer(815301076,1909f56bfc062723c751e8b465ee728b)  -> (artifact id: '6da025186bd26c6eadde2b316e86cdf3') in 0.003071 seconds 
Number of asset objects unloaded after import = 1
========================================================================
Received Import Request.
  Time since last request: 0.000019 seconds.
  path: Assets/Assets/Tilesetv3_359.asset
  artifactKey: Guid(6507cb4ab909e5c4eabd8ab2dffe1702) Importer(815301076,1909f56bfc062723c751e8b465ee728b)
Number of updated assets reloaded before import = 0
Start importing Assets/Assets/Tilesetv3_359.asset using Guid(6507cb4ab909e5c4eabd8ab2dffe1702) Importer(815301076,1909f56bfc062723c751e8b465ee728b)  -> (artifact id: '875b90ea609c903a52a83f4050e3bc2d') in 0.003196 seconds 
Number of asset objects unloaded after import = 1
========================================================================
Received Import Request.
  Time since last request: 0.000018 seconds.
  path: Assets/Assets/Tilesetv3_370.asset
  artifactKey: Guid(e344f206a2a251349834bd0b1c2a2589) Importer(815301076,1909f56bfc062723c751e8b465ee728b)
Number of updated assets reloaded before import = 0
Start importing Assets/Assets/Tilesetv3_370.asset using Guid(e344f206a2a251349834bd0b1c2a2589) Importer(815301076,1909f56bfc062723c751e8b465ee728b)  -> (artifact id: 'd8dc9deae17d5f33b9368bbf3c88e3e7') in 0.009308 seconds 
Number of asset objects unloaded after import = 1
========================================================================
Received Import Request.
  Time since last request: 0.000016 seconds.
  path: Assets/Assets/Tilesetv3_295.asset
  artifactKey: Guid(8283c15f926ae4248a40942b48997da0) Importer(815301076,1909f56bfc062723c751e8b465ee728b)
Number of updated assets reloaded before import = 0
Start importing Assets/Assets/Tilesetv3_295.asset using Guid(8283c15f926ae4248a40942b48997da0) Importer(815301076,1909f56bfc062723c751e8b465ee728b)  -> (artifact id: '2dac4fc5c1a86fa72cc13b0ce80af5c1') in 0.003989 seconds 
Number of asset objects unloaded after import = 1
========================================================================
Received Import Request.
  Time since last request: 0.000016 seconds.
  path: Assets/Assets/Tilesetv3_306.asset
  artifactKey: Guid(a79bdedbf0568f64496cb27f9da27a4b) Importer(815301076,1909f56bfc062723c751e8b465ee728b)
Number of updated assets reloaded before import = 0
Start importing Assets/Assets/Tilesetv3_306.asset using Guid(a79bdedbf0568f64496cb27f9da27a4b) Importer(815301076,1909f56bfc062723c751e8b465ee728b)  -> (artifact id: 'a2b95369ffb561542f3d63f152774601') in 0.003089 seconds 
Number of asset objects unloaded after import = 1
========================================================================
Received Import Request.
  Time since last request: 0.000014 seconds.
  path: Assets/Assets/Tilesetv3_285.asset
  artifactKey: Guid(bde07b3d5e66846479de2d7ff04d8eb0) Importer(815301076,1909f56bfc062723c751e8b465ee728b)
Number of updated assets reloaded before import = 0
Start importing Assets/Assets/Tilesetv3_285.asset using Guid(bde07b3d5e66846479de2d7ff04d8eb0) Importer(815301076,1909f56bfc062723c751e8b465ee728b)  -> (artifact id: 'c8338998f6f1dcff5121beb029094f56') in 0.002800 seconds 
Number of asset objects unloaded after import = 1
========================================================================
Received Import Request.
  Time since last request: 0.000013 seconds.
  path: Assets/Assets/Tilesetv3_368.asset
  artifactKey: Guid(5627668cca8777547bf1d421cdc361a7) Importer(815301076,1909f56bfc062723c751e8b465ee728b)
Number of updated assets reloaded before import = 0
Start importing Assets/Assets/Tilesetv3_368.asset using Guid(5627668cca8777547bf1d421cdc361a7) Importer(815301076,1909f56bfc062723c751e8b465ee728b)  -> (artifact id: 'bb3a5edd22b2e3159f7ba696e57c89a7') in 0.002799 seconds 
Number of asset objects unloaded after import = 1
========================================================================
Received Import Request.
  Time since last request: 0.000024 seconds.
  path: Assets/Assets/Tilesetv3_355.asset
  artifactKey: Guid(6bd2360349a7b0143ac836bb4e8cc36b) Importer(815301076,1909f56bfc062723c751e8b465ee728b)
Number of updated assets reloaded before import = 0
Start importing Assets/Assets/Tilesetv3_355.asset using Guid(6bd2360349a7b0143ac836bb4e8cc36b) Importer(815301076,1909f56bfc062723c751e8b465ee728b)  -> (artifact id: 'b7b097baa457328753b964833bb0eb16') in 0.004644 seconds 
Number of asset objects unloaded after import = 1
========================================================================
Received Import Request.
  Time since last request: 0.000021 seconds.
  path: Assets/Assets/Tilesetv3_296.asset
  artifactKey: Guid(ed4a5c1427b9a1f42b7d15914ec0a50b) Importer(815301076,1909f56bfc062723c751e8b465ee728b)
Number of updated assets reloaded before import = 0
Start importing Assets/Assets/Tilesetv3_296.asset using Guid(ed4a5c1427b9a1f42b7d15914ec0a50b) Importer(815301076,1909f56bfc062723c751e8b465ee728b)  -> (artifact id: '665eff5a8c0c8294c138ec19c0ac80f9') in 0.003656 seconds 
Number of asset objects unloaded after import = 1
========================================================================
Received Import Request.
  Time since last request: 0.000015 seconds.
  path: Assets/Assets/Tilesetv3_404.asset
  artifactKey: Guid(8621c82e0aa36c841a01d77397efa015) Importer(815301076,1909f56bfc062723c751e8b465ee728b)
Number of updated assets reloaded before import = 0
Start importing Assets/Assets/Tilesetv3_404.asset using Guid(8621c82e0aa36c841a01d77397efa015) Importer(815301076,1909f56bfc062723c751e8b465ee728b)  -> (artifact id: '192a30c4a87c633718b9937efe709ce9') in 0.003412 seconds 
Number of asset objects unloaded after import = 1
========================================================================
Received Import Request.
  Time since last request: 0.000017 seconds.
  path: Assets/Assets/Tilesetv3_419.asset
  artifactKey: Guid(080729a04ec13fa4788215fb0d9c9e9f) Importer(815301076,1909f56bfc062723c751e8b465ee728b)
Number of updated assets reloaded before import = 0
Start importing Assets/Assets/Tilesetv3_419.asset using Guid(080729a04ec13fa4788215fb0d9c9e9f) Importer(815301076,1909f56bfc062723c751e8b465ee728b)  -> (artifact id: '58a155228f057701cb90311577afea21') in 0.003894 seconds 
Number of asset objects unloaded after import = 1
========================================================================
Received Import Request.
  Time since last request: 0.000018 seconds.
  path: Assets/Assets/Tilesetv3_320.asset
  artifactKey: Guid(f64da179a7313b848be1369a3e4b67b4) Importer(815301076,1909f56bfc062723c751e8b465ee728b)
Number of updated assets reloaded before import = 0
Start importing Assets/Assets/Tilesetv3_320.asset using Guid(f64da179a7313b848be1369a3e4b67b4) Importer(815301076,1909f56bfc062723c751e8b465ee728b)  -> (artifact id: 'd987757456b5015de5801585b589702e') in 0.003216 seconds 
Number of asset objects unloaded after import = 1
========================================================================
Received Import Request.
  Time since last request: 0.000015 seconds.
  path: Assets/Assets/Tilesetv3_411.asset
  artifactKey: Guid(0271edc2a7e8c7e4197f1f685f83ab48) Importer(815301076,1909f56bfc062723c751e8b465ee728b)
Number of updated assets reloaded before import = 0
Start importing Assets/Assets/Tilesetv3_411.asset using Guid(0271edc2a7e8c7e4197f1f685f83ab48) Importer(815301076,1909f56bfc062723c751e8b465ee728b)  -> (artifact id: 'c28edd28c75c1aa079ee7e12f13432b4') in 0.012317 seconds 
Number of asset objects unloaded after import = 1
========================================================================
Received Import Request.
  Time since last request: 0.000017 seconds.
  path: Assets/Assets/Tilesetv3_365.asset
  artifactKey: Guid(204f68b6712efb746901a5dfb20fecad) Importer(815301076,1909f56bfc062723c751e8b465ee728b)
Number of updated assets reloaded before import = 0
Start importing Assets/Assets/Tilesetv3_365.asset using Guid(204f68b6712efb746901a5dfb20fecad) Importer(815301076,1909f56bfc062723c751e8b465ee728b)  -> (artifact id: '6bfc54d385c3946f44e9ca08de285620') in 0.002949 seconds 
Number of asset objects unloaded after import = 1
========================================================================
Received Import Request.
  Time since last request: 0.000020 seconds.
  path: Assets/Assets/Tilesetv3_389.asset
  artifactKey: Guid(c3f5b619fa85be5489dac4d857470230) Importer(815301076,1909f56bfc062723c751e8b465ee728b)
Number of updated assets reloaded before import = 0
Start importing Assets/Assets/Tilesetv3_389.asset using Guid(c3f5b619fa85be5489dac4d857470230) Importer(815301076,1909f56bfc062723c751e8b465ee728b)  -> (artifact id: '14156309558c2d82b37023a49447463b') in 0.011714 seconds 
Number of asset objects unloaded after import = 1
========================================================================
Received Import Request.
  Time since last request: 0.000020 seconds.
  path: Assets/Assets/Tilesetv3_298.asset
  artifactKey: Guid(f38922d9f5e03844ca0f35cce06437e6) Importer(815301076,1909f56bfc062723c751e8b465ee728b)
Number of updated assets reloaded before import = 0
Start importing Assets/Assets/Tilesetv3_298.asset using Guid(f38922d9f5e03844ca0f35cce06437e6) Importer(815301076,1909f56bfc062723c751e8b465ee728b)  -> (artifact id: 'fdcfdcbe50b3a8ceebb717633a5daea2') in 0.002910 seconds 
Number of asset objects unloaded after import = 1
========================================================================
Received Import Request.
  Time since last request: 0.000016 seconds.
  path: Assets/Assets/Tilesetv3_393.asset
  artifactKey: Guid(a1757f33b73cc0f47987baca10f4c6c8) Importer(815301076,1909f56bfc062723c751e8b465ee728b)
Number of updated assets reloaded before import = 0
Start importing Assets/Assets/Tilesetv3_393.asset using Guid(a1757f33b73cc0f47987baca10f4c6c8) Importer(815301076,1909f56bfc062723c751e8b465ee728b)  -> (artifact id: '74eb12b804ea4bbcafa69c1b94e1d7ec') in 0.003005 seconds 
Number of asset objects unloaded after import = 1
========================================================================
Received Import Request.
  Time since last request: 0.000018 seconds.
  path: Assets/Assets/Tilesetv3_293.asset
  artifactKey: Guid(45d2dcd7346e44e45a61c33cab5cbfcc) Importer(815301076,1909f56bfc062723c751e8b465ee728b)
Number of updated assets reloaded before import = 0
Start importing Assets/Assets/Tilesetv3_293.asset using Guid(45d2dcd7346e44e45a61c33cab5cbfcc) Importer(815301076,1909f56bfc062723c751e8b465ee728b)  -> (artifact id: '656fa34de97840d9c6d056f3538a769c') in 0.011976 seconds 
Number of asset objects unloaded after import = 1
========================================================================
Received Import Request.
  Time since last request: 0.000016 seconds.
  path: Assets/Assets/Tilesetv3_407.asset
  artifactKey: Guid(ed4bc25430a36a7449d36bcdeae6aee3) Importer(815301076,1909f56bfc062723c751e8b465ee728b)
Number of updated assets reloaded before import = 0
Start importing Assets/Assets/Tilesetv3_407.asset using Guid(ed4bc25430a36a7449d36bcdeae6aee3) Importer(815301076,1909f56bfc062723c751e8b465ee728b)  -> (artifact id: '6d38a84758acc41f8d35a1de5f64415b') in 0.003062 seconds 
Number of asset objects unloaded after import = 1
========================================================================
Received Import Request.
  Time since last request: 0.000014 seconds.
  path: Assets/Assets/Tilesetv3_325.asset
  artifactKey: Guid(0c82d571908ecc64088bd7c11797c7e0) Importer(815301076,1909f56bfc062723c751e8b465ee728b)
Number of updated assets reloaded before import = 0
Start importing Assets/Assets/Tilesetv3_325.asset using Guid(0c82d571908ecc64088bd7c11797c7e0) Importer(815301076,1909f56bfc062723c751e8b465ee728b)  -> (artifact id: 'f698191afdb5efa05ecc82a98ed64acd') in 0.010758 seconds 
Number of asset objects unloaded after import = 1
========================================================================
Received Import Request.
  Time since last request: 0.000016 seconds.
  path: Assets/Assets/Tilesetv3_286.asset
  artifactKey: Guid(c001b644371279940b1741543da2637d) Importer(815301076,1909f56bfc062723c751e8b465ee728b)
Number of updated assets reloaded before import = 0
Start importing Assets/Assets/Tilesetv3_286.asset using Guid(c001b644371279940b1741543da2637d) Importer(815301076,1909f56bfc062723c751e8b465ee728b)  -> (artifact id: '6dde33bfc98002f0931671cc850af851') in 0.002569 seconds 
Number of asset objects unloaded after import = 1
========================================================================
Received Import Request.
  Time since last request: 0.000015 seconds.
  path: Assets/Assets/Tilesetv3_433.asset
  artifactKey: Guid(6d259b6c1081ee14a8b0d1afd8f454c6) Importer(815301076,1909f56bfc062723c751e8b465ee728b)
Number of updated assets reloaded before import = 0
Start importing Assets/Assets/Tilesetv3_433.asset using Guid(6d259b6c1081ee14a8b0d1afd8f454c6) Importer(815301076,1909f56bfc062723c751e8b465ee728b)  -> (artifact id: '7aaafdb8780e368bb9aa4445f3d20413') in 0.002698 seconds 
Number of asset objects unloaded after import = 1
========================================================================
Received Import Request.
  Time since last request: 0.000019 seconds.
  path: Assets/Assets/Tilesetv3_441.asset
  artifactKey: Guid(ef9292e033bc4614b8eb702af13f8fb3) Importer(815301076,1909f56bfc062723c751e8b465ee728b)
Number of updated assets reloaded before import = 0
Start importing Assets/Assets/Tilesetv3_441.asset using Guid(ef9292e033bc4614b8eb702af13f8fb3) Importer(815301076,1909f56bfc062723c751e8b465ee728b)  -> (artifact id: 'a1bd2fdd0b0f50b0e236c41264578f1f') in 0.003894 seconds 
Number of asset objects unloaded after import = 1
========================================================================
Received Import Request.
  Time since last request: 0.000015 seconds.
  path: Assets/Assets/Tilesetv3_450.asset
  artifactKey: Guid(6f7102069a6f1a74ba7dc380b407c5de) Importer(815301076,1909f56bfc062723c751e8b465ee728b)
Number of updated assets reloaded before import = 0
Start importing Assets/Assets/Tilesetv3_450.asset using Guid(6f7102069a6f1a74ba7dc380b407c5de) Importer(815301076,1909f56bfc062723c751e8b465ee728b)  -> (artifact id: '24ba3fdb0bcd1315a5ad0373740d6e45') in 0.002669 seconds 
Number of asset objects unloaded after import = 1
========================================================================
Received Import Request.
  Time since last request: 0.000019 seconds.
  path: Assets/Assets/Tilesetv3_439.asset
  artifactKey: Guid(8dd652dabd1b44443965fffa907430c2) Importer(815301076,1909f56bfc062723c751e8b465ee728b)
Number of updated assets reloaded before import = 0
Start importing Assets/Assets/Tilesetv3_439.asset using Guid(8dd652dabd1b44443965fffa907430c2) Importer(815301076,1909f56bfc062723c751e8b465ee728b)  -> (artifact id: '7125d7f0f606badd9692fb9d30adcf6a') in 0.002965 seconds 
Number of asset objects unloaded after import = 1
========================================================================
Received Import Request.
  Time since last request: 0.000017 seconds.
  path: Assets/Assets/Tilesetv3_458.asset
  artifactKey: Guid(91af1d10e7dd35e429641b735cae57b6) Importer(815301076,1909f56bfc062723c751e8b465ee728b)
Number of updated assets reloaded before import = 0
Start importing Assets/Assets/Tilesetv3_458.asset using Guid(91af1d10e7dd35e429641b735cae57b6) Importer(815301076,1909f56bfc062723c751e8b465ee728b)  -> (artifact id: 'a044f08a40306e6c45a9e003ba12b678') in 0.003134 seconds 
Number of asset objects unloaded after import = 1
========================================================================
Received Import Request.
  Time since last request: 0.000021 seconds.
  path: Assets/Assets/Tilesetv3_495.asset
  artifactKey: Guid(45ba08e38eceafd44a999ccd94ac53d9) Importer(815301076,1909f56bfc062723c751e8b465ee728b)
Number of updated assets reloaded before import = 0
Start importing Assets/Assets/Tilesetv3_495.asset using Guid(45ba08e38eceafd44a999ccd94ac53d9) Importer(815301076,1909f56bfc062723c751e8b465ee728b)  -> (artifact id: '1e5130dade2709596a66388d1bdb775a') in 0.003764 seconds 
Number of asset objects unloaded after import = 1
========================================================================
Received Import Request.
  Time since last request: 0.000019 seconds.
  path: Assets/Assets/Tilesetv3_469.asset
  artifactKey: Guid(e45233db0bff18543acbdb528fffc7c7) Importer(815301076,1909f56bfc062723c751e8b465ee728b)
Number of updated assets reloaded before import = 0
Start importing Assets/Assets/Tilesetv3_469.asset using Guid(e45233db0bff18543acbdb528fffc7c7) Importer(815301076,1909f56bfc062723c751e8b465ee728b)  -> (artifact id: 'b34519e01a2ee11f1417ecd68643e583') in 0.003996 seconds 
Number of asset objects unloaded after import = 1
========================================================================
Received Import Request.
  Time since last request: 0.000018 seconds.
  path: Assets/Assets/Tilesetv3_482.asset
  artifactKey: Guid(26ce2e9ff2a961d4db102364f3bc14ba) Importer(815301076,1909f56bfc062723c751e8b465ee728b)
Number of updated assets reloaded before import = 0
Start importing Assets/Assets/Tilesetv3_482.asset using Guid(26ce2e9ff2a961d4db102364f3bc14ba) Importer(815301076,1909f56bfc062723c751e8b465ee728b)  -> (artifact id: '4a4dad1e1ac962529e2758f0850bbfc6') in 0.010008 seconds 
Number of asset objects unloaded after import = 1
========================================================================
Received Import Request.
  Time since last request: 0.000027 seconds.
  path: Assets/Assets/Tilesetv3_508.asset
  artifactKey: Guid(abb67d1dc9d133043bcc1c3b13352716) Importer(815301076,1909f56bfc062723c751e8b465ee728b)
Number of updated assets reloaded before import = 0
Start importing Assets/Assets/Tilesetv3_508.asset using Guid(abb67d1dc9d133043bcc1c3b13352716) Importer(815301076,1909f56bfc062723c751e8b465ee728b)  -> (artifact id: '486228deb990a5dce26b2c679e0d238b') in 0.010894 seconds 
Number of asset objects unloaded after import = 1
========================================================================
Received Import Request.
  Time since last request: 0.000021 seconds.
  path: Assets/Assets/Tilesetv3_511.asset
  artifactKey: Guid(8124cf2686924744f9d5555fa891e6c5) Importer(815301076,1909f56bfc062723c751e8b465ee728b)
Number of updated assets reloaded before import = 0
Start importing Assets/Assets/Tilesetv3_511.asset using Guid(8124cf2686924744f9d5555fa891e6c5) Importer(815301076,1909f56bfc062723c751e8b465ee728b)  -> (artifact id: '60a83c93deb001054337da7c56d20c40') in 0.003913 seconds 
Number of asset objects unloaded after import = 1
========================================================================
Received Import Request.
  Time since last request: 0.000019 seconds.
  path: Assets/Assets/Tilesetv3_544.asset
  artifactKey: Guid(a87514b1e520d2247bf3aeac44268b8b) Importer(815301076,1909f56bfc062723c751e8b465ee728b)
Number of updated assets reloaded before import = 0
Start importing Assets/Assets/Tilesetv3_544.asset using Guid(a87514b1e520d2247bf3aeac44268b8b) Importer(815301076,1909f56bfc062723c751e8b465ee728b)  -> (artifact id: '3aa543dd769a1ba3d6b2479271c89ca5') in 0.011132 seconds 
Number of asset objects unloaded after import = 1
========================================================================
Received Import Request.
  Time since last request: 0.000020 seconds.
  path: Assets/Assets/Tilesetv3_557.asset
  artifactKey: Guid(f354f29e5ca07894fa37bc8e1ea0a5ca) Importer(815301076,1909f56bfc062723c751e8b465ee728b)
Number of updated assets reloaded before import = 0
Start importing Assets/Assets/Tilesetv3_557.asset using Guid(f354f29e5ca07894fa37bc8e1ea0a5ca) Importer(815301076,1909f56bfc062723c751e8b465ee728b)  -> (artifact id: 'a7cc7865f2273ff51618b2d2d57d4787') in 0.003708 seconds 
Number of asset objects unloaded after import = 1
========================================================================
Received Import Request.
  Time since last request: 0.000029 seconds.
  path: Assets/Assets/Tilesetv3_457.asset
  artifactKey: Guid(7088a8d4b2baa2d40b9216ae20d57a39) Importer(815301076,1909f56bfc062723c751e8b465ee728b)
Number of updated assets reloaded before import = 0
Start importing Assets/Assets/Tilesetv3_457.asset using Guid(7088a8d4b2baa2d40b9216ae20d57a39) Importer(815301076,1909f56bfc062723c751e8b465ee728b)  -> (artifact id: 'bf48ff36abe001d725eda6f34fb172c6') in 0.009973 seconds 
Number of asset objects unloaded after import = 1
========================================================================
Received Import Request.
  Time since last request: 0.000021 seconds.
  path: Assets/Assets/Tilesetv3_571.asset
  artifactKey: Guid(fb328beae193af244a940fb4da7ab9a1) Importer(815301076,1909f56bfc062723c751e8b465ee728b)
Number of updated assets reloaded before import = 0
Start importing Assets/Assets/Tilesetv3_571.asset using Guid(fb328beae193af244a940fb4da7ab9a1) Importer(815301076,1909f56bfc062723c751e8b465ee728b)  -> (artifact id: '792d2fce9d2ba67d9b68675ff9d20b75') in 0.003182 seconds 
Number of asset objects unloaded after import = 1
========================================================================
Received Import Request.
  Time since last request: 0.000013 seconds.
  path: Assets/Assets/Tilesetv3_586.asset
  artifactKey: Guid(bb1abb0407a605144831b46a445312b4) Importer(815301076,1909f56bfc062723c751e8b465ee728b)
Number of updated assets reloaded before import = 0
Start importing Assets/Assets/Tilesetv3_586.asset using Guid(bb1abb0407a605144831b46a445312b4) Importer(815301076,1909f56bfc062723c751e8b465ee728b)  -> (artifact id: '5e9a36c93d1bfb9dbf66959047890abc') in 0.002885 seconds 
Number of asset objects unloaded after import = 1
========================================================================
Received Import Request.
  Time since last request: 0.000013 seconds.
  path: Assets/Assets/Tilesetv3_548.asset
  artifactKey: Guid(7d404603ee669be44b95bce8f5b1dcf0) Importer(815301076,1909f56bfc062723c751e8b465ee728b)
Number of updated assets reloaded before import = 0
Start importing Assets/Assets/Tilesetv3_548.asset using Guid(7d404603ee669be44b95bce8f5b1dcf0) Importer(815301076,1909f56bfc062723c751e8b465ee728b)  -> (artifact id: 'd73f74b4fe0687370bd5fd0098fc2d6c') in 0.003067 seconds 
Number of asset objects unloaded after import = 1
========================================================================
Received Import Request.
  Time since last request: 0.000013 seconds.
  path: Assets/Assets/Tilesetv3_446.asset
  artifactKey: Guid(89bf8d7a0d362dd43b6ed7cfe95b1575) Importer(815301076,1909f56bfc062723c751e8b465ee728b)
Number of updated assets reloaded before import = 0
Start importing Assets/Assets/Tilesetv3_446.asset using Guid(89bf8d7a0d362dd43b6ed7cfe95b1575) Importer(815301076,1909f56bfc062723c751e8b465ee728b)  -> (artifact id: '08eb9cbfb898e41bc905234bd823ef8d') in 0.003276 seconds 
Number of asset objects unloaded after import = 1
========================================================================
Received Import Request.
  Time since last request: 0.000024 seconds.
  path: Assets/Assets/Tilesetv3_559.asset
  artifactKey: Guid(f7f794ad3eaa386499c6800344922493) Importer(815301076,1909f56bfc062723c751e8b465ee728b)
Number of updated assets reloaded before import = 0
Start importing Assets/Assets/Tilesetv3_559.asset using Guid(f7f794ad3eaa386499c6800344922493) Importer(815301076,1909f56bfc062723c751e8b465ee728b)  -> (artifact id: '4f2fd8474e503f035003ed68a0c91132') in 0.003305 seconds 
Number of asset objects unloaded after import = 1
========================================================================
Received Import Request.
  Time since last request: 0.000015 seconds.
  path: Assets/Assets/Tilesetv3_518.asset
  artifactKey: Guid(c136208c128bd6c47b656a4377b389d5) Importer(815301076,1909f56bfc062723c751e8b465ee728b)
Number of updated assets reloaded before import = 0
Start importing Assets/Assets/Tilesetv3_518.asset using Guid(c136208c128bd6c47b656a4377b389d5) Importer(815301076,1909f56bfc062723c751e8b465ee728b)  -> (artifact id: '862f310b5b133dc732359470419d5d00') in 0.002852 seconds 
Number of asset objects unloaded after import = 1
========================================================================
Received Import Request.
  Time since last request: 0.000015 seconds.
  path: Assets/Assets/Tilesetv3_540.asset
  artifactKey: Guid(8a8ef0def23adab4d820f9897db50850) Importer(815301076,1909f56bfc062723c751e8b465ee728b)
Number of updated assets reloaded before import = 0
Start importing Assets/Assets/Tilesetv3_540.asset using Guid(8a8ef0def23adab4d820f9897db50850) Importer(815301076,1909f56bfc062723c751e8b465ee728b)  -> (artifact id: '8583bb65108202107b46b47e22e8c88a') in 0.002982 seconds 
Number of asset objects unloaded after import = 1
========================================================================
Received Import Request.
  Time since last request: 0.000013 seconds.
  path: Assets/Assets/Tilesetv3_497.asset
  artifactKey: Guid(6810e2b2e05daba4d89ae043f3656ae2) Importer(815301076,1909f56bfc062723c751e8b465ee728b)
Number of updated assets reloaded before import = 0
Start importing Assets/Assets/Tilesetv3_497.asset using Guid(6810e2b2e05daba4d89ae043f3656ae2) Importer(815301076,1909f56bfc062723c751e8b465ee728b)  -> (artifact id: 'a83799cdfbd7596db1e4f1e2c7ce24e8') in 0.003708 seconds 
Number of asset objects unloaded after import = 1
========================================================================
Received Import Request.
  Time since last request: 0.000015 seconds.
  path: Assets/Assets/Tilesetv3_537.asset
  artifactKey: Guid(25e8c3ae312f607459af73dd0d86cd03) Importer(815301076,1909f56bfc062723c751e8b465ee728b)
Number of updated assets reloaded before import = 0
Start importing Assets/Assets/Tilesetv3_537.asset using Guid(25e8c3ae312f607459af73dd0d86cd03) Importer(815301076,1909f56bfc062723c751e8b465ee728b)  -> (artifact id: 'cd8291839466d307ec5640ac492000d1') in 0.003091 seconds 
Number of asset objects unloaded after import = 1
========================================================================
Received Import Request.
  Time since last request: 0.000015 seconds.
  path: Assets/Assets/Tilesetv3_534.asset
  artifactKey: Guid(3f59d71b19f91054ea3f6236f6fa8eb6) Importer(815301076,1909f56bfc062723c751e8b465ee728b)
Number of updated assets reloaded before import = 0
Start importing Assets/Assets/Tilesetv3_534.asset using Guid(3f59d71b19f91054ea3f6236f6fa8eb6) Importer(815301076,1909f56bfc062723c751e8b465ee728b)  -> (artifact id: 'c11d2454467e0d1a7268f378005e60ce') in 0.011634 seconds 
Number of asset objects unloaded after import = 1
========================================================================
Received Import Request.
  Time since last request: 0.000015 seconds.
  path: Assets/Assets/Tilesetv3_581.asset
  artifactKey: Guid(d6f8ff0a1b2ab0b41857ec1e6bacf791) Importer(815301076,1909f56bfc062723c751e8b465ee728b)
Number of updated assets reloaded before import = 0
Start importing Assets/Assets/Tilesetv3_581.asset using Guid(d6f8ff0a1b2ab0b41857ec1e6bacf791) Importer(815301076,1909f56bfc062723c751e8b465ee728b)  -> (artifact id: '899d5b83da8477993e78746b9c0a410c') in 0.002885 seconds 
Number of asset objects unloaded after import = 1
========================================================================
Received Import Request.
  Time since last request: 0.000014 seconds.
  path: Assets/Assets/Tilesetv3_448.asset
  artifactKey: Guid(f6e8136880dd88a4aab1d4ca6e3496bd) Importer(815301076,1909f56bfc062723c751e8b465ee728b)
Number of updated assets reloaded before import = 0
Start importing Assets/Assets/Tilesetv3_448.asset using Guid(f6e8136880dd88a4aab1d4ca6e3496bd) Importer(815301076,1909f56bfc062723c751e8b465ee728b)  -> (artifact id: 'ac6166b9fed24b626a16a6dba26a32c0') in 0.002815 seconds 
Number of asset objects unloaded after import = 1
========================================================================
Received Import Request.
  Time since last request: 0.000021 seconds.
  path: Assets/Assets/Tilesetv3_463.asset
  artifactKey: Guid(84fe41dd69c0dd1499039e5f50dc9078) Importer(815301076,1909f56bfc062723c751e8b465ee728b)
Number of updated assets reloaded before import = 0
Start importing Assets/Assets/Tilesetv3_463.asset using Guid(84fe41dd69c0dd1499039e5f50dc9078) Importer(815301076,1909f56bfc062723c751e8b465ee728b)  -> (artifact id: '23de355725f011bb499d60e00d12c789') in 0.003158 seconds 
Number of asset objects unloaded after import = 1
========================================================================
Received Import Request.
  Time since last request: 0.000020 seconds.
  path: Assets/Assets/Tilesetv3_498.asset
  artifactKey: Guid(45e108cfd6618414c9094c4c12c9af16) Importer(815301076,1909f56bfc062723c751e8b465ee728b)
Number of updated assets reloaded before import = 0
Start importing Assets/Assets/Tilesetv3_498.asset using Guid(45e108cfd6618414c9094c4c12c9af16) Importer(815301076,1909f56bfc062723c751e8b465ee728b)  -> (artifact id: '46e98d7245984aa0133a24266126f1a1') in 0.003843 seconds 
Number of asset objects unloaded after import = 1
========================================================================
Received Import Request.
  Time since last request: 0.000016 seconds.
  path: Assets/Assets/Tilesetv3_472.asset
  artifactKey: Guid(2bd7fb7fd025e62448d28bd97a4db1f6) Importer(815301076,1909f56bfc062723c751e8b465ee728b)
Number of updated assets reloaded before import = 0
Start importing Assets/Assets/Tilesetv3_472.asset using Guid(2bd7fb7fd025e62448d28bd97a4db1f6) Importer(815301076,1909f56bfc062723c751e8b465ee728b)  -> (artifact id: '74a75bffae65909efa6cd05622441d90') in 0.002962 seconds 
Number of asset objects unloaded after import = 1
========================================================================
Received Import Request.
  Time since last request: 0.000013 seconds.
  path: Assets/Assets/Tilesetv3_454.asset
  artifactKey: Guid(3af3146400b6a994098f19dd4c9a2106) Importer(815301076,1909f56bfc062723c751e8b465ee728b)
Number of updated assets reloaded before import = 0
Start importing Assets/Assets/Tilesetv3_454.asset using Guid(3af3146400b6a994098f19dd4c9a2106) Importer(815301076,1909f56bfc062723c751e8b465ee728b)  -> (artifact id: '1120928892e8b250576eda89d8eb4892') in 0.002627 seconds 
Number of asset objects unloaded after import = 1
========================================================================
Received Import Request.
  Time since last request: 0.000023 seconds.
  path: Assets/Assets/Tilesetv3_569.asset
  artifactKey: Guid(e296d0006f8e7a44194ed86e01bc1feb) Importer(815301076,1909f56bfc062723c751e8b465ee728b)
Number of updated assets reloaded before import = 0
Start importing Assets/Assets/Tilesetv3_569.asset using Guid(e296d0006f8e7a44194ed86e01bc1feb) Importer(815301076,1909f56bfc062723c751e8b465ee728b)  -> (artifact id: '1471ca7c2a6bf3b038a221ca70b95098') in 0.011883 seconds 
Number of asset objects unloaded after import = 1
========================================================================
Received Import Request.
  Time since last request: 0.000022 seconds.
  path: Assets/Assets/Tilesetv3_485.asset
  artifactKey: Guid(0b985fbda661dee49a7ae82194bb0e79) Importer(815301076,1909f56bfc062723c751e8b465ee728b)
Number of updated assets reloaded before import = 0
Start importing Assets/Assets/Tilesetv3_485.asset using Guid(0b985fbda661dee49a7ae82194bb0e79) Importer(815301076,1909f56bfc062723c751e8b465ee728b)  -> (artifact id: '0ee10051217bfc8cba348e5f7a08434f') in 0.011139 seconds 
Number of asset objects unloaded after import = 1
========================================================================
Received Import Request.
  Time since last request: 0.000019 seconds.
  path: Assets/Assets/Tilesetv3_567.asset
  artifactKey: Guid(8469d4c8a2dd0414ebfba2a9a33aa0cb) Importer(815301076,1909f56bfc062723c751e8b465ee728b)
Number of updated assets reloaded before import = 0
Start importing Assets/Assets/Tilesetv3_567.asset using Guid(8469d4c8a2dd0414ebfba2a9a33aa0cb) Importer(815301076,1909f56bfc062723c751e8b465ee728b)  -> (artifact id: '553d6bf599c97672a4a23091cf0993bd') in 0.002950 seconds 
Number of asset objects unloaded after import = 1
========================================================================
Received Import Request.
  Time since last request: 0.000021 seconds.
  path: Assets/Assets/Tilesetv3_513.asset
  artifactKey: Guid(a8d9dec847ab2f74989b541b9b6e507b) Importer(815301076,1909f56bfc062723c751e8b465ee728b)
Number of updated assets reloaded before import = 0
Start importing Assets/Assets/Tilesetv3_513.asset using Guid(a8d9dec847ab2f74989b541b9b6e507b) Importer(815301076,1909f56bfc062723c751e8b465ee728b)  -> (artifact id: 'b93f4701118e6a6fbf7facbe6855c9cf') in 0.011111 seconds 
Number of asset objects unloaded after import = 1
========================================================================
Received Import Request.
  Time since last request: 0.000023 seconds.
  path: Assets/Assets/Tilesetv3_488.asset
  artifactKey: Guid(59d6cad5eae294441abb8b3f5a44a345) Importer(815301076,1909f56bfc062723c751e8b465ee728b)
Number of updated assets reloaded before import = 0
Start importing Assets/Assets/Tilesetv3_488.asset using Guid(59d6cad5eae294441abb8b3f5a44a345) Importer(815301076,1909f56bfc062723c751e8b465ee728b)  -> (artifact id: '30944ba150a2ffa088956bf205388a87') in 0.003391 seconds 
Number of asset objects unloaded after import = 1
========================================================================
Received Import Request.
  Time since last request: 0.000015 seconds.
  path: Assets/Assets/Tilesetv3_572.asset
  artifactKey: Guid(bd66460a47570bd4d8bd6985a092c459) Importer(815301076,1909f56bfc062723c751e8b465ee728b)
Number of updated assets reloaded before import = 0
Start importing Assets/Assets/Tilesetv3_572.asset using Guid(bd66460a47570bd4d8bd6985a092c459) Importer(815301076,1909f56bfc062723c751e8b465ee728b)  -> (artifact id: '21811d75655dddd1f0698818098d0b53') in 0.002913 seconds 
Number of asset objects unloaded after import = 1
========================================================================
Received Import Request.
  Time since last request: 0.000015 seconds.
  path: Assets/Assets/Tilesetv3_443.asset
  artifactKey: Guid(cba00e48a04b9ed42a380f2616b4cdd0) Importer(815301076,1909f56bfc062723c751e8b465ee728b)
Number of updated assets reloaded before import = 0
Start importing Assets/Assets/Tilesetv3_443.asset using Guid(cba00e48a04b9ed42a380f2616b4cdd0) Importer(815301076,1909f56bfc062723c751e8b465ee728b)  -> (artifact id: 'f4868e78a728cbc04f227b5fbcf8a5fa') in 0.003065 seconds 
Number of asset objects unloaded after import = 1
========================================================================
Received Import Request.
  Time since last request: 0.000013 seconds.
  path: Assets/Assets/Tilesetv3_541.asset
  artifactKey: Guid(25406b42ba7cdfa4b9ad9a698e230a79) Importer(815301076,1909f56bfc062723c751e8b465ee728b)
Number of updated assets reloaded before import = 0
Start importing Assets/Assets/Tilesetv3_541.asset using Guid(25406b42ba7cdfa4b9ad9a698e230a79) Importer(815301076,1909f56bfc062723c751e8b465ee728b)  -> (artifact id: 'bda5d8505cb401f0fa9c713c812ff3d5') in 0.003615 seconds 
Number of asset objects unloaded after import = 1
========================================================================
Received Import Request.
  Time since last request: 0.000017 seconds.
  path: Assets/Assets/Tilesetv3_533.asset
  artifactKey: Guid(99ed94ee904a8d34f8480c5a7d7c0102) Importer(815301076,1909f56bfc062723c751e8b465ee728b)
Number of updated assets reloaded before import = 0
Start importing Assets/Assets/Tilesetv3_533.asset using Guid(99ed94ee904a8d34f8480c5a7d7c0102) Importer(815301076,1909f56bfc062723c751e8b465ee728b)  -> (artifact id: 'f7bfb91c511645ba29128a95005cb13d') in 0.002816 seconds 
Number of asset objects unloaded after import = 1
========================================================================
Received Import Request.
  Time since last request: 0.000013 seconds.
  path: Assets/Assets/Tilesetv3_578.asset
  artifactKey: Guid(8b461b43580e1f641bb95bb8f2f7a811) Importer(815301076,1909f56bfc062723c751e8b465ee728b)
Number of updated assets reloaded before import = 0
Start importing Assets/Assets/Tilesetv3_578.asset using Guid(8b461b43580e1f641bb95bb8f2f7a811) Importer(815301076,1909f56bfc062723c751e8b465ee728b)  -> (artifact id: 'f9e225f63604fb008572f804f757dae0') in 0.010992 seconds 
Number of asset objects unloaded after import = 1
========================================================================
Received Import Request.
  Time since last request: 0.000020 seconds.
  path: Assets/Assets/Tilesetv3_543.asset
  artifactKey: Guid(6e138c7bd526cae4f8dd821f4c9b1e2c) Importer(815301076,1909f56bfc062723c751e8b465ee728b)
Number of updated assets reloaded before import = 0
Start importing Assets/Assets/Tilesetv3_543.asset using Guid(6e138c7bd526cae4f8dd821f4c9b1e2c) Importer(815301076,1909f56bfc062723c751e8b465ee728b)  -> (artifact id: '69168cebc5accda6c1bea0a3982c40e8') in 0.002908 seconds 
Number of asset objects unloaded after import = 1
========================================================================
Received Import Request.
  Time since last request: 0.000017 seconds.
  path: Assets/Assets/Tilesetv3_475.asset
  artifactKey: Guid(a9c08532fd73bdd41bac597a2df06dc1) Importer(815301076,1909f56bfc062723c751e8b465ee728b)
Number of updated assets reloaded before import = 0
Start importing Assets/Assets/Tilesetv3_475.asset using Guid(a9c08532fd73bdd41bac597a2df06dc1) Importer(815301076,1909f56bfc062723c751e8b465ee728b)  -> (artifact id: '98e4a66e235c708495b5c42ccefc2e73') in 0.003283 seconds 
Number of asset objects unloaded after import = 1
========================================================================
Received Import Request.
  Time since last request: 0.000015 seconds.
  path: Assets/Assets/Tilesetv3_327.asset
  artifactKey: Guid(ece2278032edeae48886a03e54f2c835) Importer(815301076,1909f56bfc062723c751e8b465ee728b)
Number of updated assets reloaded before import = 0
Start importing Assets/Assets/Tilesetv3_327.asset using Guid(ece2278032edeae48886a03e54f2c835) Importer(815301076,1909f56bfc062723c751e8b465ee728b)  -> (artifact id: 'b197baf3557c7fe21c06bd8b6e048f43') in 0.004072 seconds 
Number of asset objects unloaded after import = 1
========================================================================
Received Import Request.
  Time since last request: 0.000032 seconds.
  path: Assets/Assets/Tilesetv3_605.asset
  artifactKey: Guid(89e9996b6a916b846b2fab86177d7529) Importer(815301076,1909f56bfc062723c751e8b465ee728b)
Number of updated assets reloaded before import = 0
Start importing Assets/Assets/Tilesetv3_605.asset using Guid(89e9996b6a916b846b2fab86177d7529) Importer(815301076,1909f56bfc062723c751e8b465ee728b)  -> (artifact id: '89f3436de69df2a3ad8f208169e9aeb5') in 0.003261 seconds 
Number of asset objects unloaded after import = 1
========================================================================
Received Import Request.
  Time since last request: 0.000015 seconds.
  path: Assets/Assets/Tilesetv3_588.asset
  artifactKey: Guid(5b4481dc2b81f354986214d36ce3991f) Importer(815301076,1909f56bfc062723c751e8b465ee728b)
Number of updated assets reloaded before import = 0
Start importing Assets/Assets/Tilesetv3_588.asset using Guid(5b4481dc2b81f354986214d36ce3991f) Importer(815301076,1909f56bfc062723c751e8b465ee728b)  -> (artifact id: '6d676a294700a2921c3de94895072e70') in 0.003019 seconds 
Number of asset objects unloaded after import = 1
========================================================================
Received Import Request.
  Time since last request: 0.000014 seconds.
  path: Assets/Assets/Tilesetv3_607.asset
  artifactKey: Guid(2769173670763174284a0a133dc0b515) Importer(815301076,1909f56bfc062723c751e8b465ee728b)
Number of updated assets reloaded before import = 0
Start importing Assets/Assets/Tilesetv3_607.asset using Guid(2769173670763174284a0a133dc0b515) Importer(815301076,1909f56bfc062723c751e8b465ee728b)  -> (artifact id: '6619c4888b39cc052e27695835f0a1a4') in 0.003017 seconds 
Number of asset objects unloaded after import = 1
========================================================================
Received Import Request.
  Time since last request: 0.000018 seconds.
  path: Assets/Assets/Tilesetv3_606.asset
  artifactKey: Guid(34a3197f900016f4e8e21111ce4f000f) Importer(815301076,1909f56bfc062723c751e8b465ee728b)
Number of updated assets reloaded before import = 0
Start importing Assets/Assets/Tilesetv3_606.asset using Guid(34a3197f900016f4e8e21111ce4f000f) Importer(815301076,1909f56bfc062723c751e8b465ee728b)  -> (artifact id: '26366c5b021d84a01b0ce7169a8e2ffc') in 0.003606 seconds 
Number of asset objects unloaded after import = 1
========================================================================
Received Import Request.
  Time since last request: 0.000018 seconds.
  path: Assets/Assets/Tilesetv3_642.asset
  artifactKey: Guid(177d19992846c494192f4bdf4db13637) Importer(815301076,1909f56bfc062723c751e8b465ee728b)
Number of updated assets reloaded before import = 0
Start importing Assets/Assets/Tilesetv3_642.asset using Guid(177d19992846c494192f4bdf4db13637) Importer(815301076,1909f56bfc062723c751e8b465ee728b)  -> (artifact id: 'e1f7b5066d21338a6ce239a0b9f41084') in 0.002511 seconds 
Number of asset objects unloaded after import = 1
========================================================================
Received Import Request.
  Time since last request: 0.000011 seconds.
  path: Assets/Assets/Tilesetv3_657.asset
  artifactKey: Guid(90c8627922838d544a6a7a3e42b564b2) Importer(815301076,1909f56bfc062723c751e8b465ee728b)
Number of updated assets reloaded before import = 0
Start importing Assets/Assets/Tilesetv3_657.asset using Guid(90c8627922838d544a6a7a3e42b564b2) Importer(815301076,1909f56bfc062723c751e8b465ee728b)  -> (artifact id: '695c28a0829b432358c1346ef2a0ee1e') in 0.003116 seconds 
Number of asset objects unloaded after import = 1
========================================================================
Received Import Request.
  Time since last request: 0.000018 seconds.
  path: Assets/Assets/Tilesetv3_639.asset
  artifactKey: Guid(6544f89068e25974181597a18db6fd91) Importer(815301076,1909f56bfc062723c751e8b465ee728b)
Number of updated assets reloaded before import = 0
Start importing Assets/Assets/Tilesetv3_639.asset using Guid(6544f89068e25974181597a18db6fd91) Importer(815301076,1909f56bfc062723c751e8b465ee728b)  -> (artifact id: '25a8308eadbcc0e82671e30380de1e4b') in 0.011301 seconds 
Number of asset objects unloaded after import = 1
========================================================================
Received Import Request.
  Time since last request: 0.000014 seconds.
  path: Assets/Assets/Tilesetv3_617.asset
  artifactKey: Guid(5c83e970c49ac20479859bde28b4e604) Importer(815301076,1909f56bfc062723c751e8b465ee728b)
Number of updated assets reloaded before import = 0
Start importing Assets/Assets/Tilesetv3_617.asset using Guid(5c83e970c49ac20479859bde28b4e604) Importer(815301076,1909f56bfc062723c751e8b465ee728b)  -> (artifact id: 'ae3c25b0be1e11a302afed162acea87a') in 0.003019 seconds 
Number of asset objects unloaded after import = 1
========================================================================
Received Import Request.
  Time since last request: 0.000019 seconds.
  path: Assets/Assets/Tilesetv3_592.asset
  artifactKey: Guid(c40c71d304f424d428fa00bbe3f49430) Importer(815301076,1909f56bfc062723c751e8b465ee728b)
Number of updated assets reloaded before import = 0
Start importing Assets/Assets/Tilesetv3_592.asset using Guid(c40c71d304f424d428fa00bbe3f49430) Importer(815301076,1909f56bfc062723c751e8b465ee728b)  -> (artifact id: '3b7fd7dc7b2f0392ecbe0445368ff23a') in 0.003096 seconds 
Number of asset objects unloaded after import = 1
========================================================================
Received Import Request.
  Time since last request: 0.000015 seconds.
  path: Assets/Assets/Tilesetv3_627.asset
  artifactKey: Guid(e4d44c839a7797f45ab9e4ad2c05f357) Importer(815301076,1909f56bfc062723c751e8b465ee728b)
Number of updated assets reloaded before import = 0
Start importing Assets/Assets/Tilesetv3_627.asset using Guid(e4d44c839a7797f45ab9e4ad2c05f357) Importer(815301076,1909f56bfc062723c751e8b465ee728b)  -> (artifact id: 'df69cee18abe6629b2346ba86e5a6bb2') in 0.010751 seconds 
Number of asset objects unloaded after import = 1
========================================================================
Received Import Request.
  Time since last request: 0.000014 seconds.
  path: Assets/Assets/Tilesetv3_625.asset
  artifactKey: Guid(00e0c0ff59ac4ff4baf69bafc62b5c91) Importer(815301076,1909f56bfc062723c751e8b465ee728b)
Number of updated assets reloaded before import = 0
Start importing Assets/Assets/Tilesetv3_625.asset using Guid(00e0c0ff59ac4ff4baf69bafc62b5c91) Importer(815301076,1909f56bfc062723c751e8b465ee728b)  -> (artifact id: 'dc29e72d73eae32fb91ad25c5099402b') in 0.003154 seconds 
Number of asset objects unloaded after import = 1
========================================================================
Received Import Request.
  Time since last request: 0.000026 seconds.
  path: Assets/Assets/Tilesetv3_618.asset
  artifactKey: Guid(a1512de32ce013946a3034069907460e) Importer(815301076,1909f56bfc062723c751e8b465ee728b)
Number of updated assets reloaded before import = 0
Start importing Assets/Assets/Tilesetv3_618.asset using Guid(a1512de32ce013946a3034069907460e) Importer(815301076,1909f56bfc062723c751e8b465ee728b)  -> (artifact id: '2c5d2e00e195decdc5259ed02b6e9b62') in 0.012805 seconds 
Number of asset objects unloaded after import = 1
========================================================================
Received Import Request.
  Time since last request: 0.000020 seconds.
  path: Assets/Assets/Tilesetv3_615.asset
  artifactKey: Guid(a0fdb017b3f419549a71e77640f42039) Importer(815301076,1909f56bfc062723c751e8b465ee728b)
Number of updated assets reloaded before import = 0
Start importing Assets/Assets/Tilesetv3_615.asset using Guid(a0fdb017b3f419549a71e77640f42039) Importer(815301076,1909f56bfc062723c751e8b465ee728b)  -> (artifact id: '726e760dc1d1c26c464ba47bf95fdd5d') in 0.003630 seconds 
Number of asset objects unloaded after import = 1
========================================================================
Received Import Request.
  Time since last request: 0.000030 seconds.
  path: Assets/Assets/Tilesetv3_674.asset
  artifactKey: Guid(99258cdb80f7f0a4c9765792a78298ac) Importer(815301076,1909f56bfc062723c751e8b465ee728b)
Number of updated assets reloaded before import = 0
Start importing Assets/Assets/Tilesetv3_674.asset using Guid(99258cdb80f7f0a4c9765792a78298ac) Importer(815301076,1909f56bfc062723c751e8b465ee728b)  -> (artifact id: '398e484de111e8805a115f3cc26b4a05') in 0.003239 seconds 
Number of asset objects unloaded after import = 1
========================================================================
Received Import Request.
  Time since last request: 0.000015 seconds.
  path: Assets/Assets/Tilesetv3_654.asset
  artifactKey: Guid(778eacc9f8f75694fa31f7f5a5fffc1e) Importer(815301076,1909f56bfc062723c751e8b465ee728b)
Number of updated assets reloaded before import = 0
Start importing Assets/Assets/Tilesetv3_654.asset using Guid(778eacc9f8f75694fa31f7f5a5fffc1e) Importer(815301076,1909f56bfc062723c751e8b465ee728b)  -> (artifact id: '70688c46608bd4af87bba9f420e67733') in 0.003026 seconds 
Number of asset objects unloaded after import = 1
========================================================================
Received Import Request.
  Time since last request: 0.000015 seconds.
  path: Assets/Assets/Tilesetv3_683.asset
  artifactKey: Guid(cbccfb9bf2addfe43936f99bfd314496) Importer(815301076,1909f56bfc062723c751e8b465ee728b)
Number of updated assets reloaded before import = 0
Start importing Assets/Assets/Tilesetv3_683.asset using Guid(cbccfb9bf2addfe43936f99bfd314496) Importer(815301076,1909f56bfc062723c751e8b465ee728b)  -> (artifact id: '4de1ce930f588e5736fc26d867a7475b') in 0.002874 seconds 
Number of asset objects unloaded after import = 1
========================================================================
Received Import Request.
  Time since last request: 0.000018 seconds.
  path: Assets/Assets/Tilesetv3_589.asset
  artifactKey: Guid(fdb647b6c4abbfc4cba70dff002720ac) Importer(815301076,1909f56bfc062723c751e8b465ee728b)
Number of updated assets reloaded before import = 0
Start importing Assets/Assets/Tilesetv3_589.asset using Guid(fdb647b6c4abbfc4cba70dff002720ac) Importer(815301076,1909f56bfc062723c751e8b465ee728b)  -> (artifact id: 'c0ae68f5b18c67989aac39302cbb7868') in 0.003618 seconds 
Number of asset objects unloaded after import = 1
========================================================================
Received Import Request.
  Time since last request: 0.000018 seconds.
  path: Assets/Assets/Tilesetv3_596.asset
  artifactKey: Guid(5305aa5e7d5eac24a91a77a6c948d273) Importer(815301076,1909f56bfc062723c751e8b465ee728b)
Number of updated assets reloaded before import = 0
Start importing Assets/Assets/Tilesetv3_596.asset using Guid(5305aa5e7d5eac24a91a77a6c948d273) Importer(815301076,1909f56bfc062723c751e8b465ee728b)  -> (artifact id: 'e631b14969643716f6f67e4f9c41ec53') in 0.003248 seconds 
Number of asset objects unloaded after import = 1
========================================================================
Received Import Request.
  Time since last request: 0.000013 seconds.
  path: Assets/Assets/Tilesetv3_691.asset
  artifactKey: Guid(27c53fad613d30b4d903280fd73fb17a) Importer(815301076,1909f56bfc062723c751e8b465ee728b)
Number of updated assets reloaded before import = 0
Start importing Assets/Assets/Tilesetv3_691.asset using Guid(27c53fad613d30b4d903280fd73fb17a) Importer(815301076,1909f56bfc062723c751e8b465ee728b)  -> (artifact id: '11d7f1d8923d9cdd4a583186af2d30b4') in 0.002722 seconds 
Number of asset objects unloaded after import = 1
========================================================================
Received Import Request.
  Time since last request: 0.000013 seconds.
  path: Assets/Assets/Tilesetv3_616.asset
  artifactKey: Guid(6ef8c0709acddfd42b98554b6d92c19b) Importer(815301076,1909f56bfc062723c751e8b465ee728b)
Number of updated assets reloaded before import = 0
Start importing Assets/Assets/Tilesetv3_616.asset using Guid(6ef8c0709acddfd42b98554b6d92c19b) Importer(815301076,1909f56bfc062723c751e8b465ee728b)  -> (artifact id: 'c788601aa6024ff6a498d58f84224aaf') in 0.003321 seconds 
Number of asset objects unloaded after import = 1
========================================================================
Received Import Request.
  Time since last request: 0.000016 seconds.
  path: Assets/Assets/Tilesetv3_608.asset
  artifactKey: Guid(faf9c51cf60ceef41ad109505f7702b4) Importer(815301076,1909f56bfc062723c751e8b465ee728b)
Number of updated assets reloaded before import = 0
Start importing Assets/Assets/Tilesetv3_608.asset using Guid(faf9c51cf60ceef41ad109505f7702b4) Importer(815301076,1909f56bfc062723c751e8b465ee728b)  -> (artifact id: '1cff235df660a6038d7f92ea9e4d517f') in 0.011220 seconds 
Number of asset objects unloaded after import = 1
========================================================================
Received Import Request.
  Time since last request: 0.000015 seconds.
  path: Assets/Assets/Tilesetv3_598.asset
  artifactKey: Guid(130e2a315b29c4d4ab7aadeae49df2a9) Importer(815301076,1909f56bfc062723c751e8b465ee728b)
Number of updated assets reloaded before import = 0
Start importing Assets/Assets/Tilesetv3_598.asset using Guid(130e2a315b29c4d4ab7aadeae49df2a9) Importer(815301076,1909f56bfc062723c751e8b465ee728b)  -> (artifact id: 'f159afadf42daa4f310d52f8b3121e75') in 0.003204 seconds 
Number of asset objects unloaded after import = 1
========================================================================
Received Import Request.
  Time since last request: 0.000022 seconds.
  path: Assets/Assets/Tilesetv3_645.asset
  artifactKey: Guid(1fda8c9e547436440ae550552c721877) Importer(815301076,1909f56bfc062723c751e8b465ee728b)
Number of updated assets reloaded before import = 0
Start importing Assets/Assets/Tilesetv3_645.asset using Guid(1fda8c9e547436440ae550552c721877) Importer(815301076,1909f56bfc062723c751e8b465ee728b)  -> (artifact id: '6cc298e6a597bf3e1cb51d3e53f1acc8') in 0.003906 seconds 
Number of asset objects unloaded after import = 1
========================================================================
Received Import Request.
  Time since last request: 0.000014 seconds.
  path: Assets/Assets/Tilesetv3_664.asset
  artifactKey: Guid(a5b282c4328e7ff40b9ee49c076bcc85) Importer(815301076,1909f56bfc062723c751e8b465ee728b)
Number of updated assets reloaded before import = 0
Start importing Assets/Assets/Tilesetv3_664.asset using Guid(a5b282c4328e7ff40b9ee49c076bcc85) Importer(815301076,1909f56bfc062723c751e8b465ee728b)  -> (artifact id: '486562001a0e1340fb0ec8837f964515') in 0.002474 seconds 
Number of asset objects unloaded after import = 1
========================================================================
Received Import Request.
  Time since last request: 0.000012 seconds.
  path: Assets/Assets/Tilesetv3_597.asset
  artifactKey: Guid(1a7ac4c88f8e6044caf1904bb3f0cd55) Importer(815301076,1909f56bfc062723c751e8b465ee728b)
Number of updated assets reloaded before import = 0
Start importing Assets/Assets/Tilesetv3_597.asset using Guid(1a7ac4c88f8e6044caf1904bb3f0cd55) Importer(815301076,1909f56bfc062723c751e8b465ee728b)  -> (artifact id: '4e6046c1e3464d83818a025d62ef4fb3') in 0.009807 seconds 
Number of asset objects unloaded after import = 1
========================================================================
Received Import Request.
  Time since last request: 0.000024 seconds.
  path: Assets/Assets/Tilesetv3_609.asset
  artifactKey: Guid(80061fb2977718e40b835548a79fde97) Importer(815301076,1909f56bfc062723c751e8b465ee728b)
Number of updated assets reloaded before import = 0
Start importing Assets/Assets/Tilesetv3_609.asset using Guid(80061fb2977718e40b835548a79fde97) Importer(815301076,1909f56bfc062723c751e8b465ee728b)  -> (artifact id: '0b47ab2f59f423a34da096bd4831c78b') in 0.003128 seconds 
Number of asset objects unloaded after import = 1
========================================================================
Received Import Request.
  Time since last request: 0.000023 seconds.
  path: Assets/Assets/Tilesetv3_603.asset
  artifactKey: Guid(d512c5061174db34e9a078c4669a3465) Importer(815301076,1909f56bfc062723c751e8b465ee728b)
Number of updated assets reloaded before import = 0
Start importing Assets/Assets/Tilesetv3_603.asset using Guid(d512c5061174db34e9a078c4669a3465) Importer(815301076,1909f56bfc062723c751e8b465ee728b)  -> (artifact id: 'c6984e5e7c94102859d5e12d979f0fc5') in 0.003304 seconds 
Number of asset objects unloaded after import = 1
========================================================================
Received Import Request.
  Time since last request: 0.000020 seconds.
  path: Assets/Assets/Tilesetv3_682.asset
  artifactKey: Guid(e4cf6f73368726b4da6875abfb93cf64) Importer(815301076,1909f56bfc062723c751e8b465ee728b)
Number of updated assets reloaded before import = 0
Start importing Assets/Assets/Tilesetv3_682.asset using Guid(e4cf6f73368726b4da6875abfb93cf64) Importer(815301076,1909f56bfc062723c751e8b465ee728b)  -> (artifact id: '6fff567d92bc2c64de492c15bf3a5cb5') in 0.012851 seconds 
Number of asset objects unloaded after import = 1
========================================================================
Received Import Request.
  Time since last request: 0.000019 seconds.
  path: Assets/Assets/Tilesetv3_669.asset
  artifactKey: Guid(379c2abda55b4b54fad33aed078a5d8a) Importer(815301076,1909f56bfc062723c751e8b465ee728b)
Number of updated assets reloaded before import = 0
Start importing Assets/Assets/Tilesetv3_669.asset using Guid(379c2abda55b4b54fad33aed078a5d8a) Importer(815301076,1909f56bfc062723c751e8b465ee728b)  -> (artifact id: '8a65b971e0e913a070be1b20d02f98af') in 0.011729 seconds 
Number of asset objects unloaded after import = 1
========================================================================
Received Import Request.
  Time since last request: 0.000019 seconds.
  path: Assets/Assets/Tilesetv3_558.asset
  artifactKey: Guid(1874bea311a66184ea74873146952f69) Importer(815301076,1909f56bfc062723c751e8b465ee728b)
Number of updated assets reloaded before import = 0
Start importing Assets/Assets/Tilesetv3_558.asset using Guid(1874bea311a66184ea74873146952f69) Importer(815301076,1909f56bfc062723c751e8b465ee728b)  -> (artifact id: 'bb2f67c68c8a424b1287412de8aaf8f8') in 0.002840 seconds 
Number of asset objects unloaded after import = 1
========================================================================
Received Import Request.
  Time since last request: 0.000020 seconds.
  path: Assets/Assets/Tilesetv3_516.asset
  artifactKey: Guid(6aece121d7b80f843b887e55ed8c046e) Importer(815301076,1909f56bfc062723c751e8b465ee728b)
Number of updated assets reloaded before import = 0
Start importing Assets/Assets/Tilesetv3_516.asset using Guid(6aece121d7b80f843b887e55ed8c046e) Importer(815301076,1909f56bfc062723c751e8b465ee728b)  -> (artifact id: 'ac4412fab5cf756910bc48925449b541') in 0.002680 seconds 
Number of asset objects unloaded after import = 1
========================================================================
Received Import Request.
  Time since last request: 0.000016 seconds.
  path: Assets/Assets/Tilesetv3_366.asset
  artifactKey: Guid(8d95a99f669086f4882f2c52ca2133e7) Importer(815301076,1909f56bfc062723c751e8b465ee728b)
Number of updated assets reloaded before import = 0
Start importing Assets/Assets/Tilesetv3_366.asset using Guid(8d95a99f669086f4882f2c52ca2133e7) Importer(815301076,1909f56bfc062723c751e8b465ee728b)  -> (artifact id: '3011147186b5c44c02d0b5b3c76235d0') in 0.003145 seconds 
Number of asset objects unloaded after import = 1
========================================================================
Received Import Request.
  Time since last request: 0.000019 seconds.
  path: Assets/Assets/Tilesetv3_628.asset
  artifactKey: Guid(36388f6005653c34086305333b181bef) Importer(815301076,1909f56bfc062723c751e8b465ee728b)
Number of updated assets reloaded before import = 0
Start importing Assets/Assets/Tilesetv3_628.asset using Guid(36388f6005653c34086305333b181bef) Importer(815301076,1909f56bfc062723c751e8b465ee728b)  -> (artifact id: 'ffff9a4c637491a6bbb449a5b304ddc5') in 0.003003 seconds 
Number of asset objects unloaded after import = 1
========================================================================
Received Import Request.
  Time since last request: 0.000015 seconds.
  path: Assets/Assets/Tilesetv3_584.asset
  artifactKey: Guid(ea0d9a7cf76708f498f09ccbd7114a51) Importer(815301076,1909f56bfc062723c751e8b465ee728b)
Number of updated assets reloaded before import = 0
Start importing Assets/Assets/Tilesetv3_584.asset using Guid(ea0d9a7cf76708f498f09ccbd7114a51) Importer(815301076,1909f56bfc062723c751e8b465ee728b)  -> (artifact id: 'e7aee2981b7c44a6960604e3046bbd49') in 0.002703 seconds 
Number of asset objects unloaded after import = 1
========================================================================
Received Import Request.
  Time since last request: 0.000012 seconds.
  path: Assets/Assets/Tilesetv3_560.asset
  artifactKey: Guid(62b04ceaf507a8943bf47343e0e9c384) Importer(815301076,1909f56bfc062723c751e8b465ee728b)
Number of updated assets reloaded before import = 0
Start importing Assets/Assets/Tilesetv3_560.asset using Guid(62b04ceaf507a8943bf47343e0e9c384) Importer(815301076,1909f56bfc062723c751e8b465ee728b)  -> (artifact id: 'f47322ee5a0fe49c8c30cb2412a5fead') in 0.002941 seconds 
Number of asset objects unloaded after import = 1
========================================================================
Received Import Request.
  Time since last request: 0.000016 seconds.
  path: Assets/Assets/Tilesetv3_324.asset
  artifactKey: Guid(78948f23bde342045a5fa04bbfd4c90b) Importer(815301076,1909f56bfc062723c751e8b465ee728b)
Number of updated assets reloaded before import = 0
Start importing Assets/Assets/Tilesetv3_324.asset using Guid(78948f23bde342045a5fa04bbfd4c90b) Importer(815301076,1909f56bfc062723c751e8b465ee728b)  -> (artifact id: 'eaafa0a8f8c10f93a798d10ec6c1b131') in 0.003265 seconds 
Number of asset objects unloaded after import = 1
========================================================================
Received Import Request.
  Time since last request: 0.000022 seconds.
  path: Assets/Assets/Tilesetv3_550.asset
  artifactKey: Guid(dc46d967845f1dd42886950867af6359) Importer(815301076,1909f56bfc062723c751e8b465ee728b)
Number of updated assets reloaded before import = 0
Start importing Assets/Assets/Tilesetv3_550.asset using Guid(dc46d967845f1dd42886950867af6359) Importer(815301076,1909f56bfc062723c751e8b465ee728b)  -> (artifact id: '3945692255ad54040948719a9f1cf5c1') in 0.003415 seconds 
Number of asset objects unloaded after import = 1
========================================================================
Received Import Request.
  Time since last request: 0.000035 seconds.
  path: Assets/Assets/Tilesetv3_646.asset
  artifactKey: Guid(31545a35be38e9f4e82a1fc800857e1c) Importer(815301076,1909f56bfc062723c751e8b465ee728b)
Number of updated assets reloaded before import = 0
Start importing Assets/Assets/Tilesetv3_646.asset using Guid(31545a35be38e9f4e82a1fc800857e1c) Importer(815301076,1909f56bfc062723c751e8b465ee728b)  -> (artifact id: 'fe26cdf69d5998f1303eae7f157d87c3') in 0.003027 seconds 
Number of asset objects unloaded after import = 1
========================================================================
Received Import Request.
  Time since last request: 0.000014 seconds.
  path: Assets/Assets/Tilesetv3_668.asset
  artifactKey: Guid(6e31634cba7af0747894aaf1d620e866) Importer(815301076,1909f56bfc062723c751e8b465ee728b)
Number of updated assets reloaded before import = 0
Start importing Assets/Assets/Tilesetv3_668.asset using Guid(6e31634cba7af0747894aaf1d620e866) Importer(815301076,1909f56bfc062723c751e8b465ee728b)  -> (artifact id: '3848f73b5dabdf1f966e2b4d6429fd8e') in 0.003016 seconds 
Number of asset objects unloaded after import = 1
========================================================================
Received Import Request.
  Time since last request: 0.000019 seconds.
  path: Assets/Assets/Tilesetv3_453.asset
  artifactKey: Guid(c467085f2f08ce34f9688251df95a536) Importer(815301076,1909f56bfc062723c751e8b465ee728b)
Number of updated assets reloaded before import = 0
Start importing Assets/Assets/Tilesetv3_453.asset using Guid(c467085f2f08ce34f9688251df95a536) Importer(815301076,1909f56bfc062723c751e8b465ee728b)  -> (artifact id: '0d6d78657ccba8e0b5606e954dadeab3') in 0.003357 seconds 
Number of asset objects unloaded after import = 1
========================================================================
Received Import Request.
  Time since last request: 0.000015 seconds.
  path: Assets/Assets/Tilesetv3_360.asset
  artifactKey: Guid(dc3a98906f52e2940ada702fd573a07c) Importer(815301076,1909f56bfc062723c751e8b465ee728b)
Number of updated assets reloaded before import = 0
Start importing Assets/Assets/Tilesetv3_360.asset using Guid(dc3a98906f52e2940ada702fd573a07c) Importer(815301076,1909f56bfc062723c751e8b465ee728b)  -> (artifact id: '29177518e77e7f53ec4d544bd95fe828') in 0.002860 seconds 
Number of asset objects unloaded after import = 1
========================================================================
Received Import Request.
  Time since last request: 0.000016 seconds.
  path: Assets/Assets/Tilesetv3_372.asset
  artifactKey: Guid(8707848449bf81f45b8dcdedede31b0d) Importer(815301076,1909f56bfc062723c751e8b465ee728b)
Number of updated assets reloaded before import = 0
Start importing Assets/Assets/Tilesetv3_372.asset using Guid(8707848449bf81f45b8dcdedede31b0d) Importer(815301076,1909f56bfc062723c751e8b465ee728b)  -> (artifact id: 'a1de4fd6d0f7db3e1d965a3f37ce26e6') in 0.002902 seconds 
Number of asset objects unloaded after import = 1
========================================================================
Received Import Request.
  Time since last request: 0.000017 seconds.
  path: Assets/Assets/Tilesetv3_449.asset
  artifactKey: Guid(06870d2255f441c4abba978b7b8beb94) Importer(815301076,1909f56bfc062723c751e8b465ee728b)
Number of updated assets reloaded before import = 0
Start importing Assets/Assets/Tilesetv3_449.asset using Guid(06870d2255f441c4abba978b7b8beb94) Importer(815301076,1909f56bfc062723c751e8b465ee728b)  -> (artifact id: 'f36f47d78492fde404e3434a8c8aed69') in 0.003024 seconds 
Number of asset objects unloaded after import = 1
========================================================================
Received Import Request.
  Time since last request: 0.000013 seconds.
  path: Assets/Assets/Tilesetv3_501.asset
  artifactKey: Guid(9a61cba407b9fd14e9f8c462021ce0ee) Importer(815301076,1909f56bfc062723c751e8b465ee728b)
Number of updated assets reloaded before import = 0
Start importing Assets/Assets/Tilesetv3_501.asset using Guid(9a61cba407b9fd14e9f8c462021ce0ee) Importer(815301076,1909f56bfc062723c751e8b465ee728b)  -> (artifact id: 'e35354c2f8761e6863718f055f3d4f4c') in 0.003451 seconds 
Number of asset objects unloaded after import = 1
========================================================================
Received Import Request.
  Time since last request: 0.000015 seconds.
  path: Assets/Assets/Tilesetv3_311.asset
  artifactKey: Guid(4c657e3093208614488d462bacd31423) Importer(815301076,1909f56bfc062723c751e8b465ee728b)
Number of updated assets reloaded before import = 0
Start importing Assets/Assets/Tilesetv3_311.asset using Guid(4c657e3093208614488d462bacd31423) Importer(815301076,1909f56bfc062723c751e8b465ee728b)  -> (artifact id: '479b321b7b7b78e455b3b58319dff1c1') in 0.003091 seconds 
Number of asset objects unloaded after import = 1
========================================================================
Received Import Request.
  Time since last request: 0.000013 seconds.
  path: Assets/Assets/Tilesetv3_341.asset
  artifactKey: Guid(1ab03b8ee765e654eabb94b24af429ba) Importer(815301076,1909f56bfc062723c751e8b465ee728b)
Number of updated assets reloaded before import = 0
Start importing Assets/Assets/Tilesetv3_341.asset using Guid(1ab03b8ee765e654eabb94b24af429ba) Importer(815301076,1909f56bfc062723c751e8b465ee728b)  -> (artifact id: 'f752ead395cecc6c88f74dc8944b94ae') in 0.010102 seconds 
Number of asset objects unloaded after import = 1
========================================================================
Received Import Request.
  Time since last request: 0.000027 seconds.
  path: Assets/Assets/Tilesetv3_474.asset
  artifactKey: Guid(e5b12f5b34d170e4b9686686a158e71a) Importer(815301076,1909f56bfc062723c751e8b465ee728b)
Number of updated assets reloaded before import = 0
Start importing Assets/Assets/Tilesetv3_474.asset using Guid(e5b12f5b34d170e4b9686686a158e71a) Importer(815301076,1909f56bfc062723c751e8b465ee728b)  -> (artifact id: '1e73e700c045ee465b8827f621feb307') in 0.003471 seconds 
Number of asset objects unloaded after import = 1
========================================================================
Received Import Request.
  Time since last request: 0.000016 seconds.
  path: Assets/Assets/Tilesetv3_410.asset
  artifactKey: Guid(c77750b528b14e0479ca54aaa39b2a19) Importer(815301076,1909f56bfc062723c751e8b465ee728b)
Number of updated assets reloaded before import = 0
Start importing Assets/Assets/Tilesetv3_410.asset using Guid(c77750b528b14e0479ca54aaa39b2a19) Importer(815301076,1909f56bfc062723c751e8b465ee728b)  -> (artifact id: 'b5f39eb43dd4b457e94d32d6e7fa4f1a') in 0.003177 seconds 
Number of asset objects unloaded after import = 1
========================================================================
Received Import Request.
  Time since last request: 0.000014 seconds.
  path: Assets/Assets/Tilesetv3_653.asset
  artifactKey: Guid(3323bcefed357aa41a04e3a8b46cb0c3) Importer(815301076,1909f56bfc062723c751e8b465ee728b)
Number of updated assets reloaded before import = 0
Start importing Assets/Assets/Tilesetv3_653.asset using Guid(3323bcefed357aa41a04e3a8b46cb0c3) Importer(815301076,1909f56bfc062723c751e8b465ee728b)  -> (artifact id: 'f8713f9ac7a9d592a5ec0629a24b6627') in 0.002994 seconds 
Number of asset objects unloaded after import = 1
========================================================================
Received Import Request.
  Time since last request: 0.000017 seconds.
  path: Assets/Assets/Tilesetv3_531.asset
  artifactKey: Guid(2a20e28531951b14db0b3cb41f9fbef5) Importer(815301076,1909f56bfc062723c751e8b465ee728b)
Number of updated assets reloaded before import = 0
Start importing Assets/Assets/Tilesetv3_531.asset using Guid(2a20e28531951b14db0b3cb41f9fbef5) Importer(815301076,1909f56bfc062723c751e8b465ee728b)  -> (artifact id: '9a53f3a657fba346d95d4a2d17e7e6ba') in 0.003465 seconds 
Number of asset objects unloaded after import = 1
========================================================================
Received Import Request.
  Time since last request: 0.000017 seconds.
  path: Assets/Assets/Tilesetv3_288.asset
  artifactKey: Guid(8d990e8d471c18f4b91d63ce1a2ab943) Importer(815301076,1909f56bfc062723c751e8b465ee728b)
Number of updated assets reloaded before import = 0
Start importing Assets/Assets/Tilesetv3_288.asset using Guid(8d990e8d471c18f4b91d63ce1a2ab943) Importer(815301076,1909f56bfc062723c751e8b465ee728b)  -> (artifact id: '39a668071ca2ce74fa7a56ee7dcbd9e7') in 0.003003 seconds 
Number of asset objects unloaded after import = 1
========================================================================
Received Import Request.
  Time since last request: 0.000015 seconds.
  path: Assets/Assets/Tilesetv3_620.asset
  artifactKey: Guid(17ddee1b97475e34282291838a9344a3) Importer(815301076,1909f56bfc062723c751e8b465ee728b)
Number of updated assets reloaded before import = 0
Start importing Assets/Assets/Tilesetv3_620.asset using Guid(17ddee1b97475e34282291838a9344a3) Importer(815301076,1909f56bfc062723c751e8b465ee728b)  -> (artifact id: 'c6f32e7a43d91b50bf6c7f25e3ca8f08') in 0.003035 seconds 
Number of asset objects unloaded after import = 1
========================================================================
Received Import Request.
  Time since last request: 0.000013 seconds.
  path: Assets/Assets/Tilesetv3_400.asset
  artifactKey: Guid(ef47132d4c7a0174199147383a15ada4) Importer(815301076,1909f56bfc062723c751e8b465ee728b)
Number of updated assets reloaded before import = 0
Start importing Assets/Assets/Tilesetv3_400.asset using Guid(ef47132d4c7a0174199147383a15ada4) Importer(815301076,1909f56bfc062723c751e8b465ee728b)  -> (artifact id: 'e5e502c501db95801123a57942b20326') in 0.002697 seconds 
Number of asset objects unloaded after import = 1
========================================================================
Received Import Request.
  Time since last request: 0.000019 seconds.
  path: Assets/Assets/Tilesetv3_554.asset
  artifactKey: Guid(67546f74af61ece40956e79c9de4decb) Importer(815301076,1909f56bfc062723c751e8b465ee728b)
Number of updated assets reloaded before import = 0
Start importing Assets/Assets/Tilesetv3_554.asset using Guid(67546f74af61ece40956e79c9de4decb) Importer(815301076,1909f56bfc062723c751e8b465ee728b)  -> (artifact id: '9a62b96aea6a3e8e19d3877193c07ec9') in 0.003918 seconds 
Number of asset objects unloaded after import = 1
========================================================================
Received Import Request.
  Time since last request: 0.000015 seconds.
  path: Assets/Assets/Tilesetv3_338.asset
  artifactKey: Guid(d064faefde1807c43bb8085de6538647) Importer(815301076,1909f56bfc062723c751e8b465ee728b)
Number of updated assets reloaded before import = 0
Start importing Assets/Assets/Tilesetv3_338.asset using Guid(d064faefde1807c43bb8085de6538647) Importer(815301076,1909f56bfc062723c751e8b465ee728b)  -> (artifact id: 'ab5dff9f5cc884b988e96c6eb2314f79') in 0.003271 seconds 
Number of asset objects unloaded after import = 1
========================================================================
Received Import Request.
  Time since last request: 0.000015 seconds.
  path: Assets/Assets/Tilesetv3_409.asset
  artifactKey: Guid(c93e5121de75eef4fbacbccb7293f837) Importer(815301076,1909f56bfc062723c751e8b465ee728b)
Number of updated assets reloaded before import = 0
Start importing Assets/Assets/Tilesetv3_409.asset using Guid(c93e5121de75eef4fbacbccb7293f837) Importer(815301076,1909f56bfc062723c751e8b465ee728b)  -> (artifact id: 'daa96de235808adc46cd2a8acf81496a') in 0.002976 seconds 
Number of asset objects unloaded after import = 1
========================================================================
Received Import Request.
  Time since last request: 0.000016 seconds.
  path: Assets/Assets/Tilesetv3_675.asset
  artifactKey: Guid(5788bf43c5138d44f89727dd20e53b7a) Importer(815301076,1909f56bfc062723c751e8b465ee728b)
Number of updated assets reloaded before import = 0
Start importing Assets/Assets/Tilesetv3_675.asset using Guid(5788bf43c5138d44f89727dd20e53b7a) Importer(815301076,1909f56bfc062723c751e8b465ee728b)  -> (artifact id: 'c1b876d646bee51087407b1d7b999e23') in 0.011130 seconds 
Number of asset objects unloaded after import = 1
========================================================================
Received Import Request.
  Time since last request: 0.000015 seconds.
  path: Assets/Assets/Tilesetv3_539.asset
  artifactKey: Guid(3c4d0688d8bcd4442be0719521a1723b) Importer(815301076,1909f56bfc062723c751e8b465ee728b)
Number of updated assets reloaded before import = 0
Start importing Assets/Assets/Tilesetv3_539.asset using Guid(3c4d0688d8bcd4442be0719521a1723b) Importer(815301076,1909f56bfc062723c751e8b465ee728b)  -> (artifact id: 'ec256cd1dc422a334f04a6b3d2f1c5f3') in 0.002764 seconds 
Number of asset objects unloaded after import = 1
========================================================================
Received Import Request.
  Time since last request: 0.000017 seconds.
  path: Assets/Assets/Tilesetv3_219.asset
  artifactKey: Guid(64873d87d1e405f4980a6a0d1ad08742) Importer(815301076,1909f56bfc062723c751e8b465ee728b)
Number of updated assets reloaded before import = 0
Start importing Assets/Assets/Tilesetv3_219.asset using Guid(64873d87d1e405f4980a6a0d1ad08742) Importer(815301076,1909f56bfc062723c751e8b465ee728b)  -> (artifact id: 'd60b0d97157680f0f7bcb222a0d287c4') in 0.003531 seconds 
Number of asset objects unloaded after import = 1
========================================================================
Received Import Request.
  Time since last request: 92.961245 seconds.
  path: Assets/Free 2D Cartoon Parallax Background
  artifactKey: Guid(1150fa555c6f90840a5f03bf99106917) Importer(815301076,1909f56bfc062723c751e8b465ee728b)
Number of updated assets reloaded before import = 0
Start importing Assets/Free 2D Cartoon Parallax Background using Guid(1150fa555c6f90840a5f03bf99106917) Importer(815301076,1909f56bfc062723c751e8b465ee728b)  -> (artifact id: '8d068c7f0a969f4a7b56c601c015e090') in 0.013560 seconds 
Number of asset objects unloaded after import = 0
========================================================================
Received Import Request.
  Time since last request: 0.352693 seconds.
  path: Assets/Animations
  artifactKey: Guid(68f7c6a00ae4d8944b94aa28ec8d9030) Importer(815301076,1909f56bfc062723c751e8b465ee728b)
Number of updated assets reloaded before import = 0
Start importing Assets/Animations using Guid(68f7c6a00ae4d8944b94aa28ec8d9030) Importer(815301076,1909f56bfc062723c751e8b465ee728b)  -> (artifact id: '25081fb4c6e2d0295f34bcf0e99ec81d') in 0.010947 seconds 
Number of asset objects unloaded after import = 0
========================================================================
Received Import Request.
  Time since last request: 6.721990 seconds.
  path: Assets/Free 2D Cartoon Parallax Background/3_Graveyard
  artifactKey: Guid(5e9308fcb91014e48a246d2ddaeb8c9b) Importer(815301076,1909f56bfc062723c751e8b465ee728b)
Number of updated assets reloaded before import = 0
Start importing Assets/Free 2D Cartoon Parallax Background/3_Graveyard using Guid(5e9308fcb91014e48a246d2ddaeb8c9b) Importer(815301076,1909f56bfc062723c751e8b465ee728b)  -> (artifact id: '3af98a8c8224a125c8521ded4c29754c') in 0.010508 seconds 
Number of asset objects unloaded after import = 0
========================================================================
Received Import Request.
  Time since last request: 0.041430 seconds.
  path: Assets/Free 2D Cartoon Parallax Background/3_Graveyard/Layer_0.png
  artifactKey: Guid(86f917da3ee3c69479ab74f43290683f) Importer(815301076,1909f56bfc062723c751e8b465ee728b)
Number of updated assets reloaded before import = 0
Start importing Assets/Free 2D Cartoon Parallax Background/3_Graveyard/Layer_0.png using Guid(86f917da3ee3c69479ab74f43290683f) Importer(815301076,1909f56bfc062723c751e8b465ee728b)  -> (artifact id: '82da5bf10957e63d57c437e45365d3b5') in 0.116773 seconds 
Number of asset objects unloaded after import = 3
========================================================================
Received Import Request.
  Time since last request: 0.000030 seconds.
  path: Assets/Free 2D Cartoon Parallax Background/3_Graveyard/Layer_2.png
  artifactKey: Guid(e9313620d8b44324ea02f98a3ee892be) Importer(815301076,1909f56bfc062723c751e8b465ee728b)
Number of updated assets reloaded before import = 0
Start importing Assets/Free 2D Cartoon Parallax Background/3_Graveyard/Layer_2.png using Guid(e9313620d8b44324ea02f98a3ee892be) Importer(815301076,1909f56bfc062723c751e8b465ee728b)  -> (artifact id: '39beded08136c704a684daa7777c4d2a') in 0.068970 seconds 
Number of asset objects unloaded after import = 3
========================================================================
Received Import Request.
  Time since last request: 12.054414 seconds.
  path: Assets/Free 2D Cartoon Parallax Background/!_Moutain
  artifactKey: Guid(c2615c47bf4458444bf88f5b986b4ec0) Importer(815301076,1909f56bfc062723c751e8b465ee728b)
Number of updated assets reloaded before import = 0
Start importing Assets/Free 2D Cartoon Parallax Background/!_Moutain using Guid(c2615c47bf4458444bf88f5b986b4ec0) Importer(815301076,1909f56bfc062723c751e8b465ee728b)  -> (artifact id: '5d85a6ec24250bb30fda1dc0bc0e672e') in 0.010515 seconds 
Number of asset objects unloaded after import = 0
========================================================================
Received Import Request.
  Time since last request: 0.062743 seconds.
  path: Assets/Free 2D Cartoon Parallax Background/!_Moutain/Layer_0.png
  artifactKey: Guid(ab01f61b3c6a46c4587ab9734c601f5a) Importer(815301076,1909f56bfc062723c751e8b465ee728b)
Number of updated assets reloaded before import = 0
Start importing Assets/Free 2D Cartoon Parallax Background/!_Moutain/Layer_0.png using Guid(ab01f61b3c6a46c4587ab9734c601f5a) Importer(815301076,1909f56bfc062723c751e8b465ee728b)  -> (artifact id: '435a9828a9ca230f23feea26408ea571') in 0.080553 seconds 
Number of asset objects unloaded after import = 3
========================================================================
Received Import Request.
  Time since last request: 0.000021 seconds.
  path: Assets/Free 2D Cartoon Parallax Background/!_Moutain/Layer_3.png
  artifactKey: Guid(072fb9c03f98b8541804c8632eda3b74) Importer(815301076,1909f56bfc062723c751e8b465ee728b)
Number of updated assets reloaded before import = 0
Start importing Assets/Free 2D Cartoon Parallax Background/!_Moutain/Layer_3.png using Guid(072fb9c03f98b8541804c8632eda3b74) Importer(815301076,1909f56bfc062723c751e8b465ee728b)  -> (artifact id: 'bf427f387e202eb42901bb019491467f') in 0.068939 seconds 
Number of asset objects unloaded after import = 3
========================================================================
Received Import Request.
  Time since last request: 2.565418 seconds.
  path: Assets/Free 2D Cartoon Parallax Background/2_Desert
  artifactKey: Guid(345cd2eb8785b0848aed476d9451a666) Importer(815301076,1909f56bfc062723c751e8b465ee728b)
Number of updated assets reloaded before import = 0
Start importing Assets/Free 2D Cartoon Parallax Background/2_Desert using Guid(345cd2eb8785b0848aed476d9451a666) Importer(815301076,1909f56bfc062723c751e8b465ee728b)  -> (artifact id: '4264f9b048436b865826f5923c867710') in 0.011370 seconds 
Number of asset objects unloaded after import = 0
========================================================================
Received Import Request.
  Time since last request: 0.051546 seconds.
  path: Assets/Free 2D Cartoon Parallax Background/2_Desert/Layer_0.png
  artifactKey: Guid(c923db515dd60ec4e9cd1f350be245a9) Importer(815301076,1909f56bfc062723c751e8b465ee728b)
Number of updated assets reloaded before import = 0
Start importing Assets/Free 2D Cartoon Parallax Background/2_Desert/Layer_0.png using Guid(c923db515dd60ec4e9cd1f350be245a9) Importer(815301076,1909f56bfc062723c751e8b465ee728b)  -> (artifact id: 'a98987bb75f515bfb4c23d7daac584e3') in 0.079949 seconds 
Number of asset objects unloaded after import = 3
========================================================================
Received Import Request.
  Time since last request: 0.000027 seconds.
  path: Assets/Free 2D Cartoon Parallax Background/2_Desert/Layer_3.png
  artifactKey: Guid(b5b8e73cc720ab446a25f00fc5ae7dc6) Importer(815301076,1909f56bfc062723c751e8b465ee728b)
Number of updated assets reloaded before import = 0
Start importing Assets/Free 2D Cartoon Parallax Background/2_Desert/Layer_3.png using Guid(b5b8e73cc720ab446a25f00fc5ae7dc6) Importer(815301076,1909f56bfc062723c751e8b465ee728b)  -> (artifact id: 'c3bc7ce2ca4d28963caca3a38c778f66') in 0.069525 seconds 
Number of asset objects unloaded after import = 3
========================================================================
Received Prepare
Registering precompiled user dll's ...
Registered in 0.004510 seconds.
Begin MonoManager ReloadAssembly
Native extension for WindowsStandalone target not found
Native extension for Android target not found
Native extension for WebGL target not found
Refreshing native plugins compatible for Editor in 0.44 ms, found 4 plugins.
Preloading 0 native plugins for Editor in 0.00 ms.
[Package Manager] Server::EnsureServerProcessIsRunning -- launch failed, reason: Unity was launched with the -noUpm command-line argument
[Package Manager] Cannot connect to Unity Package Manager local server
Mono: successfully reloaded assembly
- Completed reload, in  1.352 seconds
Domain Reload Profiling:
	ReloadAssembly (1353ms)
		BeginReloadAssembly (162ms)
			ExecutionOrderSort (0ms)
			DisableScriptedObjects (6ms)
			BackupInstance (0ms)
			ReleaseScriptingObjects (0ms)
			CreateAndSetChildDomain (47ms)
		EndReloadAssembly (1098ms)
			LoadAssemblies (109ms)
			RebuildTransferFunctionScriptingTraits (0ms)
			SetupTypeCache (261ms)
			ReleaseScriptCaches (2ms)
			RebuildScriptCaches (36ms)
			SetupLoadedEditorAssemblies (680ms)
				LogAssemblyErrors (0ms)
				InitializePlatformSupportModulesInManaged (12ms)
				SetLoadedEditorAssemblies (0ms)
				RefreshPlugins (0ms)
				BeforeProcessingInitializeOnLoad (41ms)
				ProcessInitializeOnLoadAttributes (583ms)
				ProcessInitializeOnLoadMethodAttributes (39ms)
				AfterProcessingInitializeOnLoad (4ms)
				EditorAssembliesLoaded (0ms)
			ExecutionOrderSort2 (0ms)
			AwakeInstancesAfterBackupRestoration (5ms)
Platform modules already initialized, skipping
Refreshing native plugins compatible for Editor in 0.49 ms, found 4 plugins.
Preloading 0 native plugins for Editor in 0.00 ms.
Unloading 3888 Unused Serialized files (Serialized files now loaded: 0)
Unloading 29 unused Assets / (21.9 KB). Loaded Objects now: 4378.
Memory consumption went from 151.1 MB to 151.1 MB.
Total: 2.338400 ms (FindLiveObjects: 0.185300 ms CreateObjectMapping: 0.090900 ms MarkObjects: 2.037300 ms  DeleteObjects: 0.023400 ms)

AssetImportParameters requested are different than current active one (requested -> active):
  custom:video-decoder-ogg-theora: a1e56fd34408186e4bbccfd4996cb3dc -> 
  custom:container-muxer-webm: aa71ff27fc2769a1b78a27578f13a17b -> 
  custom:container-demuxer-webm: 4f35f7cbe854078d1ac9338744f61a02 -> 
  custom:video-encoder-webm-vp8: eb34c28f22e8b96e1ab97ce403110664 -> 
  custom:video-codec-MediaFoundation-h265: 746d11721c4dcdbdad8f713fa42b33f4 -> 
  custom:CustomObjectIndexerAttribute: bc11b3a6c3213fcdd17b65e7da85e133 -> 
  custom:audio-encoder-webm-vorbis: bf7c407c2cedff20999df2af8eb42d56 -> 
  custom:framework-win-MediaFoundation: 216162199b28c13a410421893ffa2e32 -> 
  custom:SearchIndexIgnoredProperties: e643bd26f0fe6173181afceb89e7c659 -> 
  custom:container-demuxer-ogg: 62fdf1f143b41e24485cea50d1cbac27 -> 
  custom:video-decoder-webm-vp8: 9c59270c3fd7afecdb556c50c9e8de78 -> 
  custom:audio-decoder-ogg-vorbis: bf7c407c2cedff20999df2af8eb42d56 -> 
========================================================================
Received Import Request.
  Time since last request: 106.927275 seconds.
  path: Assets/Assets/ROOM
  artifactKey: Guid(58f6b4aa5fc7c6645a22771da21e411e) Importer(815301076,1909f56bfc062723c751e8b465ee728b)
Number of updated assets reloaded before import = 0
Start importing Assets/Assets/ROOM using Guid(58f6b4aa5fc7c6645a22771da21e411e) Importer(815301076,1909f56bfc062723c751e8b465ee728b)  -> (artifact id: 'e556492c0e122d7e1d78a03047556439') in 0.017563 seconds 
Number of asset objects unloaded after import = 0
========================================================================
Received Import Request.
  Time since last request: 0.057121 seconds.
  path: Assets/Assets/ROOM/Animation1.png
  artifactKey: Guid(f24492e01e35c6f4ab122efb332082b8) Importer(815301076,1909f56bfc062723c751e8b465ee728b)
Number of updated assets reloaded before import = 0
Start importing Assets/Assets/ROOM/Animation1.png using Guid(f24492e01e35c6f4ab122efb332082b8) Importer(815301076,1909f56bfc062723c751e8b465ee728b)  -> (artifact id: 'db58c1cf68ae2f028eed2cd822cb8fc8') in 0.049148 seconds 
Number of asset objects unloaded after import = 2
========================================================================
Received Import Request.
  Time since last request: 0.000024 seconds.
  path: Assets/Assets/ROOM/Ground_rocks_62.asset
  artifactKey: Guid(6bb1b2cfec25ef046aa266f8058c72d2) Importer(815301076,1909f56bfc062723c751e8b465ee728b)
Number of updated assets reloaded before import = 0
Start importing Assets/Assets/ROOM/Ground_rocks_62.asset using Guid(6bb1b2cfec25ef046aa266f8058c72d2) Importer(815301076,1909f56bfc062723c751e8b465ee728b)  -> (artifact id: '0d403523b5fb4b94bf199e60bd935f2e') in 0.029415 seconds 
Number of asset objects unloaded after import = 3
========================================================================
Received Import Request.
  Time since last request: 0.000017 seconds.
  path: Assets/Assets/ROOM/Ground_rocks_122.asset
  artifactKey: Guid(166c5fe28306e514494872f22ed27097) Importer(815301076,1909f56bfc062723c751e8b465ee728b)
Number of updated assets reloaded before import = 0
Start importing Assets/Assets/ROOM/Ground_rocks_122.asset using Guid(166c5fe28306e514494872f22ed27097) Importer(815301076,1909f56bfc062723c751e8b465ee728b)  -> (artifact id: 'bd7e40d9aac3edf023c736b0bd992f12') in 0.012336 seconds 
Number of asset objects unloaded after import = 3
========================================================================
Received Import Request.
  Time since last request: 0.000016 seconds.
  path: Assets/Assets/ROOM/Ground_rocks_5.asset
  artifactKey: Guid(55312ecbc6c08e040a1c70936ebdac5b) Importer(815301076,1909f56bfc062723c751e8b465ee728b)
Number of updated assets reloaded before import = 0
Start importing Assets/Assets/ROOM/Ground_rocks_5.asset using Guid(55312ecbc6c08e040a1c70936ebdac5b) Importer(815301076,1909f56bfc062723c751e8b465ee728b)  -> (artifact id: 'aef17fe7109effdb7f8445894eef7606') in 0.012700 seconds 
Number of asset objects unloaded after import = 3
========================================================================
Received Import Request.
  Time since last request: 0.000014 seconds.
  path: Assets/Assets/ROOM/Ground_rocks_66.asset
  artifactKey: Guid(de81e670e4aa51b4da472e8c58286985) Importer(815301076,1909f56bfc062723c751e8b465ee728b)
Number of updated assets reloaded before import = 0
Start importing Assets/Assets/ROOM/Ground_rocks_66.asset using Guid(de81e670e4aa51b4da472e8c58286985) Importer(815301076,1909f56bfc062723c751e8b465ee728b)  -> (artifact id: '735e5e285d96cc897d1248d4324e4968') in 0.013576 seconds 
Number of asset objects unloaded after import = 3
========================================================================
Received Import Request.
  Time since last request: 0.000018 seconds.
  path: Assets/Assets/ROOM/Ground_rocks_48.asset
  artifactKey: Guid(4f06328cc3eb3894b96e7a012bea82c1) Importer(815301076,1909f56bfc062723c751e8b465ee728b)
Number of updated assets reloaded before import = 0
Start importing Assets/Assets/ROOM/Ground_rocks_48.asset using Guid(4f06328cc3eb3894b96e7a012bea82c1) Importer(815301076,1909f56bfc062723c751e8b465ee728b)  -> (artifact id: '842faf1968e255a63536bb5cc06cca0c') in 0.011900 seconds 
Number of asset objects unloaded after import = 3
========================================================================
Received Import Request.
  Time since last request: 0.000017 seconds.
  path: Assets/Assets/ROOM/Ground_rocks_56.asset
  artifactKey: Guid(1043c7f8068ebf34ab050993ff2acdd3) Importer(815301076,1909f56bfc062723c751e8b465ee728b)
Number of updated assets reloaded before import = 0
Start importing Assets/Assets/ROOM/Ground_rocks_56.asset using Guid(1043c7f8068ebf34ab050993ff2acdd3) Importer(815301076,1909f56bfc062723c751e8b465ee728b)  -> (artifact id: '7f7ea61487d754a081fe5e6a741da526') in 0.012011 seconds 
Number of asset objects unloaded after import = 3
========================================================================
Received Import Request.
  Time since last request: 0.000029 seconds.
  path: Assets/Assets/ROOM/Ground_rocks_12.asset
  artifactKey: Guid(f7849ca01a8bd30419edc7b76b949309) Importer(815301076,1909f56bfc062723c751e8b465ee728b)
Number of updated assets reloaded before import = 0
Start importing Assets/Assets/ROOM/Ground_rocks_12.asset using Guid(f7849ca01a8bd30419edc7b76b949309) Importer(815301076,1909f56bfc062723c751e8b465ee728b)  -> (artifact id: 'e3e08752d5929f75c9c69bafd26c81c1') in 0.012273 seconds 
Number of asset objects unloaded after import = 3
========================================================================
Received Import Request.
  Time since last request: 0.000027 seconds.
  path: Assets/Assets/ROOM/Ground_rocks_89.asset
  artifactKey: Guid(c48c1482153d7ac45affc11b19172f3e) Importer(815301076,1909f56bfc062723c751e8b465ee728b)
Number of updated assets reloaded before import = 0
Start importing Assets/Assets/ROOM/Ground_rocks_89.asset using Guid(c48c1482153d7ac45affc11b19172f3e) Importer(815301076,1909f56bfc062723c751e8b465ee728b)  -> (artifact id: 'f56887d25ebc838390a8bd7922352063') in 0.012096 seconds 
Number of asset objects unloaded after import = 3
========================================================================
Received Import Request.
  Time since last request: 0.000015 seconds.
  path: Assets/Assets/ROOM/Ground_rocks_101.asset
  artifactKey: Guid(a91a55334361dd844bd59a6263ab0cd8) Importer(815301076,1909f56bfc062723c751e8b465ee728b)
Number of updated assets reloaded before import = 0
Start importing Assets/Assets/ROOM/Ground_rocks_101.asset using Guid(a91a55334361dd844bd59a6263ab0cd8) Importer(815301076,1909f56bfc062723c751e8b465ee728b)  -> (artifact id: '6dcca6871757978e49098e369dd9a926') in 0.013400 seconds 
Number of asset objects unloaded after import = 3
========================================================================
Received Import Request.
  Time since last request: 0.000016 seconds.
  path: Assets/Assets/ROOM/Ground_rocks_65.asset
  artifactKey: Guid(f345f4c2ddb6cef4f84e8da6b1a896b5) Importer(815301076,1909f56bfc062723c751e8b465ee728b)
Number of updated assets reloaded before import = 0
Start importing Assets/Assets/ROOM/Ground_rocks_65.asset using Guid(f345f4c2ddb6cef4f84e8da6b1a896b5) Importer(815301076,1909f56bfc062723c751e8b465ee728b)  -> (artifact id: '44d5ace012355d8165d04f559edc8561') in 0.011926 seconds 
Number of asset objects unloaded after import = 3
========================================================================
Received Import Request.
  Time since last request: 0.000016 seconds.
  path: Assets/Assets/ROOM/Ground_rocks_45.asset
  artifactKey: Guid(20b0884106df4ec45ac8da1a78bf630d) Importer(815301076,1909f56bfc062723c751e8b465ee728b)
Number of updated assets reloaded before import = 0
Start importing Assets/Assets/ROOM/Ground_rocks_45.asset using Guid(20b0884106df4ec45ac8da1a78bf630d) Importer(815301076,1909f56bfc062723c751e8b465ee728b)  -> (artifact id: 'bd4fc19886cc8ec79f04d499f3025273') in 0.011986 seconds 
Number of asset objects unloaded after import = 3
========================================================================
Received Import Request.
  Time since last request: 0.000017 seconds.
  path: Assets/Assets/ROOM/Ground_rocks_102.asset
  artifactKey: Guid(a9b217bc979967649ac64ab8c6e9c9b4) Importer(815301076,1909f56bfc062723c751e8b465ee728b)
Number of updated assets reloaded before import = 0
Start importing Assets/Assets/ROOM/Ground_rocks_102.asset using Guid(a9b217bc979967649ac64ab8c6e9c9b4) Importer(815301076,1909f56bfc062723c751e8b465ee728b)  -> (artifact id: 'b54b84ab937a92ef9dd19ad95aade86f') in 0.012180 seconds 
Number of asset objects unloaded after import = 3
========================================================================
Received Import Request.
  Time since last request: 0.000016 seconds.
  path: Assets/Assets/ROOM/Ground_rocks_112.asset
  artifactKey: Guid(021ee288e867ad848b94699345f67485) Importer(815301076,1909f56bfc062723c751e8b465ee728b)
Number of updated assets reloaded before import = 0
Start importing Assets/Assets/ROOM/Ground_rocks_112.asset using Guid(021ee288e867ad848b94699345f67485) Importer(815301076,1909f56bfc062723c751e8b465ee728b)  -> (artifact id: 'f0b5cfb4d51c05deb4381a2f4110b1f3') in 0.013422 seconds 
Number of asset objects unloaded after import = 3
========================================================================
Received Import Request.
  Time since last request: 0.000018 seconds.
  path: Assets/Assets/ROOM/Ground_rocks_77.asset
  artifactKey: Guid(f83c850696e2e3a41ae6cdac6786d663) Importer(815301076,1909f56bfc062723c751e8b465ee728b)
Number of updated assets reloaded before import = 0
Start importing Assets/Assets/ROOM/Ground_rocks_77.asset using Guid(f83c850696e2e3a41ae6cdac6786d663) Importer(815301076,1909f56bfc062723c751e8b465ee728b)  -> (artifact id: '6e9b5d3a3c252bd6c6d85394b182dcb5') in 0.012026 seconds 
Number of asset objects unloaded after import = 3
========================================================================
Received Import Request.
  Time since last request: 0.000014 seconds.
  path: Assets/Assets/ROOM/Ground_rocks_15.asset
  artifactKey: Guid(84d9293e437008543a3ecd5ab1bc8944) Importer(815301076,1909f56bfc062723c751e8b465ee728b)
Number of updated assets reloaded before import = 0
Start importing Assets/Assets/ROOM/Ground_rocks_15.asset using Guid(84d9293e437008543a3ecd5ab1bc8944) Importer(815301076,1909f56bfc062723c751e8b465ee728b)  -> (artifact id: '2548342a87b6b52b07826275e1119a89') in 0.013102 seconds 
Number of asset objects unloaded after import = 3
========================================================================
Received Import Request.
  Time since last request: 0.000017 seconds.
  path: Assets/Assets/ROOM/Ground_rocks_0.asset
  artifactKey: Guid(8474f6a58d10cac4d9057b8da3f7994a) Importer(815301076,1909f56bfc062723c751e8b465ee728b)
Number of updated assets reloaded before import = 0
Start importing Assets/Assets/ROOM/Ground_rocks_0.asset using Guid(8474f6a58d10cac4d9057b8da3f7994a) Importer(815301076,1909f56bfc062723c751e8b465ee728b)  -> (artifact id: 'f4eae8c7c6fdd581cdfd8ebb415e59d0') in 0.012556 seconds 
Number of asset objects unloaded after import = 3
========================================================================
Received Import Request.
  Time since last request: 0.000019 seconds.
  path: Assets/Assets/ROOM/Ground_rocks_33.asset
  artifactKey: Guid(daf8fdbf6b00fe848832e451d8be978e) Importer(815301076,1909f56bfc062723c751e8b465ee728b)
Number of updated assets reloaded before import = 0
Start importing Assets/Assets/ROOM/Ground_rocks_33.asset using Guid(daf8fdbf6b00fe848832e451d8be978e) Importer(815301076,1909f56bfc062723c751e8b465ee728b)  -> (artifact id: '6ae1e96e35e9f37a24156c5d49d82a82') in 0.013718 seconds 
Number of asset objects unloaded after import = 3
========================================================================
Received Import Request.
  Time since last request: 0.000016 seconds.
  path: Assets/Assets/ROOM/Ground_rocks_110.asset
  artifactKey: Guid(29125e5ff5895f446baa64141a0b665c) Importer(815301076,1909f56bfc062723c751e8b465ee728b)
Number of updated assets reloaded before import = 0
Start importing Assets/Assets/ROOM/Ground_rocks_110.asset using Guid(29125e5ff5895f446baa64141a0b665c) Importer(815301076,1909f56bfc062723c751e8b465ee728b)  -> (artifact id: '17d2950bfec099a47e670ba6829c4387') in 0.015695 seconds 
Number of asset objects unloaded after import = 3
========================================================================
Received Import Request.
  Time since last request: 0.000022 seconds.
  path: Assets/Assets/ROOM/Ground_rocks_36.asset
  artifactKey: Guid(3a54e7428c445e243b8ef50f0c7a37de) Importer(815301076,1909f56bfc062723c751e8b465ee728b)
Number of updated assets reloaded before import = 0
Start importing Assets/Assets/ROOM/Ground_rocks_36.asset using Guid(3a54e7428c445e243b8ef50f0c7a37de) Importer(815301076,1909f56bfc062723c751e8b465ee728b)  -> (artifact id: 'a9d0bc567f956fea27e9f641e5e955da') in 0.012765 seconds 
Number of asset objects unloaded after import = 3
========================================================================
Received Import Request.
  Time since last request: 0.000019 seconds.
  path: Assets/Assets/ROOM/Ground_rocks_64.asset
  artifactKey: Guid(f71142e19680c044785c13976dcc6926) Importer(815301076,1909f56bfc062723c751e8b465ee728b)
Number of updated assets reloaded before import = 0
Start importing Assets/Assets/ROOM/Ground_rocks_64.asset using Guid(f71142e19680c044785c13976dcc6926) Importer(815301076,1909f56bfc062723c751e8b465ee728b)  -> (artifact id: '027c077d554bb3d71a808e0b308ab119') in 0.012465 seconds 
Number of asset objects unloaded after import = 3
========================================================================
Received Import Request.
  Time since last request: 0.000021 seconds.
  path: Assets/Assets/ROOM/Ground_rocks_51.asset
  artifactKey: Guid(560f41656eb4034409af233eaa3e8c6d) Importer(815301076,1909f56bfc062723c751e8b465ee728b)
Number of updated assets reloaded before import = 0
Start importing Assets/Assets/ROOM/Ground_rocks_51.asset using Guid(560f41656eb4034409af233eaa3e8c6d) Importer(815301076,1909f56bfc062723c751e8b465ee728b)  -> (artifact id: '568c2a3806d2460f4130a2cddb3bf574') in 0.012769 seconds 
Number of asset objects unloaded after import = 3
========================================================================
Received Import Request.
  Time since last request: 0.000022 seconds.
  path: Assets/Assets/ROOM/Ground_rocks_52.asset
  artifactKey: Guid(784f8d185c22e7945a155c61856060c0) Importer(815301076,1909f56bfc062723c751e8b465ee728b)
Number of updated assets reloaded before import = 0
Start importing Assets/Assets/ROOM/Ground_rocks_52.asset using Guid(784f8d185c22e7945a155c61856060c0) Importer(815301076,1909f56bfc062723c751e8b465ee728b)  -> (artifact id: 'cc4d8a353f294c0c8fcf73fee92a56a4') in 0.013204 seconds 
Number of asset objects unloaded after import = 3
========================================================================
Received Import Request.
  Time since last request: 0.000017 seconds.
  path: Assets/Assets/ROOM/Ground_rocks_39.asset
  artifactKey: Guid(5d2810090350f5f4b95d2305b3ef2e5c) Importer(815301076,1909f56bfc062723c751e8b465ee728b)
Number of updated assets reloaded before import = 0
Start importing Assets/Assets/ROOM/Ground_rocks_39.asset using Guid(5d2810090350f5f4b95d2305b3ef2e5c) Importer(815301076,1909f56bfc062723c751e8b465ee728b)  -> (artifact id: '14c33642f64e571209de5b51eee9f70e') in 0.013824 seconds 
Number of asset objects unloaded after import = 3
========================================================================
Received Import Request.
  Time since last request: 0.000028 seconds.
  path: Assets/Assets/ROOM/Ground_rocks_26.asset
  artifactKey: Guid(0accea0e5e28f2e41aaf14fb47686c62) Importer(815301076,1909f56bfc062723c751e8b465ee728b)
Number of updated assets reloaded before import = 0
Start importing Assets/Assets/ROOM/Ground_rocks_26.asset using Guid(0accea0e5e28f2e41aaf14fb47686c62) Importer(815301076,1909f56bfc062723c751e8b465ee728b)  -> (artifact id: 'ab36b2633dc538ebae2cf61daaa100d0') in 0.012862 seconds 
Number of asset objects unloaded after import = 3
========================================================================
Received Import Request.
  Time since last request: 0.000015 seconds.
  path: Assets/Assets/ROOM/Ground_rocks_61.asset
  artifactKey: Guid(6ded2d71bcc4bdf49af1fd97e59d80e5) Importer(815301076,1909f56bfc062723c751e8b465ee728b)
Number of updated assets reloaded before import = 0
Start importing Assets/Assets/ROOM/Ground_rocks_61.asset using Guid(6ded2d71bcc4bdf49af1fd97e59d80e5) Importer(815301076,1909f56bfc062723c751e8b465ee728b)  -> (artifact id: '904a11727518b9ce4bc2cc8f3ced5ae0') in 0.013103 seconds 
Number of asset objects unloaded after import = 3
========================================================================
Received Import Request.
  Time since last request: 0.000014 seconds.
  path: Assets/Assets/ROOM/Ground_rocks_114.asset
  artifactKey: Guid(0ef72f745e9bf904b840de04e7e5c242) Importer(815301076,1909f56bfc062723c751e8b465ee728b)
Number of updated assets reloaded before import = 0
Start importing Assets/Assets/ROOM/Ground_rocks_114.asset using Guid(0ef72f745e9bf904b840de04e7e5c242) Importer(815301076,1909f56bfc062723c751e8b465ee728b)  -> (artifact id: 'e2d836d9d0136b6c40ca5073f9c86273') in 0.012545 seconds 
Number of asset objects unloaded after import = 3
========================================================================
Received Import Request.
  Time since last request: 0.000017 seconds.
  path: Assets/Assets/ROOM/Ground_rocks_11.asset
  artifactKey: Guid(23eccf1676e38954997051cb142d9ce0) Importer(815301076,1909f56bfc062723c751e8b465ee728b)
Number of updated assets reloaded before import = 0
Start importing Assets/Assets/ROOM/Ground_rocks_11.asset using Guid(23eccf1676e38954997051cb142d9ce0) Importer(815301076,1909f56bfc062723c751e8b465ee728b)  -> (artifact id: '26e75e65ca2a84bd81fb96cbac568e3b') in 0.011334 seconds 
Number of asset objects unloaded after import = 3
========================================================================
Received Import Request.
  Time since last request: 0.000021 seconds.
  path: Assets/Assets/ROOM/Ground_rocks_37.asset
  artifactKey: Guid(6d1d75d55ebbd9b4a98eca0e0c4ff1f3) Importer(815301076,1909f56bfc062723c751e8b465ee728b)
Number of updated assets reloaded before import = 0
Start importing Assets/Assets/ROOM/Ground_rocks_37.asset using Guid(6d1d75d55ebbd9b4a98eca0e0c4ff1f3) Importer(815301076,1909f56bfc062723c751e8b465ee728b)  -> (artifact id: 'a2e6b00e6907278eb90ca771b9341e0f') in 0.013817 seconds 
Number of asset objects unloaded after import = 3
========================================================================
Received Import Request.
  Time since last request: 0.000018 seconds.
  path: Assets/Assets/ROOM/Ground_rocks_58.asset
  artifactKey: Guid(77e21bd98ff1b3c4d84554275de36765) Importer(815301076,1909f56bfc062723c751e8b465ee728b)
Number of updated assets reloaded before import = 0
Start importing Assets/Assets/ROOM/Ground_rocks_58.asset using Guid(77e21bd98ff1b3c4d84554275de36765) Importer(815301076,1909f56bfc062723c751e8b465ee728b)  -> (artifact id: '6dfdcb067c495a76e50d9700f3739ce9') in 0.012548 seconds 
Number of asset objects unloaded after import = 3
========================================================================
Received Import Request.
  Time since last request: 0.000019 seconds.
  path: Assets/Assets/ROOM/Ground_rocks_43.asset
  artifactKey: Guid(c675fea01eaf0eb48813e87dee56f985) Importer(815301076,1909f56bfc062723c751e8b465ee728b)
Number of updated assets reloaded before import = 0
Start importing Assets/Assets/ROOM/Ground_rocks_43.asset using Guid(c675fea01eaf0eb48813e87dee56f985) Importer(815301076,1909f56bfc062723c751e8b465ee728b)  -> (artifact id: '680a21165a9fb6d3d83af8141fd812ab') in 0.013145 seconds 
Number of asset objects unloaded after import = 3
========================================================================
Received Import Request.
  Time since last request: 0.000016 seconds.
  path: Assets/Assets/ROOM/Ground_rocks_67.asset
  artifactKey: Guid(71bb5103ed2bc584499cd7dc69e0565f) Importer(815301076,1909f56bfc062723c751e8b465ee728b)
Number of updated assets reloaded before import = 0
Start importing Assets/Assets/ROOM/Ground_rocks_67.asset using Guid(71bb5103ed2bc584499cd7dc69e0565f) Importer(815301076,1909f56bfc062723c751e8b465ee728b)  -> (artifact id: 'fedfb6da86efdfe09dc22c5fc9c02fcf') in 0.011998 seconds 
Number of asset objects unloaded after import = 3
========================================================================
Received Import Request.
  Time since last request: 0.000016 seconds.
  path: Assets/Assets/ROOM/Ground_rocks_96.asset
  artifactKey: Guid(3473d11a6cb53164d950e359ab147579) Importer(815301076,1909f56bfc062723c751e8b465ee728b)
Number of updated assets reloaded before import = 0
Start importing Assets/Assets/ROOM/Ground_rocks_96.asset using Guid(3473d11a6cb53164d950e359ab147579) Importer(815301076,1909f56bfc062723c751e8b465ee728b)  -> (artifact id: 'a69853ddb8a0d010b2e7827f61bbbab5') in 0.011910 seconds 
Number of asset objects unloaded after import = 3
========================================================================
Received Import Request.
  Time since last request: 0.000024 seconds.
  path: Assets/Assets/ROOM/Animation5.png
  artifactKey: Guid(210537dcad86f3842bf06c94069da240) Importer(815301076,1909f56bfc062723c751e8b465ee728b)
Number of updated assets reloaded before import = 0
Start importing Assets/Assets/ROOM/Animation5.png using Guid(210537dcad86f3842bf06c94069da240) Importer(815301076,1909f56bfc062723c751e8b465ee728b)  -> (artifact id: '963cb3aac7e5d91f606d4c1668eb7f4c') in 0.011907 seconds 
Number of asset objects unloaded after import = 2
========================================================================
Received Import Request.
  Time since last request: 0.000017 seconds.
  path: Assets/Assets/ROOM/Ground_rocks_20.asset
  artifactKey: Guid(83f193ccbd3be4348a1ca32f2ee7bd52) Importer(815301076,1909f56bfc062723c751e8b465ee728b)
Number of updated assets reloaded before import = 0
Start importing Assets/Assets/ROOM/Ground_rocks_20.asset using Guid(83f193ccbd3be4348a1ca32f2ee7bd52) Importer(815301076,1909f56bfc062723c751e8b465ee728b)  -> (artifact id: '7b810d68b29134682ff0845f2dd39450') in 0.011966 seconds 
Number of asset objects unloaded after import = 3
========================================================================
Received Import Request.
  Time since last request: 0.000018 seconds.
  path: Assets/Assets/ROOM/Ground_rocks_91.asset
  artifactKey: Guid(c97ba797c4ebd3c4d90c8fea11c3b276) Importer(815301076,1909f56bfc062723c751e8b465ee728b)
Number of updated assets reloaded before import = 0
Start importing Assets/Assets/ROOM/Ground_rocks_91.asset using Guid(c97ba797c4ebd3c4d90c8fea11c3b276) Importer(815301076,1909f56bfc062723c751e8b465ee728b)  -> (artifact id: '3b74720fb479a621f6b675d6aadc24f7') in 0.013693 seconds 
Number of asset objects unloaded after import = 3
========================================================================
Received Import Request.
  Time since last request: 0.000016 seconds.
  path: Assets/Assets/ROOM/Ground_rocks_104.asset
  artifactKey: Guid(9db41918d3e492246a8bd9893b5c511f) Importer(815301076,1909f56bfc062723c751e8b465ee728b)
Number of updated assets reloaded before import = 0
Start importing Assets/Assets/ROOM/Ground_rocks_104.asset using Guid(9db41918d3e492246a8bd9893b5c511f) Importer(815301076,1909f56bfc062723c751e8b465ee728b)  -> (artifact id: '85239d2cd249c24ded98e6280af332c7') in 0.013284 seconds 
Number of asset objects unloaded after import = 3
========================================================================
Received Import Request.
  Time since last request: 0.000017 seconds.
  path: Assets/Assets/ROOM/Ground_rocks_107.asset
  artifactKey: Guid(6681d54e0eb348649ac2ce821405dd1a) Importer(815301076,1909f56bfc062723c751e8b465ee728b)
Number of updated assets reloaded before import = 0
Start importing Assets/Assets/ROOM/Ground_rocks_107.asset using Guid(6681d54e0eb348649ac2ce821405dd1a) Importer(815301076,1909f56bfc062723c751e8b465ee728b)  -> (artifact id: '46a46c8b0c08785e3c9dfa6adeb0cb15') in 0.011484 seconds 
Number of asset objects unloaded after import = 3
========================================================================
Received Import Request.
  Time since last request: 0.000015 seconds.
  path: Assets/Assets/ROOM/Ground_rocks_6.asset
  artifactKey: Guid(7a592ca2c33f50748b241c5e620938d2) Importer(815301076,1909f56bfc062723c751e8b465ee728b)
Number of updated assets reloaded before import = 0
Start importing Assets/Assets/ROOM/Ground_rocks_6.asset using Guid(7a592ca2c33f50748b241c5e620938d2) Importer(815301076,1909f56bfc062723c751e8b465ee728b)  -> (artifact id: 'a3ac1d3501c22ab61d5928860a686cc9') in 0.012455 seconds 
Number of asset objects unloaded after import = 3
========================================================================
Received Import Request.
  Time since last request: 0.000019 seconds.
  path: Assets/Assets/ROOM/Ground_rocks_113.asset
  artifactKey: Guid(466d1de6f0d521343a820476bc6772b8) Importer(815301076,1909f56bfc062723c751e8b465ee728b)
Number of updated assets reloaded before import = 0
Start importing Assets/Assets/ROOM/Ground_rocks_113.asset using Guid(466d1de6f0d521343a820476bc6772b8) Importer(815301076,1909f56bfc062723c751e8b465ee728b)  -> (artifact id: 'd4d069e5f10bfaa4a547f655d5e3610f') in 0.012375 seconds 
Number of asset objects unloaded after import = 3
========================================================================
Received Import Request.
  Time since last request: 0.000019 seconds.
  path: Assets/Assets/ROOM/Ground_rocks_47.asset
  artifactKey: Guid(73efbb8c2bd62d749811550f0e66902a) Importer(815301076,1909f56bfc062723c751e8b465ee728b)
Number of updated assets reloaded before import = 0
Start importing Assets/Assets/ROOM/Ground_rocks_47.asset using Guid(73efbb8c2bd62d749811550f0e66902a) Importer(815301076,1909f56bfc062723c751e8b465ee728b)  -> (artifact id: '5341ebee612e858b68cfde508fd8b347') in 0.013461 seconds 
Number of asset objects unloaded after import = 3
========================================================================
Received Import Request.
  Time since last request: 0.000028 seconds.
  path: Assets/Assets/ROOM/Ground_rocks_3.asset
  artifactKey: Guid(475fc95ab323a78438ad3e32c781c56d) Importer(815301076,1909f56bfc062723c751e8b465ee728b)
Number of updated assets reloaded before import = 0
Start importing Assets/Assets/ROOM/Ground_rocks_3.asset using Guid(475fc95ab323a78438ad3e32c781c56d) Importer(815301076,1909f56bfc062723c751e8b465ee728b)  -> (artifact id: 'd76859c196c4ae835aa2431891b308de') in 0.012757 seconds 
Number of asset objects unloaded after import = 3
========================================================================
Received Import Request.
  Time since last request: 0.000021 seconds.
  path: Assets/Assets/ROOM/Ground_rocks_9.asset
  artifactKey: Guid(906f59e9e2916a44eb65069f436d8680) Importer(815301076,1909f56bfc062723c751e8b465ee728b)
Number of updated assets reloaded before import = 0
Start importing Assets/Assets/ROOM/Ground_rocks_9.asset using Guid(906f59e9e2916a44eb65069f436d8680) Importer(815301076,1909f56bfc062723c751e8b465ee728b)  -> (artifact id: '2271d45750a46cf4114dedffce1f77e9') in 0.012680 seconds 
Number of asset objects unloaded after import = 3
========================================================================
Received Import Request.
  Time since last request: 0.000021 seconds.
  path: Assets/Assets/ROOM/Ground_rocks_118.asset
  artifactKey: Guid(aefb25936c73615459af933aea4c3a86) Importer(815301076,1909f56bfc062723c751e8b465ee728b)
Number of updated assets reloaded before import = 0
Start importing Assets/Assets/ROOM/Ground_rocks_118.asset using Guid(aefb25936c73615459af933aea4c3a86) Importer(815301076,1909f56bfc062723c751e8b465ee728b)  -> (artifact id: 'd6d8636de0f5986c4cc0ab547bb4576e') in 0.012700 seconds 
Number of asset objects unloaded after import = 3
========================================================================
Received Import Request.
  Time since last request: 0.000017 seconds.
  path: Assets/Assets/ROOM/Ground_rocks_21.asset
  artifactKey: Guid(47817ba4eeba327428368109680a2618) Importer(815301076,1909f56bfc062723c751e8b465ee728b)
Number of updated assets reloaded before import = 0
Start importing Assets/Assets/ROOM/Ground_rocks_21.asset using Guid(47817ba4eeba327428368109680a2618) Importer(815301076,1909f56bfc062723c751e8b465ee728b)  -> (artifact id: '8e4e85a8c9ad5f29e2ee724ec88ee4f5') in 0.012079 seconds 
Number of asset objects unloaded after import = 3
========================================================================
Received Import Request.
  Time since last request: 0.000016 seconds.
  path: Assets/Assets/ROOM/Ground_rocks_41.asset
  artifactKey: Guid(ce9c7f8211d118149becd06f81dbfae2) Importer(815301076,1909f56bfc062723c751e8b465ee728b)
Number of updated assets reloaded before import = 0
Start importing Assets/Assets/ROOM/Ground_rocks_41.asset using Guid(ce9c7f8211d118149becd06f81dbfae2) Importer(815301076,1909f56bfc062723c751e8b465ee728b)  -> (artifact id: '2a7df228f772597f17774204f19fc6f2') in 0.011920 seconds 
Number of asset objects unloaded after import = 3
========================================================================
Received Import Request.
  Time since last request: 0.000018 seconds.
  path: Assets/Assets/ROOM/Ground_rocks_68.asset
  artifactKey: Guid(985ae4b69f074e34e965f3548283248e) Importer(815301076,1909f56bfc062723c751e8b465ee728b)
Number of updated assets reloaded before import = 0
Start importing Assets/Assets/ROOM/Ground_rocks_68.asset using Guid(985ae4b69f074e34e965f3548283248e) Importer(815301076,1909f56bfc062723c751e8b465ee728b)  -> (artifact id: '9561d920e5c980b73243b5167a7e7551') in 0.011409 seconds 
Number of asset objects unloaded after import = 3
========================================================================
Received Import Request.
  Time since last request: 0.000023 seconds.
  path: Assets/Assets/ROOM/Ground_rocks_63.asset
  artifactKey: Guid(44a02d486f0a5d54883578561459d7d3) Importer(815301076,1909f56bfc062723c751e8b465ee728b)
Number of updated assets reloaded before import = 0
Start importing Assets/Assets/ROOM/Ground_rocks_63.asset using Guid(44a02d486f0a5d54883578561459d7d3) Importer(815301076,1909f56bfc062723c751e8b465ee728b)  -> (artifact id: '4ea4f8d081174afeb9387cde2490678a') in 0.012752 seconds 
Number of asset objects unloaded after import = 3
========================================================================
Received Import Request.
  Time since last request: 0.000016 seconds.
  path: Assets/Assets/ROOM/Ground_rocks_10.asset
  artifactKey: Guid(4efada39cb7de7c45913fdfa4de5d7a9) Importer(815301076,1909f56bfc062723c751e8b465ee728b)
Number of updated assets reloaded before import = 0
Start importing Assets/Assets/ROOM/Ground_rocks_10.asset using Guid(4efada39cb7de7c45913fdfa4de5d7a9) Importer(815301076,1909f56bfc062723c751e8b465ee728b)  -> (artifact id: '07c7ffa0890165d4862028876bcff089') in 0.012861 seconds 
Number of asset objects unloaded after import = 3
========================================================================
Received Import Request.
  Time since last request: 0.000015 seconds.
  path: Assets/Assets/ROOM/Ground_rocks_18.asset
  artifactKey: Guid(2819c86800b61554eb0e09bd51477c35) Importer(815301076,1909f56bfc062723c751e8b465ee728b)
Number of updated assets reloaded before import = 0
Start importing Assets/Assets/ROOM/Ground_rocks_18.asset using Guid(2819c86800b61554eb0e09bd51477c35) Importer(815301076,1909f56bfc062723c751e8b465ee728b)  -> (artifact id: 'e6b2630a4e3210f18a8bc6d823838794') in 0.012067 seconds 
Number of asset objects unloaded after import = 3
========================================================================
Received Import Request.
  Time since last request: 0.000017 seconds.
  path: Assets/Assets/ROOM/Ground_rocks_109.asset
  artifactKey: Guid(f98d3935de5f7ea41ad8ae6642578893) Importer(815301076,1909f56bfc062723c751e8b465ee728b)
Number of updated assets reloaded before import = 0
Start importing Assets/Assets/ROOM/Ground_rocks_109.asset using Guid(f98d3935de5f7ea41ad8ae6642578893) Importer(815301076,1909f56bfc062723c751e8b465ee728b)  -> (artifact id: '36e66081206604a97cea6b13485fa4c8') in 0.012357 seconds 
Number of asset objects unloaded after import = 3
========================================================================
Received Import Request.
  Time since last request: 0.000014 seconds.
  path: Assets/Assets/ROOM/Ground_rocks_30.asset
  artifactKey: Guid(1c89c761510adf646a8b711c3c45bd64) Importer(815301076,1909f56bfc062723c751e8b465ee728b)
Number of updated assets reloaded before import = 0
Start importing Assets/Assets/ROOM/Ground_rocks_30.asset using Guid(1c89c761510adf646a8b711c3c45bd64) Importer(815301076,1909f56bfc062723c751e8b465ee728b)  -> (artifact id: 'ef16ad3671cd09efad6b55b410fe4774') in 0.011022 seconds 
Number of asset objects unloaded after import = 3
========================================================================
Received Import Request.
  Time since last request: 0.000020 seconds.
  path: Assets/Assets/ROOM/Ground_rocks_2.asset
  artifactKey: Guid(c0b190a9e6d91c5429461f857d861d1c) Importer(815301076,1909f56bfc062723c751e8b465ee728b)
Number of updated assets reloaded before import = 0
Start importing Assets/Assets/ROOM/Ground_rocks_2.asset using Guid(c0b190a9e6d91c5429461f857d861d1c) Importer(815301076,1909f56bfc062723c751e8b465ee728b)  -> (artifact id: 'c5a2c6ffffd77f55c464d95b8febf541') in 0.012746 seconds 
Number of asset objects unloaded after import = 3
========================================================================
Received Import Request.
  Time since last request: 0.000019 seconds.
  path: Assets/Assets/ROOM/Animation3.png
  artifactKey: Guid(6ad1e8d23213edb4b9a98f0ddf6db8c1) Importer(815301076,1909f56bfc062723c751e8b465ee728b)
Number of updated assets reloaded before import = 0
Start importing Assets/Assets/ROOM/Animation3.png using Guid(6ad1e8d23213edb4b9a98f0ddf6db8c1) Importer(815301076,1909f56bfc062723c751e8b465ee728b)  -> (artifact id: 'b5b887822482d2c815476db62efeb209') in 0.014652 seconds 
Number of asset objects unloaded after import = 2
========================================================================
Received Import Request.
  Time since last request: 0.000018 seconds.
  path: Assets/Assets/ROOM/Ground_rocks_117.asset
  artifactKey: Guid(56ae62950e77e7b4894d18aad4a942a6) Importer(815301076,1909f56bfc062723c751e8b465ee728b)
Number of updated assets reloaded before import = 0
Start importing Assets/Assets/ROOM/Ground_rocks_117.asset using Guid(56ae62950e77e7b4894d18aad4a942a6) Importer(815301076,1909f56bfc062723c751e8b465ee728b)  -> (artifact id: 'cadbbf68d5a61946c5530db1eeee85a5') in 0.012614 seconds 
Number of asset objects unloaded after import = 3
========================================================================
Received Import Request.
  Time since last request: 0.000017 seconds.
  path: Assets/Assets/ROOM/Ground_rocks_19.asset
  artifactKey: Guid(d6509108fabadc548815ef8d20d23e64) Importer(815301076,1909f56bfc062723c751e8b465ee728b)
Number of updated assets reloaded before import = 0
Start importing Assets/Assets/ROOM/Ground_rocks_19.asset using Guid(d6509108fabadc548815ef8d20d23e64) Importer(815301076,1909f56bfc062723c751e8b465ee728b)  -> (artifact id: 'b4b51fbe8e6c9067911fc055b10b7eb7') in 0.013518 seconds 
Number of asset objects unloaded after import = 3
========================================================================
Received Import Request.
  Time since last request: 0.000020 seconds.
  path: Assets/Assets/ROOM/Ground_rocks_106.asset
  artifactKey: Guid(1609293bb10915748a7dbfab7ccc9cbc) Importer(815301076,1909f56bfc062723c751e8b465ee728b)
Number of updated assets reloaded before import = 0
Start importing Assets/Assets/ROOM/Ground_rocks_106.asset using Guid(1609293bb10915748a7dbfab7ccc9cbc) Importer(815301076,1909f56bfc062723c751e8b465ee728b)  -> (artifact id: 'ccd283d3286a9f6710a550cc52a6103d') in 0.013580 seconds 
Number of asset objects unloaded after import = 3
========================================================================
Received Import Request.
  Time since last request: 0.000021 seconds.
  path: Assets/Assets/ROOM/Cave Palette.prefab
  artifactKey: Guid(48cac022cc6861e4a9861c05aa1e967b) Importer(815301076,1909f56bfc062723c751e8b465ee728b)
Number of updated assets reloaded before import = 0
Start importing Assets/Assets/ROOM/Cave Palette.prefab using Guid(48cac022cc6861e4a9861c05aa1e967b) Importer(815301076,1909f56bfc062723c751e8b465ee728b)  -> (artifact id: 'f4bb03f8b7586365eed68224f255005f') in 0.357511 seconds 
Number of asset objects unloaded after import = 2189
========================================================================
Received Import Request.
  Time since last request: 0.000027 seconds.
  path: Assets/Assets/ROOM/Ground_rocks_85.asset
  artifactKey: Guid(c4a750dd930dcae4abd61932ae5b18bd) Importer(815301076,1909f56bfc062723c751e8b465ee728b)
Number of updated assets reloaded before import = 0
Start importing Assets/Assets/ROOM/Ground_rocks_85.asset using Guid(c4a750dd930dcae4abd61932ae5b18bd) Importer(815301076,1909f56bfc062723c751e8b465ee728b)  -> (artifact id: 'ab1e5b4cdcf60a9a57f57860ed7e5a53') in 0.012706 seconds 
Number of asset objects unloaded after import = 3
========================================================================
Received Import Request.
  Time since last request: 0.000023 seconds.
  path: Assets/Assets/ROOM/Ground_rocks_50.asset
  artifactKey: Guid(ed7152d5a49eb6c4285c276953d92a97) Importer(815301076,1909f56bfc062723c751e8b465ee728b)
Number of updated assets reloaded before import = 0
Start importing Assets/Assets/ROOM/Ground_rocks_50.asset using Guid(ed7152d5a49eb6c4285c276953d92a97) Importer(815301076,1909f56bfc062723c751e8b465ee728b)  -> (artifact id: 'e44e841829f32c2da7f7836a8b4eefed') in 0.013466 seconds 
Number of asset objects unloaded after import = 3
========================================================================
Received Import Request.
  Time since last request: 0.000020 seconds.
  path: Assets/Assets/ROOM/Ground_rocks_13.asset
  artifactKey: Guid(f5036b36f488d744791992ae39da9a6f) Importer(815301076,1909f56bfc062723c751e8b465ee728b)
Number of updated assets reloaded before import = 0
Start importing Assets/Assets/ROOM/Ground_rocks_13.asset using Guid(f5036b36f488d744791992ae39da9a6f) Importer(815301076,1909f56bfc062723c751e8b465ee728b)  -> (artifact id: '77196f5e3f9d5f4682e2969d30eb8c7d') in 0.014434 seconds 
Number of asset objects unloaded after import = 3
========================================================================
Received Import Request.
  Time since last request: 0.000018 seconds.
  path: Assets/Assets/ROOM/Ground_rocks_24.asset
  artifactKey: Guid(6956e6607b9027f46b526726e2a9d020) Importer(815301076,1909f56bfc062723c751e8b465ee728b)
Number of updated assets reloaded before import = 0
Start importing Assets/Assets/ROOM/Ground_rocks_24.asset using Guid(6956e6607b9027f46b526726e2a9d020) Importer(815301076,1909f56bfc062723c751e8b465ee728b)  -> (artifact id: 'a78c685fa7d515b3792c989c24a8d44c') in 0.013666 seconds 
Number of asset objects unloaded after import = 3
Editor requested this worker to shutdown with reason: Scaling down because of idle timeout
AssetImportWorker is now disconnected from the server
Process exiting
Exiting without the bug reporter. Application will terminate with return code 0