Using pre-set license
Built from '2021.3/staging' branch; Version is '2021.3.45f1 (0da89fac8e79) revision 895135'; Using compiler version '192829333'; Build Type 'Release'
OS: 'Windows 11  (10.0.26100) 64bit Professional' Language: 'es' Physical Memory: 16103 MB
BatchMode: 1, IsHumanControllingUs: 0, StartBugReporterOnCrash: 0, Is64bit: 1, IsPro: 1

COMMAND LINE ARGUMENTS:
C:\Program Files\Unity\Hub\Editor\2021.3.45f1\Editor\Unity.exe
-adb2
-batchMode
-noUpm
-name
AssetImportWorker4
-projectPath
C:/Users/Admin/game-electiva/Excercise_02_FirstPlatformGame/Excercise_02_FirstPlatformGame
-logFile
Logs/AssetImportWorker4.log
-srvPort
58598
Successfully changed project path to: C:/Users/Admin/game-electiva/Excercise_02_FirstPlatformGame/Excercise_02_FirstPlatformGame
C:/Users/Admin/game-electiva/Excercise_02_FirstPlatformGame/Excercise_02_FirstPlatformGame
[UnityMemory] Configuration Parameters - Can be set up in boot.config
    "memorysetup-bucket-allocator-granularity=16"
    "memorysetup-bucket-allocator-bucket-count=8"
    "memorysetup-bucket-allocator-block-size=33554432"
    "memorysetup-bucket-allocator-block-count=8"
    "memorysetup-main-allocator-block-size=16777216"
    "memorysetup-thread-allocator-block-size=16777216"
    "memorysetup-gfx-main-allocator-block-size=16777216"
    "memorysetup-gfx-thread-allocator-block-size=16777216"
    "memorysetup-cache-allocator-block-size=4194304"
    "memorysetup-typetree-allocator-block-size=2097152"
    "memorysetup-profiler-bucket-allocator-granularity=16"
    "memorysetup-profiler-bucket-allocator-bucket-count=8"
    "memorysetup-profiler-bucket-allocator-block-size=33554432"
    "memorysetup-profiler-bucket-allocator-block-count=8"
    "memorysetup-profiler-allocator-block-size=16777216"
    "memorysetup-profiler-editor-allocator-block-size=1048576"
    "memorysetup-temp-allocator-size-main=16777216"
    "memorysetup-job-temp-allocator-block-size=2097152"
    "memorysetup-job-temp-allocator-block-size-background=1048576"
    "memorysetup-job-temp-allocator-reduction-small-platforms=262144"
    "memorysetup-temp-allocator-size-background-worker=32768"
    "memorysetup-temp-allocator-size-job-worker=262144"
    "memorysetup-temp-allocator-size-preload-manager=33554432"
    "memorysetup-temp-allocator-size-nav-mesh-worker=65536"
    "memorysetup-temp-allocator-size-audio-worker=65536"
    "memorysetup-temp-allocator-size-cloud-worker=32768"
    "memorysetup-temp-allocator-size-gi-baking-worker=262144"
    "memorysetup-temp-allocator-size-gfx=262144"
Player connection [5700] Host "[IP] 192.168.0.107 [Port] 0 [Flags] 2 [Guid] 3317290082 [EditorId] 3317290082 [Version] 1048832 [Id] WindowsEditor(7,DESKTOP-9280USP) [Debug] 1 [PackageName] WindowsEditor [ProjectName] Editor" joined multi-casting on [225.0.0.222:54997]...

Player connection [5700] Host "[IP] 192.168.0.107 [Port] 0 [Flags] 2 [Guid] 3317290082 [EditorId] 3317290082 [Version] 1048832 [Id] WindowsEditor(7,DESKTOP-9280USP) [Debug] 1 [PackageName] WindowsEditor [ProjectName] Editor" joined alternative multi-casting on [225.0.0.222:34997]...

[Physics::Module] Initialized MultithreadedJobDispatcher with {0} workers.
Refreshing native plugins compatible for Editor in 73.61 ms, found 4 plugins.
Preloading 0 native plugins for Editor in 0.00 ms.
Initialize engine version: 2021.3.45f1 (0da89fac8e79)
[Subsystems] Discovering subsystems at path C:/Program Files/Unity/Hub/Editor/2021.3.45f1/Editor/Data/Resources/UnitySubsystems
[Subsystems] Discovering subsystems at path C:/Users/Admin/game-electiva/Excercise_02_FirstPlatformGame/Excercise_02_FirstPlatformGame/Assets
GfxDevice: creating device client; threaded=0; jobified=0
Direct3D:
    Version:  Direct3D 11.0 [level 11.1]
    Renderer: Radeon (TM) RX 470 Series (ID=0x67df)
    Vendor:   ATI
    VRAM:     4039 MB
    Driver:   31.0.21923.1000
Initialize mono
Mono path[0] = 'C:/Program Files/Unity/Hub/Editor/2021.3.45f1/Editor/Data/Managed'
Mono path[1] = 'C:/Program Files/Unity/Hub/Editor/2021.3.45f1/Editor/Data/MonoBleedingEdge/lib/mono/unityjit-win32'
Mono config path = 'C:/Program Files/Unity/Hub/Editor/2021.3.45f1/Editor/Data/MonoBleedingEdge/etc'
Using monoOptions --debugger-agent=transport=dt_socket,embedding=1,server=y,suspend=n,address=127.0.0.1:56780
Begin MonoManager ReloadAssembly
Registering precompiled unity dll's ...
Register platform support module: C:/Program Files/Unity/Hub/Editor/2021.3.45f1/Editor/Data/PlaybackEngines/WebGLSupport/UnityEditor.WebGL.Extensions.dll
Register platform support module: C:/Program Files/Unity/Hub/Editor/2021.3.45f1/Editor/Data/PlaybackEngines/AndroidPlayer/UnityEditor.Android.Extensions.dll
Register platform support module: C:/Program Files/Unity/Hub/Editor/2021.3.45f1/Editor/Data/PlaybackEngines/WindowsStandaloneSupport/UnityEditor.WindowsStandalone.Extensions.dll
Registered in 0.003368 seconds.
Native extension for WindowsStandalone target not found
Native extension for Android target not found
Android Extension - Scanning For ADB Devices 170 ms
Native extension for WebGL target not found
Refreshing native plugins compatible for Editor in 45.50 ms, found 4 plugins.
Preloading 0 native plugins for Editor in 0.00 ms.
Mono: successfully reloaded assembly
- Completed reload, in  0.647 seconds
Domain Reload Profiling:
	ReloadAssembly (648ms)
		BeginReloadAssembly (83ms)
			ExecutionOrderSort (0ms)
			DisableScriptedObjects (0ms)
			BackupInstance (0ms)
			ReleaseScriptingObjects (0ms)
			CreateAndSetChildDomain (1ms)
		EndReloadAssembly (496ms)
			LoadAssemblies (81ms)
			RebuildTransferFunctionScriptingTraits (0ms)
			SetupTypeCache (78ms)
			ReleaseScriptCaches (0ms)
			RebuildScriptCaches (20ms)
			SetupLoadedEditorAssemblies (368ms)
				LogAssemblyErrors (0ms)
				InitializePlatformSupportModulesInManaged (225ms)
				SetLoadedEditorAssemblies (0ms)
				RefreshPlugins (46ms)
				BeforeProcessingInitializeOnLoad (1ms)
				ProcessInitializeOnLoadAttributes (68ms)
				ProcessInitializeOnLoadMethodAttributes (28ms)
				AfterProcessingInitializeOnLoad (0ms)
				EditorAssembliesLoaded (0ms)
			ExecutionOrderSort2 (0ms)
			AwakeInstancesAfterBackupRestoration (0ms)
Platform modules already initialized, skipping
Registering precompiled user dll's ...
Registered in 0.004133 seconds.
Begin MonoManager ReloadAssembly
Native extension for WindowsStandalone target not found
Native extension for Android target not found
Native extension for WebGL target not found
Refreshing native plugins compatible for Editor in 44.22 ms, found 4 plugins.
Preloading 0 native plugins for Editor in 0.00 ms.
Package Manager log level set to [2]
[Package Manager] Server::EnsureServerProcessIsRunning -- launch failed, reason: Unity was launched with the -noUpm command-line argument
[Package Manager] Cannot connect to Unity Package Manager local server
Mono: successfully reloaded assembly
- Completed reload, in  1.176 seconds
Domain Reload Profiling:
	ReloadAssembly (1176ms)
		BeginReloadAssembly (91ms)
			ExecutionOrderSort (0ms)
			DisableScriptedObjects (5ms)
			BackupInstance (0ms)
			ReleaseScriptingObjects (0ms)
			CreateAndSetChildDomain (13ms)
		EndReloadAssembly (1016ms)
			LoadAssemblies (78ms)
			RebuildTransferFunctionScriptingTraits (0ms)
			SetupTypeCache (190ms)
			ReleaseScriptCaches (0ms)
			RebuildScriptCaches (38ms)
			SetupLoadedEditorAssemblies (696ms)
				LogAssemblyErrors (0ms)
				InitializePlatformSupportModulesInManaged (10ms)
				SetLoadedEditorAssemblies (0ms)
				RefreshPlugins (44ms)
				BeforeProcessingInitializeOnLoad (50ms)
				ProcessInitializeOnLoadAttributes (565ms)
				ProcessInitializeOnLoadMethodAttributes (24ms)
				AfterProcessingInitializeOnLoad (3ms)
				EditorAssembliesLoaded (0ms)
			ExecutionOrderSort2 (0ms)
			AwakeInstancesAfterBackupRestoration (4ms)
Platform modules already initialized, skipping
========================================================================
Worker process is ready to serve import requests
Launched and connected shader compiler UnityShaderCompiler.exe after 0.03 seconds
Refreshing native plugins compatible for Editor in 0.50 ms, found 4 plugins.
Preloading 0 native plugins for Editor in 0.00 ms.
Unloading 3900 Unused Serialized files (Serialized files now loaded: 0)
Unloading 38 unused Assets / (46.4 KB). Loaded Objects now: 4359.
Memory consumption went from 148.4 MB to 148.4 MB.
Total: 2.373900 ms (FindLiveObjects: 0.179300 ms CreateObjectMapping: 0.079700 ms MarkObjects: 2.053600 ms  DeleteObjects: 0.059900 ms)

AssetImportParameters requested are different than current active one (requested -> active):
  custom:video-decoder-ogg-theora: a1e56fd34408186e4bbccfd4996cb3dc -> 
  custom:container-muxer-webm: aa71ff27fc2769a1b78a27578f13a17b -> 
  custom:container-demuxer-webm: 4f35f7cbe854078d1ac9338744f61a02 -> 
  custom:video-encoder-webm-vp8: eb34c28f22e8b96e1ab97ce403110664 -> 
  custom:video-codec-MediaFoundation-h265: 746d11721c4dcdbdad8f713fa42b33f4 -> 
  custom:CustomObjectIndexerAttribute: bc11b3a6c3213fcdd17b65e7da85e133 -> 
  custom:audio-encoder-webm-vorbis: bf7c407c2cedff20999df2af8eb42d56 -> 
  custom:framework-win-MediaFoundation: 216162199b28c13a410421893ffa2e32 -> 
  custom:SearchIndexIgnoredProperties: e643bd26f0fe6173181afceb89e7c659 -> 
  custom:container-demuxer-ogg: 62fdf1f143b41e24485cea50d1cbac27 -> 
  custom:video-decoder-webm-vp8: 9c59270c3fd7afecdb556c50c9e8de78 -> 
  custom:audio-decoder-ogg-vorbis: bf7c407c2cedff20999df2af8eb42d56 -> 
========================================================================
Received Import Request.
  Time since last request: 134288.172320 seconds.
  path: Assets/Assets/free-swamp-game-tileset-pixel-art/1 Tiles/Tileset.png
  artifactKey: Guid(32db34ff27b374d49a5f20026de7794c) Importer(815301076,1909f56bfc062723c751e8b465ee728b)
Number of updated assets reloaded before import = 0
Start importing Assets/Assets/free-swamp-game-tileset-pixel-art/1 Tiles/Tileset.png using Guid(32db34ff27b374d49a5f20026de7794c) Importer(815301076,1909f56bfc062723c751e8b465ee728b)  -> (artifact id: 'e9a8976b4a6ae16c71b736a63d983deb') in 0.068888 seconds 
Number of asset objects unloaded after import = 2
========================================================================
Received Import Request.
  Time since last request: 34.175291 seconds.
  path: Assets/Assets/free-swamp-game-tileset-pixel-art/1 Tiles/Tileset.png
  artifactKey: Guid(32db34ff27b374d49a5f20026de7794c) Importer(815301076,1909f56bfc062723c751e8b465ee728b)
Number of updated assets reloaded before import = 0
Start importing Assets/Assets/free-swamp-game-tileset-pixel-art/1 Tiles/Tileset.png using Guid(32db34ff27b374d49a5f20026de7794c) Importer(815301076,1909f56bfc062723c751e8b465ee728b)  -> (artifact id: 'cf243e52029aca384ace34dd46f07696') in 0.089316 seconds 
Number of asset objects unloaded after import = 62
========================================================================
Received Import Request.
  Time since last request: 160.267245 seconds.
  path: Assets/Assets/free-swamp-game-tileset-pixel-art/1 Tiles/Tileset.png
  artifactKey: Guid(32db34ff27b374d49a5f20026de7794c) Importer(815301076,1909f56bfc062723c751e8b465ee728b)
Number of updated assets reloaded before import = 0
Start importing Assets/Assets/free-swamp-game-tileset-pixel-art/1 Tiles/Tileset.png using Guid(32db34ff27b374d49a5f20026de7794c) Importer(815301076,1909f56bfc062723c751e8b465ee728b)  -> (artifact id: '2ef5ccab12936940d88d7c819f434d1d') in 0.073902 seconds 
Number of asset objects unloaded after import = 62
========================================================================
Received Import Request.
  Time since last request: 9.902802 seconds.
  path: Assets/Assets/free-swamp-game-tileset-pixel-art/1 Tiles/Tileset.png
  artifactKey: Guid(32db34ff27b374d49a5f20026de7794c) Importer(815301076,1909f56bfc062723c751e8b465ee728b)
Number of updated assets reloaded before import = 0
Start importing Assets/Assets/free-swamp-game-tileset-pixel-art/1 Tiles/Tileset.png using Guid(32db34ff27b374d49a5f20026de7794c) Importer(815301076,1909f56bfc062723c751e8b465ee728b)  -> (artifact id: 'd2f2e60aa69de9f93811221c207b8f4e') in 0.074016 seconds 
Number of asset objects unloaded after import = 62
========================================================================
Received Import Request.
  Time since last request: 464.753310 seconds.
  path: Assets/Assets/Tileset_0.asset
  artifactKey: Guid(c7f6478d7264acd4f85cbc7368986c5f) Importer(815301076,1909f56bfc062723c751e8b465ee728b)
Number of updated assets reloaded before import = 0
Start importing Assets/Assets/Tileset_0.asset using Guid(c7f6478d7264acd4f85cbc7368986c5f) Importer(815301076,1909f56bfc062723c751e8b465ee728b)  -> (artifact id: '00acc10a493855291ac3ef89118867c8') in 0.027978 seconds 
Number of asset objects unloaded after import = 3
========================================================================
Received Import Request.
  Time since last request: 0.000025 seconds.
  path: Assets/Assets/Tileset_38.asset
  artifactKey: Guid(d712ac04e0e19764a9b227a4f36ebb4c) Importer(815301076,1909f56bfc062723c751e8b465ee728b)
Number of updated assets reloaded before import = 0
Start importing Assets/Assets/Tileset_38.asset using Guid(d712ac04e0e19764a9b227a4f36ebb4c) Importer(815301076,1909f56bfc062723c751e8b465ee728b)  -> (artifact id: '499dfc5437599f23d551ecebb82f0482') in 0.012986 seconds 
Number of asset objects unloaded after import = 3
========================================================================
Received Import Request.
  Time since last request: 0.000019 seconds.
  path: Assets/Assets/Tileset_5.asset
  artifactKey: Guid(bdef854e03ba0354da2f010545f93215) Importer(815301076,1909f56bfc062723c751e8b465ee728b)
Number of updated assets reloaded before import = 0
Start importing Assets/Assets/Tileset_5.asset using Guid(bdef854e03ba0354da2f010545f93215) Importer(815301076,1909f56bfc062723c751e8b465ee728b)  -> (artifact id: '3f883746aec10c316f927ca1fd189b10') in 0.012281 seconds 
Number of asset objects unloaded after import = 3
========================================================================
Received Import Request.
  Time since last request: 0.000018 seconds.
  path: Assets/Assets/Tileset_27.asset
  artifactKey: Guid(7c73187b3ccfc054ca056e662aee9359) Importer(815301076,1909f56bfc062723c751e8b465ee728b)
Number of updated assets reloaded before import = 0
Start importing Assets/Assets/Tileset_27.asset using Guid(7c73187b3ccfc054ca056e662aee9359) Importer(815301076,1909f56bfc062723c751e8b465ee728b)  -> (artifact id: '12d19174feb7afca5abc082303505e3a') in 0.011699 seconds 
Number of asset objects unloaded after import = 3
========================================================================
Received Import Request.
  Time since last request: 0.000024 seconds.
  path: Assets/Assets/Tileset_31.asset
  artifactKey: Guid(06dbe01cfc448a44ab5b0787ba2432d4) Importer(815301076,1909f56bfc062723c751e8b465ee728b)
Number of updated assets reloaded before import = 0
Start importing Assets/Assets/Tileset_31.asset using Guid(06dbe01cfc448a44ab5b0787ba2432d4) Importer(815301076,1909f56bfc062723c751e8b465ee728b)  -> (artifact id: '34e2059f67dd595d57f3cb98e13ae153') in 0.011910 seconds 
Number of asset objects unloaded after import = 3
========================================================================
Received Import Request.
  Time since last request: 0.000016 seconds.
  path: Assets/Assets/Tileset_11.asset
  artifactKey: Guid(cdd132a28649a0c44b560c47971978d7) Importer(815301076,1909f56bfc062723c751e8b465ee728b)
Number of updated assets reloaded before import = 0
Start importing Assets/Assets/Tileset_11.asset using Guid(cdd132a28649a0c44b560c47971978d7) Importer(815301076,1909f56bfc062723c751e8b465ee728b)  -> (artifact id: '80c32c27f0e6088f9789e2543db4f8de') in 0.011905 seconds 
Number of asset objects unloaded after import = 3
========================================================================
Received Import Request.
  Time since last request: 0.000021 seconds.
  path: Assets/Assets/Tileset_25.asset
  artifactKey: Guid(a7f16ca35ee64d14d806abf2786cf918) Importer(815301076,1909f56bfc062723c751e8b465ee728b)
Number of updated assets reloaded before import = 0
Start importing Assets/Assets/Tileset_25.asset using Guid(a7f16ca35ee64d14d806abf2786cf918) Importer(815301076,1909f56bfc062723c751e8b465ee728b)  -> (artifact id: 'd096477ddbf82ffcd77a0a810a0c035f') in 0.012386 seconds 
Number of asset objects unloaded after import = 3
========================================================================
Received Import Request.
  Time since last request: 0.000021 seconds.
  path: Assets/Assets/Tileset_29.asset
  artifactKey: Guid(cebdc25fd9971bd4887529bc3569cb7d) Importer(815301076,1909f56bfc062723c751e8b465ee728b)
Number of updated assets reloaded before import = 0
Start importing Assets/Assets/Tileset_29.asset using Guid(cebdc25fd9971bd4887529bc3569cb7d) Importer(815301076,1909f56bfc062723c751e8b465ee728b)  -> (artifact id: '83b486a20a40504e54497cdbb51eec86') in 0.011890 seconds 
Number of asset objects unloaded after import = 3
========================================================================
Received Import Request.
  Time since last request: 0.000019 seconds.
  path: Assets/Assets/Tileset_4.asset
  artifactKey: Guid(fe4cf845adc4d554ba5107db54a57bcb) Importer(815301076,1909f56bfc062723c751e8b465ee728b)
Number of updated assets reloaded before import = 0
Start importing Assets/Assets/Tileset_4.asset using Guid(fe4cf845adc4d554ba5107db54a57bcb) Importer(815301076,1909f56bfc062723c751e8b465ee728b)  -> (artifact id: '87e685ad27b21f04fc3ce977b0789118') in 0.009979 seconds 
Number of asset objects unloaded after import = 3
========================================================================
Received Import Request.
  Time since last request: 0.000014 seconds.
  path: Assets/Assets/Tileset_45.asset
  artifactKey: Guid(800e47a52bf03fa4486b73d1da72a170) Importer(815301076,1909f56bfc062723c751e8b465ee728b)
Number of updated assets reloaded before import = 0
Start importing Assets/Assets/Tileset_45.asset using Guid(800e47a52bf03fa4486b73d1da72a170) Importer(815301076,1909f56bfc062723c751e8b465ee728b)  -> (artifact id: '45719e2080147841cfd6fc3e69ffd426') in 0.010440 seconds 
Number of asset objects unloaded after import = 3
========================================================================
Received Import Request.
  Time since last request: 0.000022 seconds.
  path: Assets/Assets/Tileset_3.asset
  artifactKey: Guid(cc44fa8e090054f4595f9d1636654b03) Importer(815301076,1909f56bfc062723c751e8b465ee728b)
Number of updated assets reloaded before import = 0
Start importing Assets/Assets/Tileset_3.asset using Guid(cc44fa8e090054f4595f9d1636654b03) Importer(815301076,1909f56bfc062723c751e8b465ee728b)  -> (artifact id: 'ef42ee00d511a6cd72bcf9e6c45bf1d8') in 0.010083 seconds 
Number of asset objects unloaded after import = 3
========================================================================
Received Import Request.
  Time since last request: 0.000014 seconds.
  path: Assets/Assets/Tileset_9.asset
  artifactKey: Guid(42ee0fe82955a7b4b8ef97ebdfd14b6b) Importer(815301076,1909f56bfc062723c751e8b465ee728b)
Number of updated assets reloaded before import = 0
Start importing Assets/Assets/Tileset_9.asset using Guid(42ee0fe82955a7b4b8ef97ebdfd14b6b) Importer(815301076,1909f56bfc062723c751e8b465ee728b)  -> (artifact id: '250de9cddcde3b68642d8ff1c0ca1265') in 0.010141 seconds 
Number of asset objects unloaded after import = 3
========================================================================
Received Import Request.
  Time since last request: 0.000019 seconds.
  path: Assets/Assets/Tileset_32.asset
  artifactKey: Guid(408d2f20382ac374b856a028a8bde504) Importer(815301076,1909f56bfc062723c751e8b465ee728b)
Number of updated assets reloaded before import = 0
Start importing Assets/Assets/Tileset_32.asset using Guid(408d2f20382ac374b856a028a8bde504) Importer(815301076,1909f56bfc062723c751e8b465ee728b)  -> (artifact id: '8c944328e8f397667809b32dc8b4bd6a') in 0.010290 seconds 
Number of asset objects unloaded after import = 3
========================================================================
Received Import Request.
  Time since last request: 0.000028 seconds.
  path: Assets/Assets/Tileset_14.asset
  artifactKey: Guid(82bf829461767e144a3e6fb1f060cf5f) Importer(815301076,1909f56bfc062723c751e8b465ee728b)
Number of updated assets reloaded before import = 0
Start importing Assets/Assets/Tileset_14.asset using Guid(82bf829461767e144a3e6fb1f060cf5f) Importer(815301076,1909f56bfc062723c751e8b465ee728b)  -> (artifact id: '5335379ed8c330c7538f1338f8cd443b') in 0.010784 seconds 
Number of asset objects unloaded after import = 3
========================================================================
Received Import Request.
  Time since last request: 0.000014 seconds.
  path: Assets/Assets/Tileset_39.asset
  artifactKey: Guid(352e5fa4240f8d34d901ae5cc7c99c82) Importer(815301076,1909f56bfc062723c751e8b465ee728b)
Number of updated assets reloaded before import = 0
Start importing Assets/Assets/Tileset_39.asset using Guid(352e5fa4240f8d34d901ae5cc7c99c82) Importer(815301076,1909f56bfc062723c751e8b465ee728b)  -> (artifact id: '6ced88c987ef7fb4582c4216514545ed') in 0.011073 seconds 
Number of asset objects unloaded after import = 3
========================================================================
Received Import Request.
  Time since last request: 0.000023 seconds.
  path: Assets/Assets/Tileset_40.asset
  artifactKey: Guid(254de4c4460d9634fad850b2bd91e0d0) Importer(815301076,1909f56bfc062723c751e8b465ee728b)
Number of updated assets reloaded before import = 0
Start importing Assets/Assets/Tileset_40.asset using Guid(254de4c4460d9634fad850b2bd91e0d0) Importer(815301076,1909f56bfc062723c751e8b465ee728b)  -> (artifact id: 'a323dbe5c00cf5907c7629c1c1c1841f') in 0.010836 seconds 
Number of asset objects unloaded after import = 3
========================================================================
Received Import Request.
  Time since last request: 0.000016 seconds.
  path: Assets/Assets/Tileset_26.asset
  artifactKey: Guid(6b55ddb76000dcd4080870da2650dbe3) Importer(815301076,1909f56bfc062723c751e8b465ee728b)
Number of updated assets reloaded before import = 0
Start importing Assets/Assets/Tileset_26.asset using Guid(6b55ddb76000dcd4080870da2650dbe3) Importer(815301076,1909f56bfc062723c751e8b465ee728b)  -> (artifact id: '80d036a004b5886175617b670f512fea') in 0.010339 seconds 
Number of asset objects unloaded after import = 3
========================================================================
Received Import Request.
  Time since last request: 0.000017 seconds.
  path: Assets/Assets/Tileset_16.asset
  artifactKey: Guid(1e15cb427e621c94a85e4e6e2dedbdfc) Importer(815301076,1909f56bfc062723c751e8b465ee728b)
Number of updated assets reloaded before import = 0
Start importing Assets/Assets/Tileset_16.asset using Guid(1e15cb427e621c94a85e4e6e2dedbdfc) Importer(815301076,1909f56bfc062723c751e8b465ee728b)  -> (artifact id: '2999734e00882a26b9851327ee2689e6') in 0.010114 seconds 
Number of asset objects unloaded after import = 3
========================================================================
Received Import Request.
  Time since last request: 0.000017 seconds.
  path: Assets/Assets/Tileset_34.asset
  artifactKey: Guid(6b949f4da7b05824d93df5d60f8a47cb) Importer(815301076,1909f56bfc062723c751e8b465ee728b)
Number of updated assets reloaded before import = 0
Start importing Assets/Assets/Tileset_34.asset using Guid(6b949f4da7b05824d93df5d60f8a47cb) Importer(815301076,1909f56bfc062723c751e8b465ee728b)  -> (artifact id: '5f30905a81c07a513f3aea9e0ab79864') in 0.010740 seconds 
Number of asset objects unloaded after import = 3
========================================================================
Received Import Request.
  Time since last request: 0.000017 seconds.
  path: Assets/Assets/Tileset_6.asset
  artifactKey: Guid(ea1b955e571b9cf4b9cd268a236154dd) Importer(815301076,1909f56bfc062723c751e8b465ee728b)
Number of updated assets reloaded before import = 0
Start importing Assets/Assets/Tileset_6.asset using Guid(ea1b955e571b9cf4b9cd268a236154dd) Importer(815301076,1909f56bfc062723c751e8b465ee728b)  -> (artifact id: '180b8a024f34cb4c26c4aecd6f056261') in 0.011325 seconds 
Number of asset objects unloaded after import = 3
========================================================================
Received Import Request.
  Time since last request: 0.000023 seconds.
  path: Assets/Assets/Tileset_18.asset
  artifactKey: Guid(a0da68225207b564aba2f70283c0bcc6) Importer(815301076,1909f56bfc062723c751e8b465ee728b)
Number of updated assets reloaded before import = 0
Start importing Assets/Assets/Tileset_18.asset using Guid(a0da68225207b564aba2f70283c0bcc6) Importer(815301076,1909f56bfc062723c751e8b465ee728b)  -> (artifact id: '0daf00df2329af310ce18276b0691aa6') in 0.010772 seconds 
Number of asset objects unloaded after import = 3
========================================================================
Received Import Request.
  Time since last request: 0.000013 seconds.
  path: Assets/Assets/Tileset_37.asset
  artifactKey: Guid(de293fbb62f056e4c868126084c949a4) Importer(815301076,1909f56bfc062723c751e8b465ee728b)
Number of updated assets reloaded before import = 0
Start importing Assets/Assets/Tileset_37.asset using Guid(de293fbb62f056e4c868126084c949a4) Importer(815301076,1909f56bfc062723c751e8b465ee728b)  -> (artifact id: '7eb9b211c42ab0ef8d0bbd74b7109706') in 0.010325 seconds 
Number of asset objects unloaded after import = 3
========================================================================
Received Import Request.
  Time since last request: 0.000018 seconds.
  path: Assets/Assets/Tileset_33.asset
  artifactKey: Guid(0870b8d8db15daf46aa9f9453bc88432) Importer(815301076,1909f56bfc062723c751e8b465ee728b)
Number of updated assets reloaded before import = 0
Start importing Assets/Assets/Tileset_33.asset using Guid(0870b8d8db15daf46aa9f9453bc88432) Importer(815301076,1909f56bfc062723c751e8b465ee728b)  -> (artifact id: 'e4193722047c3cf469c99eb00566a4f7') in 0.011306 seconds 
Number of asset objects unloaded after import = 3
========================================================================
Received Import Request.
  Time since last request: 2.921242 seconds.
  path: Assets/Assets/Tileset_47.asset
  artifactKey: Guid(f94773646a4f5fd42864a1083c3f9c59) Importer(815301076,1909f56bfc062723c751e8b465ee728b)
Number of updated assets reloaded before import = 0
Start importing Assets/Assets/Tileset_47.asset using Guid(f94773646a4f5fd42864a1083c3f9c59) Importer(815301076,1909f56bfc062723c751e8b465ee728b)  -> (artifact id: 'ccfd78739856d8dd0c0343d4a0b6bf30') in 0.012816 seconds 
Number of asset objects unloaded after import = 3
========================================================================
Received Import Request.
  Time since last request: 0.000016 seconds.
  path: Assets/Assets/Tileset_54.asset
  artifactKey: Guid(fe0c5e8a84d7f734b9604b25abfe320f) Importer(815301076,1909f56bfc062723c751e8b465ee728b)
Number of updated assets reloaded before import = 0
Start importing Assets/Assets/Tileset_54.asset using Guid(fe0c5e8a84d7f734b9604b25abfe320f) Importer(815301076,1909f56bfc062723c751e8b465ee728b)  -> (artifact id: '9fb0b32863ac8ad9a7499c099c2da76f') in 0.011840 seconds 
Number of asset objects unloaded after import = 3
========================================================================
Received Import Request.
  Time since last request: 0.000031 seconds.
  path: Assets/Assets/Tileset_53.asset
  artifactKey: Guid(a70fb99e354abfb49a0688f40f44d98d) Importer(815301076,1909f56bfc062723c751e8b465ee728b)
Number of updated assets reloaded before import = 0
Start importing Assets/Assets/Tileset_53.asset using Guid(a70fb99e354abfb49a0688f40f44d98d) Importer(815301076,1909f56bfc062723c751e8b465ee728b)  -> (artifact id: 'd51511ce8b3c7e8a9b311891b0d6044e') in 0.011041 seconds 
Number of asset objects unloaded after import = 3
========================================================================
Received Import Request.
  Time since last request: 0.000020 seconds.
  path: Assets/Assets/Tileset_50.asset
  artifactKey: Guid(244a8a6ac7e1edb44a4f6bdeb9a3a65a) Importer(815301076,1909f56bfc062723c751e8b465ee728b)
Number of updated assets reloaded before import = 0
Start importing Assets/Assets/Tileset_50.asset using Guid(244a8a6ac7e1edb44a4f6bdeb9a3a65a) Importer(815301076,1909f56bfc062723c751e8b465ee728b)  -> (artifact id: 'd4f0183196ccd699e097743916782da0') in 0.012469 seconds 
Number of asset objects unloaded after import = 3
========================================================================
Received Import Request.
  Time since last request: 0.000023 seconds.
  path: Assets/Assets/Tileset_49.asset
  artifactKey: Guid(974b5c7799af88247873f469ad890620) Importer(815301076,1909f56bfc062723c751e8b465ee728b)
Number of updated assets reloaded before import = 0
Start importing Assets/Assets/Tileset_49.asset using Guid(974b5c7799af88247873f469ad890620) Importer(815301076,1909f56bfc062723c751e8b465ee728b)  -> (artifact id: 'a9331b8df563a34aa1d8c6ea4b4e99d5') in 0.011208 seconds 
Number of asset objects unloaded after import = 3
========================================================================
Received Import Request.
  Time since last request: 0.000017 seconds.
  path: Assets/Assets/Tileset_52.asset
  artifactKey: Guid(900224d54e3d77e449d32d977f20f2e0) Importer(815301076,1909f56bfc062723c751e8b465ee728b)
Number of updated assets reloaded before import = 0
Start importing Assets/Assets/Tileset_52.asset using Guid(900224d54e3d77e449d32d977f20f2e0) Importer(815301076,1909f56bfc062723c751e8b465ee728b)  -> (artifact id: 'cc4e310cdaed02b6a19db5a0df58af2a') in 0.011189 seconds 
Number of asset objects unloaded after import = 3
========================================================================
Received Import Request.
  Time since last request: 0.012476 seconds.
  path: Assets/Assets/Tileset_59.asset
  artifactKey: Guid(a17c1d92243a0ae4896382503c0ee9bc) Importer(815301076,1909f56bfc062723c751e8b465ee728b)
Number of updated assets reloaded before import = 0
Start importing Assets/Assets/Tileset_59.asset using Guid(a17c1d92243a0ae4896382503c0ee9bc) Importer(815301076,1909f56bfc062723c751e8b465ee728b)  -> (artifact id: '185fd0e36c1762366173ec158cd6affb') in 0.009802 seconds 
Number of asset objects unloaded after import = 3
========================================================================
Received Import Request.
  Time since last request: 2.408723 seconds.
  path: Assets/Assets/Tilesetv3_57.asset
  artifactKey: Guid(d8edddfce1f0bb44083a0d22a328b13e) Importer(815301076,1909f56bfc062723c751e8b465ee728b)
Number of updated assets reloaded before import = 0
Start importing Assets/Assets/Tilesetv3_57.asset using Guid(d8edddfce1f0bb44083a0d22a328b13e) Importer(815301076,1909f56bfc062723c751e8b465ee728b)  -> (artifact id: '3cb263d9bb9643baff2e39f1534d147b') in 0.013593 seconds 
Number of asset objects unloaded after import = 3
========================================================================
Received Import Request.
  Time since last request: 0.000015 seconds.
  path: Assets/Assets/Tilesetv3_64.asset
  artifactKey: Guid(ea57488a47558ce4faa31eac5f33341b) Importer(815301076,1909f56bfc062723c751e8b465ee728b)
Number of updated assets reloaded before import = 0
Start importing Assets/Assets/Tilesetv3_64.asset using Guid(ea57488a47558ce4faa31eac5f33341b) Importer(815301076,1909f56bfc062723c751e8b465ee728b)  -> (artifact id: '0af970d849b3e798c622010ab8be9418') in 0.013550 seconds 
Number of asset objects unloaded after import = 3
========================================================================
Received Import Request.
  Time since last request: 0.000013 seconds.
  path: Assets/Assets/Tilesetv3_70.asset
  artifactKey: Guid(346f79b5db82f234ab0903e779d80982) Importer(815301076,1909f56bfc062723c751e8b465ee728b)
Number of updated assets reloaded before import = 0
Start importing Assets/Assets/Tilesetv3_70.asset using Guid(346f79b5db82f234ab0903e779d80982) Importer(815301076,1909f56bfc062723c751e8b465ee728b)  -> (artifact id: '9493c92b233af25b37577b384ebd2c57') in 0.010807 seconds 
Number of asset objects unloaded after import = 3
========================================================================
Received Import Request.
  Time since last request: 0.000027 seconds.
  path: Assets/Assets/Tilesetv3_67.asset
  artifactKey: Guid(c1c14efecfa2b4e41b4d00019a3fa476) Importer(815301076,1909f56bfc062723c751e8b465ee728b)
Number of updated assets reloaded before import = 0
Start importing Assets/Assets/Tilesetv3_67.asset using Guid(c1c14efecfa2b4e41b4d00019a3fa476) Importer(815301076,1909f56bfc062723c751e8b465ee728b)  -> (artifact id: 'a36ee975907a014e537d5f9d801abaa4') in 0.011104 seconds 
Number of asset objects unloaded after import = 3
========================================================================
Received Import Request.
  Time since last request: 0.000019 seconds.
  path: Assets/Assets/Tilesetv3_66.asset
  artifactKey: Guid(5b50c774cb1b2404a84f591c019f5e7e) Importer(815301076,1909f56bfc062723c751e8b465ee728b)
Number of updated assets reloaded before import = 0
Start importing Assets/Assets/Tilesetv3_66.asset using Guid(5b50c774cb1b2404a84f591c019f5e7e) Importer(815301076,1909f56bfc062723c751e8b465ee728b)  -> (artifact id: '60b290c78de8181443701e6556a2dbdc') in 0.013643 seconds 
Number of asset objects unloaded after import = 3
========================================================================
Received Import Request.
  Time since last request: 0.000015 seconds.
  path: Assets/Assets/Tilesetv3_69.asset
  artifactKey: Guid(898a5b8631ab4b74199d2ced2e87a430) Importer(815301076,1909f56bfc062723c751e8b465ee728b)
Number of updated assets reloaded before import = 0
Start importing Assets/Assets/Tilesetv3_69.asset using Guid(898a5b8631ab4b74199d2ced2e87a430) Importer(815301076,1909f56bfc062723c751e8b465ee728b)  -> (artifact id: 'f9ee83dcfbca1a88fc4be4f3c92d182e') in 0.011883 seconds 
Number of asset objects unloaded after import = 3
========================================================================
Received Import Request.
  Time since last request: 0.000021 seconds.
  path: Assets/Assets/Tilesetv3_76.asset
  artifactKey: Guid(ac64bdfb49cc13945ae19196433c12bb) Importer(815301076,1909f56bfc062723c751e8b465ee728b)
Number of updated assets reloaded before import = 0
Start importing Assets/Assets/Tilesetv3_76.asset using Guid(ac64bdfb49cc13945ae19196433c12bb) Importer(815301076,1909f56bfc062723c751e8b465ee728b)  -> (artifact id: '0d52341917c6486f415d5d521fe50f70') in 0.011397 seconds 
Number of asset objects unloaded after import = 3
========================================================================
Received Import Request.
  Time since last request: 0.000017 seconds.
  path: Assets/Assets/Tilesetv3_82.asset
  artifactKey: Guid(d7bda49c812cdfd4c9f610ade1156192) Importer(815301076,1909f56bfc062723c751e8b465ee728b)
Number of updated assets reloaded before import = 0
Start importing Assets/Assets/Tilesetv3_82.asset using Guid(d7bda49c812cdfd4c9f610ade1156192) Importer(815301076,1909f56bfc062723c751e8b465ee728b)  -> (artifact id: '11581ae73896ce800f9757d08d0ab13b') in 0.011871 seconds 
Number of asset objects unloaded after import = 3
========================================================================
Received Import Request.
  Time since last request: 0.000017 seconds.
  path: Assets/Assets/Tilesetv3_81.asset
  artifactKey: Guid(2f06ba5c3f544964eaa68f6453a5876d) Importer(815301076,1909f56bfc062723c751e8b465ee728b)
Number of updated assets reloaded before import = 0
Start importing Assets/Assets/Tilesetv3_81.asset using Guid(2f06ba5c3f544964eaa68f6453a5876d) Importer(815301076,1909f56bfc062723c751e8b465ee728b)  -> (artifact id: '01fa5cd62cc44a3b57be09ee5e2776c0') in 0.012043 seconds 
Number of asset objects unloaded after import = 3
========================================================================
Received Import Request.
  Time since last request: 0.000016 seconds.
  path: Assets/Assets/Tilesetv3_79.asset
  artifactKey: Guid(c9e300b3f78c6e54aa02478504a4744f) Importer(815301076,1909f56bfc062723c751e8b465ee728b)
Number of updated assets reloaded before import = 0
Start importing Assets/Assets/Tilesetv3_79.asset using Guid(c9e300b3f78c6e54aa02478504a4744f) Importer(815301076,1909f56bfc062723c751e8b465ee728b)  -> (artifact id: 'b0f853e9e67442285378f67b7f8af779') in 0.012149 seconds 
Number of asset objects unloaded after import = 3
========================================================================
Received Import Request.
  Time since last request: 0.000024 seconds.
  path: Assets/Assets/Tilesetv3_73.asset
  artifactKey: Guid(518be1940c8928443a8b6d869be85d3c) Importer(815301076,1909f56bfc062723c751e8b465ee728b)
Number of updated assets reloaded before import = 0
Start importing Assets/Assets/Tilesetv3_73.asset using Guid(518be1940c8928443a8b6d869be85d3c) Importer(815301076,1909f56bfc062723c751e8b465ee728b)  -> (artifact id: '9f7a8a91a0c171f649c2e9acc809771e') in 0.010583 seconds 
Number of asset objects unloaded after import = 3
========================================================================
Received Import Request.
  Time since last request: 0.339541 seconds.
  path: Assets/Assets/Tilesetv3_83.asset
  artifactKey: Guid(25ab9cab47f17a24783190636dc78ffa) Importer(815301076,1909f56bfc062723c751e8b465ee728b)
Number of updated assets reloaded before import = 0
Start importing Assets/Assets/Tilesetv3_83.asset using Guid(25ab9cab47f17a24783190636dc78ffa) Importer(815301076,1909f56bfc062723c751e8b465ee728b)  -> (artifact id: '5770e54b0a07f1fc0b069bf10e2e8b3a') in 0.012844 seconds 
Number of asset objects unloaded after import = 3
========================================================================
Received Import Request.
  Time since last request: 0.000017 seconds.
  path: Assets/Assets/Tilesetv3_88.asset
  artifactKey: Guid(01935cc16b3b0674e9157aca7261403b) Importer(815301076,1909f56bfc062723c751e8b465ee728b)
Number of updated assets reloaded before import = 0
Start importing Assets/Assets/Tilesetv3_88.asset using Guid(01935cc16b3b0674e9157aca7261403b) Importer(815301076,1909f56bfc062723c751e8b465ee728b)  -> (artifact id: '83f985c5eb7da97c46533feb0d16d600') in 0.011907 seconds 
Number of asset objects unloaded after import = 3
========================================================================
Received Import Request.
  Time since last request: 0.000013 seconds.
  path: Assets/Assets/Tilesetv3_91.asset
  artifactKey: Guid(ccf31ce86a601ea449b4b97ee3fd62f7) Importer(815301076,1909f56bfc062723c751e8b465ee728b)
Number of updated assets reloaded before import = 0
Start importing Assets/Assets/Tilesetv3_91.asset using Guid(ccf31ce86a601ea449b4b97ee3fd62f7) Importer(815301076,1909f56bfc062723c751e8b465ee728b)  -> (artifact id: '3faeec4b0628dac83408c23cd75c143f') in 0.012584 seconds 
Number of asset objects unloaded after import = 3
========================================================================
Received Import Request.
  Time since last request: 0.000023 seconds.
  path: Assets/Assets/Tilesetv3_93.asset
  artifactKey: Guid(0d6776dae8a9cc84d815a94cc80b80d3) Importer(815301076,1909f56bfc062723c751e8b465ee728b)
Number of updated assets reloaded before import = 0
Start importing Assets/Assets/Tilesetv3_93.asset using Guid(0d6776dae8a9cc84d815a94cc80b80d3) Importer(815301076,1909f56bfc062723c751e8b465ee728b)  -> (artifact id: 'cb7c6e623af8fa729a14d238c1ae394e') in 0.011313 seconds 
Number of asset objects unloaded after import = 3
========================================================================
Received Import Request.
  Time since last request: 0.010848 seconds.
  path: Assets/Assets/Tilesetv3_95.asset
  artifactKey: Guid(984122db2a6e0354abb147d3d58e9ddf) Importer(815301076,1909f56bfc062723c751e8b465ee728b)
Number of updated assets reloaded before import = 0
Start importing Assets/Assets/Tilesetv3_95.asset using Guid(984122db2a6e0354abb147d3d58e9ddf) Importer(815301076,1909f56bfc062723c751e8b465ee728b)  -> (artifact id: '31c7e8aab17c25c8a66d80b9f731b182') in 0.012030 seconds 
Number of asset objects unloaded after import = 3
========================================================================
Received Import Request.
  Time since last request: 0.000017 seconds.
  path: Assets/Assets/Tilesetv3_103.asset
  artifactKey: Guid(c72e2d4aee8fb94489ff832c681d5441) Importer(815301076,1909f56bfc062723c751e8b465ee728b)
Number of updated assets reloaded before import = 0
Start importing Assets/Assets/Tilesetv3_103.asset using Guid(c72e2d4aee8fb94489ff832c681d5441) Importer(815301076,1909f56bfc062723c751e8b465ee728b)  -> (artifact id: '27ae5c28b6c7b6af9b212e189d05eb4c') in 0.012198 seconds 
Number of asset objects unloaded after import = 3
========================================================================
Received Import Request.
  Time since last request: 0.000026 seconds.
  path: Assets/Assets/Tilesetv3_106.asset
  artifactKey: Guid(30d4330800f51174f9aafda8d87bfba3) Importer(815301076,1909f56bfc062723c751e8b465ee728b)
Number of updated assets reloaded before import = 0
Start importing Assets/Assets/Tilesetv3_106.asset using Guid(30d4330800f51174f9aafda8d87bfba3) Importer(815301076,1909f56bfc062723c751e8b465ee728b)  -> (artifact id: '47370d06c15966e3a3e6a65e814b33ef') in 0.011323 seconds 
Number of asset objects unloaded after import = 3
========================================================================
Received Import Request.
  Time since last request: 0.000014 seconds.
  path: Assets/Assets/Tilesetv3_102.asset
  artifactKey: Guid(c8d8314a291aa11479d7a712c69262c1) Importer(815301076,1909f56bfc062723c751e8b465ee728b)
Number of updated assets reloaded before import = 0
Start importing Assets/Assets/Tilesetv3_102.asset using Guid(c8d8314a291aa11479d7a712c69262c1) Importer(815301076,1909f56bfc062723c751e8b465ee728b)  -> (artifact id: '60916c5b6c6e78e016a4636de1d8fc45') in 0.011908 seconds 
Number of asset objects unloaded after import = 3
========================================================================
Received Import Request.
  Time since last request: 0.399333 seconds.
  path: Assets/Assets/Tilesetv3_107.asset
  artifactKey: Guid(b31a22f33af7cc748a9ef7470a6cf5fc) Importer(815301076,1909f56bfc062723c751e8b465ee728b)
Number of updated assets reloaded before import = 0
Start importing Assets/Assets/Tilesetv3_107.asset using Guid(b31a22f33af7cc748a9ef7470a6cf5fc) Importer(815301076,1909f56bfc062723c751e8b465ee728b)  -> (artifact id: '6097aebd1466d6af79d2cf81661640ad') in 0.013844 seconds 
Number of asset objects unloaded after import = 3
========================================================================
Received Import Request.
  Time since last request: 0.000019 seconds.
  path: Assets/Assets/Tilesetv3_110.asset
  artifactKey: Guid(3d980fb4588c4a046acbe0598e326e80) Importer(815301076,1909f56bfc062723c751e8b465ee728b)
Number of updated assets reloaded before import = 0
Start importing Assets/Assets/Tilesetv3_110.asset using Guid(3d980fb4588c4a046acbe0598e326e80) Importer(815301076,1909f56bfc062723c751e8b465ee728b)  -> (artifact id: '6f120afbf1f2ed3c46da1828f6626c49') in 0.012962 seconds 
Number of asset objects unloaded after import = 3
========================================================================
Received Import Request.
  Time since last request: 0.000019 seconds.
  path: Assets/Assets/Tilesetv3_121.asset
  artifactKey: Guid(30a0bf8604e11e94e9c015b4ec3b3a2f) Importer(815301076,1909f56bfc062723c751e8b465ee728b)
Number of updated assets reloaded before import = 0
Start importing Assets/Assets/Tilesetv3_121.asset using Guid(30a0bf8604e11e94e9c015b4ec3b3a2f) Importer(815301076,1909f56bfc062723c751e8b465ee728b)  -> (artifact id: '0e39604deb3a47aa7baa13efd83a7fdf') in 0.011354 seconds 
Number of asset objects unloaded after import = 3
========================================================================
Received Import Request.
  Time since last request: 0.000020 seconds.
  path: Assets/Assets/Tilesetv3_124.asset
  artifactKey: Guid(54b3ca00cee302c4f8908ca8701e7ee0) Importer(815301076,1909f56bfc062723c751e8b465ee728b)
Number of updated assets reloaded before import = 0
Start importing Assets/Assets/Tilesetv3_124.asset using Guid(54b3ca00cee302c4f8908ca8701e7ee0) Importer(815301076,1909f56bfc062723c751e8b465ee728b)  -> (artifact id: '151e5c2d92d614644121327f91adc6ea') in 0.012177 seconds 
Number of asset objects unloaded after import = 3
========================================================================
Received Import Request.
  Time since last request: 0.000017 seconds.
  path: Assets/Assets/Tilesetv3_112.asset
  artifactKey: Guid(249e6d73fafef814bacb4dfdff04a6f2) Importer(815301076,1909f56bfc062723c751e8b465ee728b)
Number of updated assets reloaded before import = 0
Start importing Assets/Assets/Tilesetv3_112.asset using Guid(249e6d73fafef814bacb4dfdff04a6f2) Importer(815301076,1909f56bfc062723c751e8b465ee728b)  -> (artifact id: '282856f6de7a5105774bff0623f21ef8') in 0.011664 seconds 
Number of asset objects unloaded after import = 3
========================================================================
Received Import Request.
  Time since last request: 0.000016 seconds.
  path: Assets/Assets/Tilesetv3_138.asset
  artifactKey: Guid(12d9560ccb242ea47bc0e8dfb15da78e) Importer(815301076,1909f56bfc062723c751e8b465ee728b)
Number of updated assets reloaded before import = 0
Start importing Assets/Assets/Tilesetv3_138.asset using Guid(12d9560ccb242ea47bc0e8dfb15da78e) Importer(815301076,1909f56bfc062723c751e8b465ee728b)  -> (artifact id: 'd5fec5e1f96b61a59701bd5ce826cde4') in 0.010814 seconds 
Number of asset objects unloaded after import = 3
========================================================================
Received Import Request.
  Time since last request: 0.000027 seconds.
  path: Assets/Assets/Tilesetv3_135.asset
  artifactKey: Guid(ff0622e3d727b6740b200c8960dc77a2) Importer(815301076,1909f56bfc062723c751e8b465ee728b)
Number of updated assets reloaded before import = 0
Start importing Assets/Assets/Tilesetv3_135.asset using Guid(ff0622e3d727b6740b200c8960dc77a2) Importer(815301076,1909f56bfc062723c751e8b465ee728b)  -> (artifact id: 'c4bb0a21b328eb9cba40af80b5c70c04') in 0.011450 seconds 
Number of asset objects unloaded after import = 3
========================================================================
Received Import Request.
  Time since last request: 0.000019 seconds.
  path: Assets/Assets/Tilesetv3_129.asset
  artifactKey: Guid(4774864d768ad414881e0f7c36c89beb) Importer(815301076,1909f56bfc062723c751e8b465ee728b)
Number of updated assets reloaded before import = 0
Start importing Assets/Assets/Tilesetv3_129.asset using Guid(4774864d768ad414881e0f7c36c89beb) Importer(815301076,1909f56bfc062723c751e8b465ee728b)  -> (artifact id: '137a58b774bac5eaea7cdeb74d3d704e') in 0.011181 seconds 
Number of asset objects unloaded after import = 3
========================================================================
Received Import Request.
  Time since last request: 0.000017 seconds.
  path: Assets/Assets/Tilesetv3_154.asset
  artifactKey: Guid(725bd2a5bfa6c754a82ae98a80e49506) Importer(815301076,1909f56bfc062723c751e8b465ee728b)
Number of updated assets reloaded before import = 0
Start importing Assets/Assets/Tilesetv3_154.asset using Guid(725bd2a5bfa6c754a82ae98a80e49506) Importer(815301076,1909f56bfc062723c751e8b465ee728b)  -> (artifact id: '6453397555dd21da0ca23503dda25dda') in 0.013243 seconds 
Number of asset objects unloaded after import = 3
========================================================================
Received Import Request.
  Time since last request: 0.000020 seconds.
  path: Assets/Assets/Tilesetv3_143.asset
  artifactKey: Guid(e8b11a8f8424c104eb54f0ff2538b570) Importer(815301076,1909f56bfc062723c751e8b465ee728b)
Number of updated assets reloaded before import = 0
Start importing Assets/Assets/Tilesetv3_143.asset using Guid(e8b11a8f8424c104eb54f0ff2538b570) Importer(815301076,1909f56bfc062723c751e8b465ee728b)  -> (artifact id: 'be59c2faf3037d35cc27034bc4620a06') in 0.011619 seconds 
Number of asset objects unloaded after import = 3
========================================================================
Received Import Request.
  Time since last request: 0.000022 seconds.
  path: Assets/Assets/Tilesetv3_147.asset
  artifactKey: Guid(bcfa86a09cd5f8948a7c533775af9a2e) Importer(815301076,1909f56bfc062723c751e8b465ee728b)
Number of updated assets reloaded before import = 0
Start importing Assets/Assets/Tilesetv3_147.asset using Guid(bcfa86a09cd5f8948a7c533775af9a2e) Importer(815301076,1909f56bfc062723c751e8b465ee728b)  -> (artifact id: 'bee8e01f69e83caf2d6536dc29aa2bbd') in 0.011679 seconds 
Number of asset objects unloaded after import = 3
========================================================================
Received Import Request.
  Time since last request: 0.000019 seconds.
  path: Assets/Assets/Tilesetv3_150.asset
  artifactKey: Guid(0f3d6f888800d574d8353a164e3b2ca7) Importer(815301076,1909f56bfc062723c751e8b465ee728b)
Number of updated assets reloaded before import = 0
Start importing Assets/Assets/Tilesetv3_150.asset using Guid(0f3d6f888800d574d8353a164e3b2ca7) Importer(815301076,1909f56bfc062723c751e8b465ee728b)  -> (artifact id: '4e90984d9d4f5c67657bc5e8a30c3d13') in 0.012229 seconds 
Number of asset objects unloaded after import = 3
========================================================================
Received Import Request.
  Time since last request: 0.000018 seconds.
  path: Assets/Assets/Tilesetv3_130.asset
  artifactKey: Guid(f21d1f9e2ed09b445a3d5d72ec14321e) Importer(815301076,1909f56bfc062723c751e8b465ee728b)
Number of updated assets reloaded before import = 0
Start importing Assets/Assets/Tilesetv3_130.asset using Guid(f21d1f9e2ed09b445a3d5d72ec14321e) Importer(815301076,1909f56bfc062723c751e8b465ee728b)  -> (artifact id: '032b2b8460ca35cc7224297819e7c877') in 0.012306 seconds 
Number of asset objects unloaded after import = 3
========================================================================
Received Import Request.
  Time since last request: 0.000015 seconds.
  path: Assets/Assets/Tilesetv3_149.asset
  artifactKey: Guid(b30690e3f59d9c544a373fdfa9a3c6c4) Importer(815301076,1909f56bfc062723c751e8b465ee728b)
Number of updated assets reloaded before import = 0
Start importing Assets/Assets/Tilesetv3_149.asset using Guid(b30690e3f59d9c544a373fdfa9a3c6c4) Importer(815301076,1909f56bfc062723c751e8b465ee728b)  -> (artifact id: 'ff256090eae1459aeb08c2fd2db70980') in 0.010901 seconds 
Number of asset objects unloaded after import = 3
========================================================================
Received Import Request.
  Time since last request: 0.000022 seconds.
  path: Assets/Assets/Tilesetv3_131.asset
  artifactKey: Guid(13057eff06c2a1b4e81e574b5384e349) Importer(815301076,1909f56bfc062723c751e8b465ee728b)
Number of updated assets reloaded before import = 0
Start importing Assets/Assets/Tilesetv3_131.asset using Guid(13057eff06c2a1b4e81e574b5384e349) Importer(815301076,1909f56bfc062723c751e8b465ee728b)  -> (artifact id: 'ba6f3c663ee636e1a550cba365e7cae2') in 0.011316 seconds 
Number of asset objects unloaded after import = 3
========================================================================
Received Import Request.
  Time since last request: 0.000018 seconds.
  path: Assets/Assets/Tilesetv3_141.asset
  artifactKey: Guid(8abb16b56fc3fbb4b8edb70fa821610b) Importer(815301076,1909f56bfc062723c751e8b465ee728b)
Number of updated assets reloaded before import = 0
Start importing Assets/Assets/Tilesetv3_141.asset using Guid(8abb16b56fc3fbb4b8edb70fa821610b) Importer(815301076,1909f56bfc062723c751e8b465ee728b)  -> (artifact id: '09a9afdf1b416ef8561d103408e638e4') in 0.010907 seconds 
Number of asset objects unloaded after import = 3
========================================================================
Received Import Request.
  Time since last request: 0.473764 seconds.
  path: Assets/Assets/Tilesetv3_155.asset
  artifactKey: Guid(4a4f33132e3d52e4d9117c2039fc4142) Importer(815301076,1909f56bfc062723c751e8b465ee728b)
Number of updated assets reloaded before import = 0
Start importing Assets/Assets/Tilesetv3_155.asset using Guid(4a4f33132e3d52e4d9117c2039fc4142) Importer(815301076,1909f56bfc062723c751e8b465ee728b)  -> (artifact id: '56717d6ec369c4af0c6dde2c5912dfc8') in 0.012688 seconds 
Number of asset objects unloaded after import = 3
========================================================================
Received Import Request.
  Time since last request: 0.000028 seconds.
  path: Assets/Assets/Tilesetv3_163.asset
  artifactKey: Guid(62a5b553d70881245b4e47e8756eb649) Importer(815301076,1909f56bfc062723c751e8b465ee728b)
Number of updated assets reloaded before import = 0
Start importing Assets/Assets/Tilesetv3_163.asset using Guid(62a5b553d70881245b4e47e8756eb649) Importer(815301076,1909f56bfc062723c751e8b465ee728b)  -> (artifact id: 'b1ad51e10aff1dfa8bbdfdf06a00f4ac') in 0.011711 seconds 
Number of asset objects unloaded after import = 3
========================================================================
Received Import Request.
  Time since last request: 0.000017 seconds.
  path: Assets/Assets/Tilesetv3_169.asset
  artifactKey: Guid(cdbfffca42e67a747bba78d435cda56b) Importer(815301076,1909f56bfc062723c751e8b465ee728b)
Number of updated assets reloaded before import = 0
Start importing Assets/Assets/Tilesetv3_169.asset using Guid(cdbfffca42e67a747bba78d435cda56b) Importer(815301076,1909f56bfc062723c751e8b465ee728b)  -> (artifact id: '2f4009f44644a05e79aed5bf84455f46') in 0.014216 seconds 
Number of asset objects unloaded after import = 3
========================================================================
Received Import Request.
  Time since last request: 0.000019 seconds.
  path: Assets/Assets/Tilesetv3_158.asset
  artifactKey: Guid(62eaaf6e6be7e0d4aa23eebcb9d7e43a) Importer(815301076,1909f56bfc062723c751e8b465ee728b)
Number of updated assets reloaded before import = 0
Start importing Assets/Assets/Tilesetv3_158.asset using Guid(62eaaf6e6be7e0d4aa23eebcb9d7e43a) Importer(815301076,1909f56bfc062723c751e8b465ee728b)  -> (artifact id: '9a3639fb40c067f298f30afe1c31810e') in 0.009720 seconds 
Number of asset objects unloaded after import = 3
========================================================================
Received Import Request.
  Time since last request: 0.000019 seconds.
  path: Assets/Assets/Tilesetv3_161.asset
  artifactKey: Guid(db0be6e43f5a7594e9406cffb60c38dd) Importer(815301076,1909f56bfc062723c751e8b465ee728b)
Number of updated assets reloaded before import = 0
Start importing Assets/Assets/Tilesetv3_161.asset using Guid(db0be6e43f5a7594e9406cffb60c38dd) Importer(815301076,1909f56bfc062723c751e8b465ee728b)  -> (artifact id: 'a02d2ff3b23f2408ae01775cdaad0780') in 0.010105 seconds 
Number of asset objects unloaded after import = 3
========================================================================
Received Import Request.
  Time since last request: 0.000016 seconds.
  path: Assets/Assets/Tilesetv3_189.asset
  artifactKey: Guid(a28efc5ead57c7444a37942a10e3f13c) Importer(815301076,1909f56bfc062723c751e8b465ee728b)
Number of updated assets reloaded before import = 0
Start importing Assets/Assets/Tilesetv3_189.asset using Guid(a28efc5ead57c7444a37942a10e3f13c) Importer(815301076,1909f56bfc062723c751e8b465ee728b)  -> (artifact id: 'c38950b58b9208fe0cfc09fd3b976015') in 0.014852 seconds 
Number of asset objects unloaded after import = 3
========================================================================
Received Import Request.
  Time since last request: 0.000028 seconds.
  path: Assets/Assets/Tilesetv3_181.asset
  artifactKey: Guid(5d4f5de61e02892408ca02830d2b76ef) Importer(815301076,1909f56bfc062723c751e8b465ee728b)
Number of updated assets reloaded before import = 0
Start importing Assets/Assets/Tilesetv3_181.asset using Guid(5d4f5de61e02892408ca02830d2b76ef) Importer(815301076,1909f56bfc062723c751e8b465ee728b)  -> (artifact id: '28fe215a88feeba3b377e13c4f6a4d8a') in 0.011187 seconds 
Number of asset objects unloaded after import = 3
========================================================================
Received Import Request.
  Time since last request: 0.000030 seconds.
  path: Assets/Assets/Tilesetv3_159.asset
  artifactKey: Guid(0ced5c3aa008f834cb93b1b1c666cc08) Importer(815301076,1909f56bfc062723c751e8b465ee728b)
Number of updated assets reloaded before import = 0
Start importing Assets/Assets/Tilesetv3_159.asset using Guid(0ced5c3aa008f834cb93b1b1c666cc08) Importer(815301076,1909f56bfc062723c751e8b465ee728b)  -> (artifact id: 'd7833a83bace9649b4ae3deadeb54d2e') in 0.013425 seconds 
Number of asset objects unloaded after import = 3
========================================================================
Received Import Request.
  Time since last request: 0.000022 seconds.
  path: Assets/Assets/Tilesetv3_178.asset
  artifactKey: Guid(df61f59202749a64b8a8b609c0faa905) Importer(815301076,1909f56bfc062723c751e8b465ee728b)
Number of updated assets reloaded before import = 0
Start importing Assets/Assets/Tilesetv3_178.asset using Guid(df61f59202749a64b8a8b609c0faa905) Importer(815301076,1909f56bfc062723c751e8b465ee728b)  -> (artifact id: '4ebdd7dcc030a3717a5fec1707dd7fa5') in 0.012051 seconds 
Number of asset objects unloaded after import = 3
========================================================================
Received Import Request.
  Time since last request: 0.000014 seconds.
  path: Assets/Assets/Tilesetv3_185.asset
  artifactKey: Guid(54e44b1a3bf074f41991e7814dfbadf2) Importer(815301076,1909f56bfc062723c751e8b465ee728b)
Number of updated assets reloaded before import = 0
Start importing Assets/Assets/Tilesetv3_185.asset using Guid(54e44b1a3bf074f41991e7814dfbadf2) Importer(815301076,1909f56bfc062723c751e8b465ee728b)  -> (artifact id: 'ff9ef38d4e445ffbd09ba5045dbb6f36') in 0.010701 seconds 
Number of asset objects unloaded after import = 3
========================================================================
Received Import Request.
  Time since last request: 0.000023 seconds.
  path: Assets/Assets/Tilesetv3_168.asset
  artifactKey: Guid(4972b51a4b69c55448ccb4a0bda6c4c6) Importer(815301076,1909f56bfc062723c751e8b465ee728b)
Number of updated assets reloaded before import = 0
Start importing Assets/Assets/Tilesetv3_168.asset using Guid(4972b51a4b69c55448ccb4a0bda6c4c6) Importer(815301076,1909f56bfc062723c751e8b465ee728b)  -> (artifact id: '18dfcdb08a4e22cb7657ea5d104a20b7') in 0.012553 seconds 
Number of asset objects unloaded after import = 3
========================================================================
Received Import Request.
  Time since last request: 0.000029 seconds.
  path: Assets/Assets/Tilesetv3_177.asset
  artifactKey: Guid(b388e13759fe9984d9404b728cbcb4b9) Importer(815301076,1909f56bfc062723c751e8b465ee728b)
Number of updated assets reloaded before import = 0
Start importing Assets/Assets/Tilesetv3_177.asset using Guid(b388e13759fe9984d9404b728cbcb4b9) Importer(815301076,1909f56bfc062723c751e8b465ee728b)  -> (artifact id: 'a8ce3d08be3ddbb5f35e1e9d469f25f3') in 0.010490 seconds 
Number of asset objects unloaded after import = 3
========================================================================
Received Import Request.
  Time since last request: 2.521589 seconds.
  path: Assets/Assets/Tilesetv3_191.asset
  artifactKey: Guid(27fa3ce5d5813bf4e8c509aadb77ac24) Importer(815301076,1909f56bfc062723c751e8b465ee728b)
Number of updated assets reloaded before import = 0
Start importing Assets/Assets/Tilesetv3_191.asset using Guid(27fa3ce5d5813bf4e8c509aadb77ac24) Importer(815301076,1909f56bfc062723c751e8b465ee728b)  -> (artifact id: '5d55f9b10bf88309cc172325624eba74') in 0.014689 seconds 
Number of asset objects unloaded after import = 3
========================================================================
Received Import Request.
  Time since last request: 0.000016 seconds.
  path: Assets/Assets/Tilesetv3_202.asset
  artifactKey: Guid(9618c3ed7e4f7e549b845222f677447d) Importer(815301076,1909f56bfc062723c751e8b465ee728b)
Number of updated assets reloaded before import = 0
Start importing Assets/Assets/Tilesetv3_202.asset using Guid(9618c3ed7e4f7e549b845222f677447d) Importer(815301076,1909f56bfc062723c751e8b465ee728b)  -> (artifact id: 'fd99bc5c2886b937a816caeca368ac36') in 0.011646 seconds 
Number of asset objects unloaded after import = 3
========================================================================
Received Import Request.
  Time since last request: 0.000016 seconds.
  path: Assets/Assets/Tilesetv3_214.asset
  artifactKey: Guid(0f092a84b1463574781227d457eae500) Importer(815301076,1909f56bfc062723c751e8b465ee728b)
Number of updated assets reloaded before import = 0
Start importing Assets/Assets/Tilesetv3_214.asset using Guid(0f092a84b1463574781227d457eae500) Importer(815301076,1909f56bfc062723c751e8b465ee728b)  -> (artifact id: '1333065e0346b55f458ae61ff307f9b6') in 0.010874 seconds 
Number of asset objects unloaded after import = 3
========================================================================
Received Import Request.
  Time since last request: 0.000015 seconds.
  path: Assets/Assets/Tilesetv3_212.asset
  artifactKey: Guid(77f5898e7ab07f540880c6a8787e008d) Importer(815301076,1909f56bfc062723c751e8b465ee728b)
Number of updated assets reloaded before import = 0
Start importing Assets/Assets/Tilesetv3_212.asset using Guid(77f5898e7ab07f540880c6a8787e008d) Importer(815301076,1909f56bfc062723c751e8b465ee728b)  -> (artifact id: 'a8a2e285b5acd5623658b069655c36cb') in 0.011673 seconds 
Number of asset objects unloaded after import = 3
========================================================================
Received Import Request.
  Time since last request: 0.000013 seconds.
  path: Assets/Assets/Tilesetv3_213.asset
  artifactKey: Guid(05e88b3c7e5f5d94dacba490546a6b9c) Importer(815301076,1909f56bfc062723c751e8b465ee728b)
Number of updated assets reloaded before import = 0
Start importing Assets/Assets/Tilesetv3_213.asset using Guid(05e88b3c7e5f5d94dacba490546a6b9c) Importer(815301076,1909f56bfc062723c751e8b465ee728b)  -> (artifact id: 'f054b9b8dc229e3a2cb25b87a764bb1e') in 0.010499 seconds 
Number of asset objects unloaded after import = 3
========================================================================
Received Import Request.
  Time since last request: 0.000016 seconds.
  path: Assets/Assets/Tilesetv3_200.asset
  artifactKey: Guid(1b2b23d28e1cbd244b56a589a46c32e3) Importer(815301076,1909f56bfc062723c751e8b465ee728b)
Number of updated assets reloaded before import = 0
Start importing Assets/Assets/Tilesetv3_200.asset using Guid(1b2b23d28e1cbd244b56a589a46c32e3) Importer(815301076,1909f56bfc062723c751e8b465ee728b)  -> (artifact id: 'fbf84f9de12011ace89f1342bfbcc3cb') in 0.011711 seconds 
Number of asset objects unloaded after import = 3
========================================================================
Received Import Request.
  Time since last request: 0.000015 seconds.
  path: Assets/Assets/Tilesetv3_208.asset
  artifactKey: Guid(a59f6b4221d4e5f46b64fc8d67a00aa0) Importer(815301076,1909f56bfc062723c751e8b465ee728b)
Number of updated assets reloaded before import = 0
Start importing Assets/Assets/Tilesetv3_208.asset using Guid(a59f6b4221d4e5f46b64fc8d67a00aa0) Importer(815301076,1909f56bfc062723c751e8b465ee728b)  -> (artifact id: 'dc60986c3578a8592dbd6b14ff0e90db') in 0.010331 seconds 
Number of asset objects unloaded after import = 3
========================================================================
Received Import Request.
  Time since last request: 0.000014 seconds.
  path: Assets/Assets/Tilesetv3_206.asset
  artifactKey: Guid(7d3bc2683832739469338eda1324032e) Importer(815301076,1909f56bfc062723c751e8b465ee728b)
Number of updated assets reloaded before import = 0
Start importing Assets/Assets/Tilesetv3_206.asset using Guid(7d3bc2683832739469338eda1324032e) Importer(815301076,1909f56bfc062723c751e8b465ee728b)  -> (artifact id: '8bf631d6b3ffb333d61e679b4b210f2f') in 0.010387 seconds 
Number of asset objects unloaded after import = 3
========================================================================
Received Import Request.
  Time since last request: 0.095296 seconds.
  path: Assets/Assets/Tilesetv3_215.asset
  artifactKey: Guid(cc3a4808e0d76df4386b7663b5e9fc38) Importer(815301076,1909f56bfc062723c751e8b465ee728b)
Number of updated assets reloaded before import = 0
Start importing Assets/Assets/Tilesetv3_215.asset using Guid(cc3a4808e0d76df4386b7663b5e9fc38) Importer(815301076,1909f56bfc062723c751e8b465ee728b)  -> (artifact id: 'f58155dd506f30805a5e49500a5dfc3e') in 0.012274 seconds 
Number of asset objects unloaded after import = 3
========================================================================
Received Import Request.
  Time since last request: 0.000023 seconds.
  path: Assets/Assets/Tilesetv3_226.asset
  artifactKey: Guid(c5a8cd72a9fac9a4a922983f12f08639) Importer(815301076,1909f56bfc062723c751e8b465ee728b)
Number of updated assets reloaded before import = 0
Start importing Assets/Assets/Tilesetv3_226.asset using Guid(c5a8cd72a9fac9a4a922983f12f08639) Importer(815301076,1909f56bfc062723c751e8b465ee728b)  -> (artifact id: '0c2ac54f8562b2c29dc4a62bf562a072') in 0.015202 seconds 
Number of asset objects unloaded after import = 3
========================================================================
Received Import Request.
  Time since last request: 0.000021 seconds.
  path: Assets/Assets/Tilesetv3_221.asset
  artifactKey: Guid(e2a93c3f84bea924e987c6ba995829d1) Importer(815301076,1909f56bfc062723c751e8b465ee728b)
Number of updated assets reloaded before import = 0
Start importing Assets/Assets/Tilesetv3_221.asset using Guid(e2a93c3f84bea924e987c6ba995829d1) Importer(815301076,1909f56bfc062723c751e8b465ee728b)  -> (artifact id: '43451c83deb9fd74c1d4cd924ebf9a80') in 0.012203 seconds 
Number of asset objects unloaded after import = 3
========================================================================
Received Import Request.
  Time since last request: 0.000017 seconds.
  path: Assets/Assets/Tilesetv3_222.asset
  artifactKey: Guid(2a98c303efc6f3f4286a8ecc791b1994) Importer(815301076,1909f56bfc062723c751e8b465ee728b)
Number of updated assets reloaded before import = 0
Start importing Assets/Assets/Tilesetv3_222.asset using Guid(2a98c303efc6f3f4286a8ecc791b1994) Importer(815301076,1909f56bfc062723c751e8b465ee728b)  -> (artifact id: '06791035b4072dda4882ec8da9d1174e') in 0.010887 seconds 
Number of asset objects unloaded after import = 3
========================================================================
Received Import Request.
  Time since last request: 0.000017 seconds.
  path: Assets/Assets/Tilesetv3_228.asset
  artifactKey: Guid(92afc53b002d5334db81109e0d7167b3) Importer(815301076,1909f56bfc062723c751e8b465ee728b)
Number of updated assets reloaded before import = 0
Start importing Assets/Assets/Tilesetv3_228.asset using Guid(92afc53b002d5334db81109e0d7167b3) Importer(815301076,1909f56bfc062723c751e8b465ee728b)  -> (artifact id: '66c08c1b45c4ab60fc9df2ba76e524ae') in 0.012332 seconds 
Number of asset objects unloaded after import = 3
========================================================================
Received Import Request.
  Time since last request: 0.000012 seconds.
  path: Assets/Assets/Tilesetv3_237.asset
  artifactKey: Guid(effe9ac988665094fa7fef8c8e8e7120) Importer(815301076,1909f56bfc062723c751e8b465ee728b)
Number of updated assets reloaded before import = 0
Start importing Assets/Assets/Tilesetv3_237.asset using Guid(effe9ac988665094fa7fef8c8e8e7120) Importer(815301076,1909f56bfc062723c751e8b465ee728b)  -> (artifact id: '0dac1e0bda1fed76e7a22b7e3232998b') in 0.011999 seconds 
Number of asset objects unloaded after import = 3
========================================================================
Received Import Request.
  Time since last request: 0.000022 seconds.
  path: Assets/Assets/Tilesetv3_256.asset
  artifactKey: Guid(98a3fcaff7111a145a40e0f0dbd24b65) Importer(815301076,1909f56bfc062723c751e8b465ee728b)
Number of updated assets reloaded before import = 0
Start importing Assets/Assets/Tilesetv3_256.asset using Guid(98a3fcaff7111a145a40e0f0dbd24b65) Importer(815301076,1909f56bfc062723c751e8b465ee728b)  -> (artifact id: '39f0e673e9aa8530d11385e7c4284636') in 0.011977 seconds 
Number of asset objects unloaded after import = 3
========================================================================
Received Import Request.
  Time since last request: 0.000023 seconds.
  path: Assets/Assets/Tilesetv3_262.asset
  artifactKey: Guid(ab065748fd885fc4aa7583f53f4de568) Importer(815301076,1909f56bfc062723c751e8b465ee728b)
Number of updated assets reloaded before import = 0
Start importing Assets/Assets/Tilesetv3_262.asset using Guid(ab065748fd885fc4aa7583f53f4de568) Importer(815301076,1909f56bfc062723c751e8b465ee728b)  -> (artifact id: '8c977dcbda630eed6b64b2cbb8a1e8b8') in 0.012020 seconds 
Number of asset objects unloaded after import = 3
========================================================================
Received Import Request.
  Time since last request: 0.000014 seconds.
  path: Assets/Assets/Tilesetv3_244.asset
  artifactKey: Guid(33a0688cdafd2464281a6849efa0c6b1) Importer(815301076,1909f56bfc062723c751e8b465ee728b)
Number of updated assets reloaded before import = 0
Start importing Assets/Assets/Tilesetv3_244.asset using Guid(33a0688cdafd2464281a6849efa0c6b1) Importer(815301076,1909f56bfc062723c751e8b465ee728b)  -> (artifact id: '1347a61f875dc127bc684dd966237fe8') in 0.012237 seconds 
Number of asset objects unloaded after import = 3
========================================================================
Received Import Request.
  Time since last request: 0.000020 seconds.
  path: Assets/Assets/Tilesetv3_253.asset
  artifactKey: Guid(6d64f860b3cfcf64fa7de542014c06bd) Importer(815301076,1909f56bfc062723c751e8b465ee728b)
Number of updated assets reloaded before import = 0
Start importing Assets/Assets/Tilesetv3_253.asset using Guid(6d64f860b3cfcf64fa7de542014c06bd) Importer(815301076,1909f56bfc062723c751e8b465ee728b)  -> (artifact id: 'bfe517b1410186bf96d8b4c4b41a70d9') in 0.012956 seconds 
Number of asset objects unloaded after import = 3
========================================================================
Received Import Request.
  Time since last request: 0.000025 seconds.
  path: Assets/Assets/Tilesetv3_252.asset
  artifactKey: Guid(9fc0d65f9e5b74744bc5ae8cfb1ed7af) Importer(815301076,1909f56bfc062723c751e8b465ee728b)
Number of updated assets reloaded before import = 0
Start importing Assets/Assets/Tilesetv3_252.asset using Guid(9fc0d65f9e5b74744bc5ae8cfb1ed7af) Importer(815301076,1909f56bfc062723c751e8b465ee728b)  -> (artifact id: '8d50760d98a7e58003c728ac72c6208b') in 0.011413 seconds 
Number of asset objects unloaded after import = 3
========================================================================
Received Import Request.
  Time since last request: 0.000030 seconds.
  path: Assets/Assets/Tilesetv3_255.asset
  artifactKey: Guid(a6fdb0e0d7809d943b4860be3338459d) Importer(815301076,1909f56bfc062723c751e8b465ee728b)
Number of updated assets reloaded before import = 0
Start importing Assets/Assets/Tilesetv3_255.asset using Guid(a6fdb0e0d7809d943b4860be3338459d) Importer(815301076,1909f56bfc062723c751e8b465ee728b)  -> (artifact id: '705eaa497969caf6fe99cc5ffc5f61ef') in 0.011848 seconds 
Number of asset objects unloaded after import = 3
========================================================================
Received Import Request.
  Time since last request: 0.000016 seconds.
  path: Assets/Assets/Tilesetv3_230.asset
  artifactKey: Guid(31761a19446367f4cabd6cedb3a72d68) Importer(815301076,1909f56bfc062723c751e8b465ee728b)
Number of updated assets reloaded before import = 0
Start importing Assets/Assets/Tilesetv3_230.asset using Guid(31761a19446367f4cabd6cedb3a72d68) Importer(815301076,1909f56bfc062723c751e8b465ee728b)  -> (artifact id: '5c4fdeee2ba6137d04ed0f4b5ef3c15a') in 0.011310 seconds 
Number of asset objects unloaded after import = 3
========================================================================
Received Import Request.
  Time since last request: 0.000024 seconds.
  path: Assets/Assets/Tilesetv3_242.asset
  artifactKey: Guid(57fa0fa33727d754680a8e7da3599ded) Importer(815301076,1909f56bfc062723c751e8b465ee728b)
Number of updated assets reloaded before import = 0
Start importing Assets/Assets/Tilesetv3_242.asset using Guid(57fa0fa33727d754680a8e7da3599ded) Importer(815301076,1909f56bfc062723c751e8b465ee728b)  -> (artifact id: '27d211b90ddfea19d0dcdcd56017dfda') in 0.011541 seconds 
Number of asset objects unloaded after import = 3
========================================================================
Received Import Request.
  Time since last request: 0.000013 seconds.
  path: Assets/Assets/Tilesetv3_243.asset
  artifactKey: Guid(08f22f3c92dda6d46ac9ef8a7ab7cd05) Importer(815301076,1909f56bfc062723c751e8b465ee728b)
Number of updated assets reloaded before import = 0
Start importing Assets/Assets/Tilesetv3_243.asset using Guid(08f22f3c92dda6d46ac9ef8a7ab7cd05) Importer(815301076,1909f56bfc062723c751e8b465ee728b)  -> (artifact id: 'f26d4fc6ad948066bb4662ab292ac794') in 0.011912 seconds 
Number of asset objects unloaded after import = 3
========================================================================
Received Import Request.
  Time since last request: 0.000025 seconds.
  path: Assets/Assets/Tilesetv3_258.asset
  artifactKey: Guid(f9a394d85395d9e46bd944a249684a82) Importer(815301076,1909f56bfc062723c751e8b465ee728b)
Number of updated assets reloaded before import = 0
Start importing Assets/Assets/Tilesetv3_258.asset using Guid(f9a394d85395d9e46bd944a249684a82) Importer(815301076,1909f56bfc062723c751e8b465ee728b)  -> (artifact id: 'c128ef5f788ff5fd161b10c9a04a60ec') in 0.012155 seconds 
Number of asset objects unloaded after import = 3
========================================================================
Received Import Request.
  Time since last request: 0.066984 seconds.
  path: Assets/Assets/Tilesetv3_263.asset
  artifactKey: Guid(937913d105db3324e8cabcd10374df78) Importer(815301076,1909f56bfc062723c751e8b465ee728b)
Number of updated assets reloaded before import = 0
Start importing Assets/Assets/Tilesetv3_263.asset using Guid(937913d105db3324e8cabcd10374df78) Importer(815301076,1909f56bfc062723c751e8b465ee728b)  -> (artifact id: '7c23cacd31961fb78e1c3d6a6baf38b5') in 0.012768 seconds 
Number of asset objects unloaded after import = 3
========================================================================
Received Import Request.
  Time since last request: 0.000017 seconds.
  path: Assets/Assets/Tilesetv3_273.asset
  artifactKey: Guid(dc5c48c87c4b84841ba9c5c32bca9785) Importer(815301076,1909f56bfc062723c751e8b465ee728b)
Number of updated assets reloaded before import = 0
Start importing Assets/Assets/Tilesetv3_273.asset using Guid(dc5c48c87c4b84841ba9c5c32bca9785) Importer(815301076,1909f56bfc062723c751e8b465ee728b)  -> (artifact id: 'e93c40aac233cb41b1fa585a1a5619a4') in 0.011223 seconds 
Number of asset objects unloaded after import = 3
========================================================================
Received Import Request.
  Time since last request: 0.000017 seconds.
  path: Assets/Assets/Tilesetv3_284.asset
  artifactKey: Guid(2d7dc9ebffdae1a439ed07e6c6d07b95) Importer(815301076,1909f56bfc062723c751e8b465ee728b)
Number of updated assets reloaded before import = 0
Start importing Assets/Assets/Tilesetv3_284.asset using Guid(2d7dc9ebffdae1a439ed07e6c6d07b95) Importer(815301076,1909f56bfc062723c751e8b465ee728b)  -> (artifact id: '8557b3119b346df53e1ab26251a9d420') in 0.012633 seconds 
Number of asset objects unloaded after import = 3
========================================================================
Received Import Request.
  Time since last request: 0.000017 seconds.
  path: Assets/Assets/Tilesetv3_289.asset
  artifactKey: Guid(bacbaf1c24d4aa840baba561ffb12355) Importer(815301076,1909f56bfc062723c751e8b465ee728b)
Number of updated assets reloaded before import = 0
Start importing Assets/Assets/Tilesetv3_289.asset using Guid(bacbaf1c24d4aa840baba561ffb12355) Importer(815301076,1909f56bfc062723c751e8b465ee728b)  -> (artifact id: 'df586c76517005b243d930ce9db47aff') in 0.012244 seconds 
Number of asset objects unloaded after import = 3
========================================================================
Received Import Request.
  Time since last request: 0.000020 seconds.
  path: Assets/Assets/Tilesetv3_269.asset
  artifactKey: Guid(6d4a0f85fa6cc8242b7efe63dfd22628) Importer(815301076,1909f56bfc062723c751e8b465ee728b)
Number of updated assets reloaded before import = 0
Start importing Assets/Assets/Tilesetv3_269.asset using Guid(6d4a0f85fa6cc8242b7efe63dfd22628) Importer(815301076,1909f56bfc062723c751e8b465ee728b)  -> (artifact id: '6c5251c71117f03dbaf6b0cc9e016ee4') in 0.011960 seconds 
Number of asset objects unloaded after import = 3
========================================================================
Received Import Request.
  Time since last request: 0.000015 seconds.
  path: Assets/Assets/Tilesetv3_271.asset
  artifactKey: Guid(b5653a5a480994440bd13df6a8ec30ee) Importer(815301076,1909f56bfc062723c751e8b465ee728b)
Number of updated assets reloaded before import = 0
Start importing Assets/Assets/Tilesetv3_271.asset using Guid(b5653a5a480994440bd13df6a8ec30ee) Importer(815301076,1909f56bfc062723c751e8b465ee728b)  -> (artifact id: '47e78fc323ffa606671d02d645f83978') in 0.011654 seconds 
Number of asset objects unloaded after import = 3
========================================================================
Received Import Request.
  Time since last request: 0.000021 seconds.
  path: Assets/Assets/Tilesetv3_315.asset
  artifactKey: Guid(875504261f890294eaf27953d2058927) Importer(815301076,1909f56bfc062723c751e8b465ee728b)
Number of updated assets reloaded before import = 0
Start importing Assets/Assets/Tilesetv3_315.asset using Guid(875504261f890294eaf27953d2058927) Importer(815301076,1909f56bfc062723c751e8b465ee728b)  -> (artifact id: '5b68770066343eb5e615664008854662') in 0.012129 seconds 
Number of asset objects unloaded after import = 3
========================================================================
Received Import Request.
  Time since last request: 0.000034 seconds.
  path: Assets/Assets/Tilesetv3_278.asset
  artifactKey: Guid(770117b35a357234fa68b5d527ff264b) Importer(815301076,1909f56bfc062723c751e8b465ee728b)
Number of updated assets reloaded before import = 0
Start importing Assets/Assets/Tilesetv3_278.asset using Guid(770117b35a357234fa68b5d527ff264b) Importer(815301076,1909f56bfc062723c751e8b465ee728b)  -> (artifact id: 'ebe22b5d909bfb3b276200fc9140a5d3') in 0.011307 seconds 
Number of asset objects unloaded after import = 3
========================================================================
Received Import Request.
  Time since last request: 0.000017 seconds.
  path: Assets/Assets/Tilesetv3_267.asset
  artifactKey: Guid(0e741d884c079af478d2f385e82ee3e6) Importer(815301076,1909f56bfc062723c751e8b465ee728b)
Number of updated assets reloaded before import = 0
Start importing Assets/Assets/Tilesetv3_267.asset using Guid(0e741d884c079af478d2f385e82ee3e6) Importer(815301076,1909f56bfc062723c751e8b465ee728b)  -> (artifact id: '95cc9fb1c638a80f1da323326e6fe28f') in 0.011274 seconds 
Number of asset objects unloaded after import = 3
========================================================================
Received Import Request.
  Time since last request: 0.000022 seconds.
  path: Assets/Assets/Tilesetv3_317.asset
  artifactKey: Guid(3aa27a90018aaa2479c8ba61f3a33802) Importer(815301076,1909f56bfc062723c751e8b465ee728b)
Number of updated assets reloaded before import = 0
Start importing Assets/Assets/Tilesetv3_317.asset using Guid(3aa27a90018aaa2479c8ba61f3a33802) Importer(815301076,1909f56bfc062723c751e8b465ee728b)  -> (artifact id: 'c2de7dfdef7f5a09f340364b90537c25') in 0.013245 seconds 
Number of asset objects unloaded after import = 3
========================================================================
Received Import Request.
  Time since last request: 0.000024 seconds.
  path: Assets/Assets/Tilesetv3_311.asset
  artifactKey: Guid(4c657e3093208614488d462bacd31423) Importer(815301076,1909f56bfc062723c751e8b465ee728b)
Number of updated assets reloaded before import = 0
Start importing Assets/Assets/Tilesetv3_311.asset using Guid(4c657e3093208614488d462bacd31423) Importer(815301076,1909f56bfc062723c751e8b465ee728b)  -> (artifact id: '82e7ca450b898dc7f5d54f2bfef000b5') in 0.012585 seconds 
Number of asset objects unloaded after import = 3
========================================================================
Received Import Request.
  Time since last request: 0.000016 seconds.
  path: Assets/Assets/Tilesetv3_306.asset
  artifactKey: Guid(a79bdedbf0568f64496cb27f9da27a4b) Importer(815301076,1909f56bfc062723c751e8b465ee728b)
Number of updated assets reloaded before import = 0
Start importing Assets/Assets/Tilesetv3_306.asset using Guid(a79bdedbf0568f64496cb27f9da27a4b) Importer(815301076,1909f56bfc062723c751e8b465ee728b)  -> (artifact id: '96cdbb48e6627d4c0f7dd67002048f9d') in 0.012408 seconds 
Number of asset objects unloaded after import = 3
========================================================================
Received Import Request.
  Time since last request: 0.000018 seconds.
  path: Assets/Assets/Tilesetv3_297.asset
  artifactKey: Guid(8345892bf8cc55f4c88e957d8315dd41) Importer(815301076,1909f56bfc062723c751e8b465ee728b)
Number of updated assets reloaded before import = 0
Start importing Assets/Assets/Tilesetv3_297.asset using Guid(8345892bf8cc55f4c88e957d8315dd41) Importer(815301076,1909f56bfc062723c751e8b465ee728b)  -> (artifact id: '1c21fa5a38b8e3cddcb87015c6397cc8') in 0.013181 seconds 
Number of asset objects unloaded after import = 3
========================================================================
Received Import Request.
  Time since last request: 0.000016 seconds.
  path: Assets/Assets/Tilesetv3_286.asset
  artifactKey: Guid(c001b644371279940b1741543da2637d) Importer(815301076,1909f56bfc062723c751e8b465ee728b)
Number of updated assets reloaded before import = 0
Start importing Assets/Assets/Tilesetv3_286.asset using Guid(c001b644371279940b1741543da2637d) Importer(815301076,1909f56bfc062723c751e8b465ee728b)  -> (artifact id: '96d42a7b94e723e93e6ca6daf0329dde') in 0.012620 seconds 
Number of asset objects unloaded after import = 3
========================================================================
Received Import Request.
  Time since last request: 0.000018 seconds.
  path: Assets/Assets/Tilesetv3_280.asset
  artifactKey: Guid(e94c7069da2af1c4689590eea2c10398) Importer(815301076,1909f56bfc062723c751e8b465ee728b)
Number of updated assets reloaded before import = 0
Start importing Assets/Assets/Tilesetv3_280.asset using Guid(e94c7069da2af1c4689590eea2c10398) Importer(815301076,1909f56bfc062723c751e8b465ee728b)  -> (artifact id: 'a5a9a421eac16c2c13b6cdfc7adaf657') in 0.012209 seconds 
Number of asset objects unloaded after import = 3
========================================================================
Received Import Request.
  Time since last request: 0.000022 seconds.
  path: Assets/Assets/Tilesetv3_318.asset
  artifactKey: Guid(7bb27e848a93aac4dac0268ac428b0e4) Importer(815301076,1909f56bfc062723c751e8b465ee728b)
Number of updated assets reloaded before import = 0
Start importing Assets/Assets/Tilesetv3_318.asset using Guid(7bb27e848a93aac4dac0268ac428b0e4) Importer(815301076,1909f56bfc062723c751e8b465ee728b)  -> (artifact id: 'f8d6639871b24718ad2c2f6ef7fc0975') in 0.011600 seconds 
Number of asset objects unloaded after import = 3
========================================================================
Received Import Request.
  Time since last request: 0.000014 seconds.
  path: Assets/Assets/Tilesetv3_319.asset
  artifactKey: Guid(230a4b7dc30b33e42b2c933f9d6e1ce9) Importer(815301076,1909f56bfc062723c751e8b465ee728b)
Number of updated assets reloaded before import = 0
Start importing Assets/Assets/Tilesetv3_319.asset using Guid(230a4b7dc30b33e42b2c933f9d6e1ce9) Importer(815301076,1909f56bfc062723c751e8b465ee728b)  -> (artifact id: '3d2f34add7237d89fb1bd51e5dd9753d') in 0.011351 seconds 
Number of asset objects unloaded after import = 3
========================================================================
Received Import Request.
  Time since last request: 0.000016 seconds.
  path: Assets/Assets/Tilesetv3_283.asset
  artifactKey: Guid(7be53f0dd163455458c98a94facf0078) Importer(815301076,1909f56bfc062723c751e8b465ee728b)
Number of updated assets reloaded before import = 0
Start importing Assets/Assets/Tilesetv3_283.asset using Guid(7be53f0dd163455458c98a94facf0078) Importer(815301076,1909f56bfc062723c751e8b465ee728b)  -> (artifact id: 'df9c436cc94447bcd0a2803948210c13') in 0.012136 seconds 
Number of asset objects unloaded after import = 3
========================================================================
Received Import Request.
  Time since last request: 0.000017 seconds.
  path: Assets/Assets/Tilesetv3_275.asset
  artifactKey: Guid(a7893e3b8946cb84ca3936245b5d5be5) Importer(815301076,1909f56bfc062723c751e8b465ee728b)
Number of updated assets reloaded before import = 0
Start importing Assets/Assets/Tilesetv3_275.asset using Guid(a7893e3b8946cb84ca3936245b5d5be5) Importer(815301076,1909f56bfc062723c751e8b465ee728b)  -> (artifact id: '4241fa89bacf7f6181b1ef64e7f52a83') in 0.012239 seconds 
Number of asset objects unloaded after import = 3
========================================================================
Received Import Request.
  Time since last request: 0.000018 seconds.
  path: Assets/Assets/Tilesetv3_320.asset
  artifactKey: Guid(f64da179a7313b848be1369a3e4b67b4) Importer(815301076,1909f56bfc062723c751e8b465ee728b)
Number of updated assets reloaded before import = 0
Start importing Assets/Assets/Tilesetv3_320.asset using Guid(f64da179a7313b848be1369a3e4b67b4) Importer(815301076,1909f56bfc062723c751e8b465ee728b)  -> (artifact id: '4696327a2bf6b95a22752913f2d934ac') in 0.015551 seconds 
Number of asset objects unloaded after import = 3
========================================================================
Received Import Request.
  Time since last request: 0.019526 seconds.
  path: Assets/Assets/Tilesetv3_323.asset
  artifactKey: Guid(78c0af9e7229d5d40908913332e8f612) Importer(815301076,1909f56bfc062723c751e8b465ee728b)
Number of updated assets reloaded before import = 0
Start importing Assets/Assets/Tilesetv3_323.asset using Guid(78c0af9e7229d5d40908913332e8f612) Importer(815301076,1909f56bfc062723c751e8b465ee728b)  -> (artifact id: 'ee9769f377c8274c299ca61ed4814a6e') in 0.013732 seconds 
Number of asset objects unloaded after import = 3
========================================================================
Received Import Request.
  Time since last request: 0.000020 seconds.
  path: Assets/Assets/Tilesetv3_328.asset
  artifactKey: Guid(600be54d3a623a44cbd4e9118f4a54d8) Importer(815301076,1909f56bfc062723c751e8b465ee728b)
Number of updated assets reloaded before import = 0
Start importing Assets/Assets/Tilesetv3_328.asset using Guid(600be54d3a623a44cbd4e9118f4a54d8) Importer(815301076,1909f56bfc062723c751e8b465ee728b)  -> (artifact id: '9ca9cbce89bf4fa4318c6ac6b8c2dba0') in 0.011447 seconds 
Number of asset objects unloaded after import = 3
========================================================================
Received Import Request.
  Time since last request: 0.000027 seconds.
  path: Assets/Assets/Tilesetv3_335.asset
  artifactKey: Guid(a591c72956a1b9846b2cb051d62e0b9b) Importer(815301076,1909f56bfc062723c751e8b465ee728b)
Number of updated assets reloaded before import = 0
Start importing Assets/Assets/Tilesetv3_335.asset using Guid(a591c72956a1b9846b2cb051d62e0b9b) Importer(815301076,1909f56bfc062723c751e8b465ee728b)  -> (artifact id: '9a2e9ddca1eea7d59f5b1c4431c83faa') in 0.012068 seconds 
Number of asset objects unloaded after import = 3
========================================================================
Received Import Request.
  Time since last request: 0.000024 seconds.
  path: Assets/Assets/Tilesetv3_346.asset
  artifactKey: Guid(fff9bbbefabc5dd4cbf3d0806f955c33) Importer(815301076,1909f56bfc062723c751e8b465ee728b)
Number of updated assets reloaded before import = 0
Start importing Assets/Assets/Tilesetv3_346.asset using Guid(fff9bbbefabc5dd4cbf3d0806f955c33) Importer(815301076,1909f56bfc062723c751e8b465ee728b)  -> (artifact id: '5e370ed6689f9a6c384f10f765b0c221') in 0.011764 seconds 
Number of asset objects unloaded after import = 3
========================================================================
Received Import Request.
  Time since last request: 0.000019 seconds.
  path: Assets/Assets/Tilesetv3_362.asset
  artifactKey: Guid(4024ce141f9945844b4b282985ef6780) Importer(815301076,1909f56bfc062723c751e8b465ee728b)
Number of updated assets reloaded before import = 0
Start importing Assets/Assets/Tilesetv3_362.asset using Guid(4024ce141f9945844b4b282985ef6780) Importer(815301076,1909f56bfc062723c751e8b465ee728b)  -> (artifact id: 'd700915c0bf93cff5339782addcc83cf') in 0.012559 seconds 
Number of asset objects unloaded after import = 3
========================================================================
Received Import Request.
  Time since last request: 0.000019 seconds.
  path: Assets/Assets/Tilesetv3_352.asset
  artifactKey: Guid(9908809b5826c7f4bb1649d6fa3266dd) Importer(815301076,1909f56bfc062723c751e8b465ee728b)
Number of updated assets reloaded before import = 0
Start importing Assets/Assets/Tilesetv3_352.asset using Guid(9908809b5826c7f4bb1649d6fa3266dd) Importer(815301076,1909f56bfc062723c751e8b465ee728b)  -> (artifact id: 'a05d89eefdc36224c80d20b0310dcc07') in 0.013982 seconds 
Number of asset objects unloaded after import = 3
========================================================================
Received Import Request.
  Time since last request: 0.000019 seconds.
  path: Assets/Assets/Tilesetv3_360.asset
  artifactKey: Guid(dc3a98906f52e2940ada702fd573a07c) Importer(815301076,1909f56bfc062723c751e8b465ee728b)
Number of updated assets reloaded before import = 0
Start importing Assets/Assets/Tilesetv3_360.asset using Guid(dc3a98906f52e2940ada702fd573a07c) Importer(815301076,1909f56bfc062723c751e8b465ee728b)  -> (artifact id: '10b446eaeac413b14d8d2752a64efb8a') in 0.011666 seconds 
Number of asset objects unloaded after import = 3
========================================================================
Received Import Request.
  Time since last request: 0.000018 seconds.
  path: Assets/Assets/Tilesetv3_339.asset
  artifactKey: Guid(56c9eb0862bbfcc4ba47e79f413c8b9e) Importer(815301076,1909f56bfc062723c751e8b465ee728b)
Number of updated assets reloaded before import = 0
Start importing Assets/Assets/Tilesetv3_339.asset using Guid(56c9eb0862bbfcc4ba47e79f413c8b9e) Importer(815301076,1909f56bfc062723c751e8b465ee728b)  -> (artifact id: '449c0e30e5fd3783d9ae741d86356c29') in 0.010801 seconds 
Number of asset objects unloaded after import = 3
========================================================================
Received Import Request.
  Time since last request: 0.000017 seconds.
  path: Assets/Assets/Tilesetv3_349.asset
  artifactKey: Guid(a47ab65614702c04c842311a6ce905ed) Importer(815301076,1909f56bfc062723c751e8b465ee728b)
Number of updated assets reloaded before import = 0
Start importing Assets/Assets/Tilesetv3_349.asset using Guid(a47ab65614702c04c842311a6ce905ed) Importer(815301076,1909f56bfc062723c751e8b465ee728b)  -> (artifact id: 'd3b9ad8a6bbb1f689a2ad97a8bf20182') in 0.013445 seconds 
Number of asset objects unloaded after import = 3
========================================================================
Received Import Request.
  Time since last request: 0.000019 seconds.
  path: Assets/Assets/Tilesetv3_368.asset
  artifactKey: Guid(5627668cca8777547bf1d421cdc361a7) Importer(815301076,1909f56bfc062723c751e8b465ee728b)
Number of updated assets reloaded before import = 0
Start importing Assets/Assets/Tilesetv3_368.asset using Guid(5627668cca8777547bf1d421cdc361a7) Importer(815301076,1909f56bfc062723c751e8b465ee728b)  -> (artifact id: 'a56c64eeda929f33867a9bbe819b3a8d') in 0.012389 seconds 
Number of asset objects unloaded after import = 3
========================================================================
Received Import Request.
  Time since last request: 0.000019 seconds.
  path: Assets/Assets/Tilesetv3_355.asset
  artifactKey: Guid(6bd2360349a7b0143ac836bb4e8cc36b) Importer(815301076,1909f56bfc062723c751e8b465ee728b)
Number of updated assets reloaded before import = 0
Start importing Assets/Assets/Tilesetv3_355.asset using Guid(6bd2360349a7b0143ac836bb4e8cc36b) Importer(815301076,1909f56bfc062723c751e8b465ee728b)  -> (artifact id: '13f3f60bca62c46200e4c5e4a2d54751') in 0.011815 seconds 
Number of asset objects unloaded after import = 3
========================================================================
Received Import Request.
  Time since last request: 0.000017 seconds.
  path: Assets/Assets/Tilesetv3_350.asset
  artifactKey: Guid(1c8060e9197bc7447b547091ead0e073) Importer(815301076,1909f56bfc062723c751e8b465ee728b)
Number of updated assets reloaded before import = 0
Start importing Assets/Assets/Tilesetv3_350.asset using Guid(1c8060e9197bc7447b547091ead0e073) Importer(815301076,1909f56bfc062723c751e8b465ee728b)  -> (artifact id: 'a28f5eb1771cd687414d865b380da549') in 0.012656 seconds 
Number of asset objects unloaded after import = 3
========================================================================
Received Import Request.
  Time since last request: 0.000018 seconds.
  path: Assets/Assets/Tilesetv3_353.asset
  artifactKey: Guid(bc65463e511bc3443a76cf4b24314f5d) Importer(815301076,1909f56bfc062723c751e8b465ee728b)
Number of updated assets reloaded before import = 0
Start importing Assets/Assets/Tilesetv3_353.asset using Guid(bc65463e511bc3443a76cf4b24314f5d) Importer(815301076,1909f56bfc062723c751e8b465ee728b)  -> (artifact id: 'aef5e94c3f142b6f02e0640ab02afbb4') in 0.012418 seconds 
Number of asset objects unloaded after import = 3
========================================================================
Received Import Request.
  Time since last request: 0.000019 seconds.
  path: Assets/Assets/Tilesetv3_356.asset
  artifactKey: Guid(503c72b72444bc04fbe635ebaa553cd8) Importer(815301076,1909f56bfc062723c751e8b465ee728b)
Number of updated assets reloaded before import = 0
Start importing Assets/Assets/Tilesetv3_356.asset using Guid(503c72b72444bc04fbe635ebaa553cd8) Importer(815301076,1909f56bfc062723c751e8b465ee728b)  -> (artifact id: '76a82de3b6b1639847482c61824044b3') in 0.011797 seconds 
Number of asset objects unloaded after import = 3
========================================================================
Received Import Request.
  Time since last request: 0.000030 seconds.
  path: Assets/Assets/Tilesetv3_369.asset
  artifactKey: Guid(bbc407bc973f5cd44aadffd258ec3e09) Importer(815301076,1909f56bfc062723c751e8b465ee728b)
Number of updated assets reloaded before import = 0
Start importing Assets/Assets/Tilesetv3_369.asset using Guid(bbc407bc973f5cd44aadffd258ec3e09) Importer(815301076,1909f56bfc062723c751e8b465ee728b)  -> (artifact id: 'c1df040a38afb64d943e03db914e85f0') in 0.011778 seconds 
Number of asset objects unloaded after import = 3
========================================================================
Received Import Request.
  Time since last request: 0.000021 seconds.
  path: Assets/Assets/Tilesetv3_345.asset
  artifactKey: Guid(df3fd68e15ae0d84b886ada8e23ff55b) Importer(815301076,1909f56bfc062723c751e8b465ee728b)
Number of updated assets reloaded before import = 0
Start importing Assets/Assets/Tilesetv3_345.asset using Guid(df3fd68e15ae0d84b886ada8e23ff55b) Importer(815301076,1909f56bfc062723c751e8b465ee728b)  -> (artifact id: '301cdf6c8d70bc083363cd31cd512c84') in 0.011691 seconds 
Number of asset objects unloaded after import = 3
========================================================================
Received Import Request.
  Time since last request: 0.241208 seconds.
  path: Assets/Assets/Tilesetv3_371.asset
  artifactKey: Guid(931552e80b41f014bad73827467c2054) Importer(815301076,1909f56bfc062723c751e8b465ee728b)
Number of updated assets reloaded before import = 0
Start importing Assets/Assets/Tilesetv3_371.asset using Guid(931552e80b41f014bad73827467c2054) Importer(815301076,1909f56bfc062723c751e8b465ee728b)  -> (artifact id: '7c5a14a38629127f12edf8897d137bf1') in 0.013252 seconds 
Number of asset objects unloaded after import = 3
========================================================================
Received Import Request.
  Time since last request: 0.000027 seconds.
  path: Assets/Assets/Tilesetv3_375.asset
  artifactKey: Guid(62cb230cb3d3193429096489a7e1ec02) Importer(815301076,1909f56bfc062723c751e8b465ee728b)
Number of updated assets reloaded before import = 0
Start importing Assets/Assets/Tilesetv3_375.asset using Guid(62cb230cb3d3193429096489a7e1ec02) Importer(815301076,1909f56bfc062723c751e8b465ee728b)  -> (artifact id: '40688139143e8a2f3095471133e371a9') in 0.012933 seconds 
Number of asset objects unloaded after import = 3
========================================================================
Received Import Request.
  Time since last request: 0.000015 seconds.
  path: Assets/Assets/Tilesetv3_382.asset
  artifactKey: Guid(8fe1ffd58409fbc4197f3e5fdcbaaefd) Importer(815301076,1909f56bfc062723c751e8b465ee728b)
Number of updated assets reloaded before import = 0
Start importing Assets/Assets/Tilesetv3_382.asset using Guid(8fe1ffd58409fbc4197f3e5fdcbaaefd) Importer(815301076,1909f56bfc062723c751e8b465ee728b)  -> (artifact id: 'ee4d585645614a2a14dcde9c2547d019') in 0.012583 seconds 
Number of asset objects unloaded after import = 3
========================================================================
Received Import Request.
  Time since last request: 0.000018 seconds.
  path: Assets/Assets/Tilesetv3_394.asset
  artifactKey: Guid(a3d26050279daae408b51d0dc365c9d1) Importer(815301076,1909f56bfc062723c751e8b465ee728b)
Number of updated assets reloaded before import = 0
Start importing Assets/Assets/Tilesetv3_394.asset using Guid(a3d26050279daae408b51d0dc365c9d1) Importer(815301076,1909f56bfc062723c751e8b465ee728b)  -> (artifact id: '336951a4b0d97206fa88d10bdabbf5b4') in 0.012367 seconds 
Number of asset objects unloaded after import = 3
========================================================================
Received Import Request.
  Time since last request: 0.000016 seconds.
  path: Assets/Assets/Tilesetv3_391.asset
  artifactKey: Guid(fa2f9cb1f7ab2044688e28e3e1272914) Importer(815301076,1909f56bfc062723c751e8b465ee728b)
Number of updated assets reloaded before import = 0
Start importing Assets/Assets/Tilesetv3_391.asset using Guid(fa2f9cb1f7ab2044688e28e3e1272914) Importer(815301076,1909f56bfc062723c751e8b465ee728b)  -> (artifact id: '77f027a85f61116c030411bdba437f31') in 0.011201 seconds 
Number of asset objects unloaded after import = 3
========================================================================
Received Import Request.
  Time since last request: 0.000018 seconds.
  path: Assets/Assets/Tilesetv3_384.asset
  artifactKey: Guid(39997c1082ed6094e9aebebc7058aad4) Importer(815301076,1909f56bfc062723c751e8b465ee728b)
Number of updated assets reloaded before import = 0
Start importing Assets/Assets/Tilesetv3_384.asset using Guid(39997c1082ed6094e9aebebc7058aad4) Importer(815301076,1909f56bfc062723c751e8b465ee728b)  -> (artifact id: '10fa6c8e3ba6da15f3cd674f5844831c') in 0.011049 seconds 
Number of asset objects unloaded after import = 3
========================================================================
Received Import Request.
  Time since last request: 0.000018 seconds.
  path: Assets/Assets/Tilesetv3_378.asset
  artifactKey: Guid(03e19cad7f7398f47825d1f5433f68e2) Importer(815301076,1909f56bfc062723c751e8b465ee728b)
Number of updated assets reloaded before import = 0
Start importing Assets/Assets/Tilesetv3_378.asset using Guid(03e19cad7f7398f47825d1f5433f68e2) Importer(815301076,1909f56bfc062723c751e8b465ee728b)  -> (artifact id: '3d8cd60a61531f1a917b4886dd613a84') in 0.011762 seconds 
Number of asset objects unloaded after import = 3
========================================================================
Received Import Request.
  Time since last request: 0.000019 seconds.
  path: Assets/Assets/Tilesetv3_393.asset
  artifactKey: Guid(a1757f33b73cc0f47987baca10f4c6c8) Importer(815301076,1909f56bfc062723c751e8b465ee728b)
Number of updated assets reloaded before import = 0
Start importing Assets/Assets/Tilesetv3_393.asset using Guid(a1757f33b73cc0f47987baca10f4c6c8) Importer(815301076,1909f56bfc062723c751e8b465ee728b)  -> (artifact id: 'c0d32f52a8d4f9a00a07f6ef26d1aea6') in 0.012482 seconds 
Number of asset objects unloaded after import = 3
========================================================================
Received Import Request.
  Time since last request: 0.110839 seconds.
  path: Assets/Assets/Tilesetv3_395.asset
  artifactKey: Guid(883965ebf439fde43a175954f679d7eb) Importer(815301076,1909f56bfc062723c751e8b465ee728b)
Number of updated assets reloaded before import = 0
Start importing Assets/Assets/Tilesetv3_395.asset using Guid(883965ebf439fde43a175954f679d7eb) Importer(815301076,1909f56bfc062723c751e8b465ee728b)  -> (artifact id: 'a83477ed3d36389c18f7037f5e624842') in 0.013267 seconds 
Number of asset objects unloaded after import = 3
========================================================================
Received Import Request.
  Time since last request: 0.000021 seconds.
  path: Assets/Assets/Tilesetv3_405.asset
  artifactKey: Guid(2fca0b73449178f419967c34c5aca8de) Importer(815301076,1909f56bfc062723c751e8b465ee728b)
Number of updated assets reloaded before import = 0
Start importing Assets/Assets/Tilesetv3_405.asset using Guid(2fca0b73449178f419967c34c5aca8de) Importer(815301076,1909f56bfc062723c751e8b465ee728b)  -> (artifact id: '34f01f3eddb9557898faf870a18a1189') in 0.011879 seconds 
Number of asset objects unloaded after import = 3
========================================================================
Received Import Request.
  Time since last request: 0.000022 seconds.
  path: Assets/Assets/Tilesetv3_406.asset
  artifactKey: Guid(1d4bc5f299b9d8f4e979cca7926cbe1b) Importer(815301076,1909f56bfc062723c751e8b465ee728b)
Number of updated assets reloaded before import = 0
Start importing Assets/Assets/Tilesetv3_406.asset using Guid(1d4bc5f299b9d8f4e979cca7926cbe1b) Importer(815301076,1909f56bfc062723c751e8b465ee728b)  -> (artifact id: '0fab12ebf1a6ec6aa74ed5547bb9587b') in 0.011569 seconds 
Number of asset objects unloaded after import = 3
========================================================================
Received Import Request.
  Time since last request: 0.000014 seconds.
  path: Assets/Assets/Tilesetv3_411.asset
  artifactKey: Guid(0271edc2a7e8c7e4197f1f685f83ab48) Importer(815301076,1909f56bfc062723c751e8b465ee728b)
Number of updated assets reloaded before import = 0
Start importing Assets/Assets/Tilesetv3_411.asset using Guid(0271edc2a7e8c7e4197f1f685f83ab48) Importer(815301076,1909f56bfc062723c751e8b465ee728b)  -> (artifact id: '03f19bbf99d867e65c3f72f5df12dd17') in 0.012629 seconds 
Number of asset objects unloaded after import = 3
========================================================================
Received Import Request.
  Time since last request: 0.000016 seconds.
  path: Assets/Assets/Tilesetv3_427.asset
  artifactKey: Guid(03db89832a043b748aa8f606a6fcf68d) Importer(815301076,1909f56bfc062723c751e8b465ee728b)
Number of updated assets reloaded before import = 0
Start importing Assets/Assets/Tilesetv3_427.asset using Guid(03db89832a043b748aa8f606a6fcf68d) Importer(815301076,1909f56bfc062723c751e8b465ee728b)  -> (artifact id: 'ec2ee930ea07f10d0fb894d27babedc1') in 0.011151 seconds 
Number of asset objects unloaded after import = 3
========================================================================
Received Import Request.
  Time since last request: 0.000017 seconds.
  path: Assets/Assets/Tilesetv3_436.asset
  artifactKey: Guid(e2e0abfb13803714594992be41ba9aa3) Importer(815301076,1909f56bfc062723c751e8b465ee728b)
Number of updated assets reloaded before import = 0
Start importing Assets/Assets/Tilesetv3_436.asset using Guid(e2e0abfb13803714594992be41ba9aa3) Importer(815301076,1909f56bfc062723c751e8b465ee728b)  -> (artifact id: '3b502cde5700cd85e9916214bf7afac6') in 0.011642 seconds 
Number of asset objects unloaded after import = 3
========================================================================
Received Import Request.
  Time since last request: 0.000015 seconds.
  path: Assets/Assets/Tilesetv3_442.asset
  artifactKey: Guid(5409449aa3461854e9ca2b90df694ce3) Importer(815301076,1909f56bfc062723c751e8b465ee728b)
Number of updated assets reloaded before import = 0
Start importing Assets/Assets/Tilesetv3_442.asset using Guid(5409449aa3461854e9ca2b90df694ce3) Importer(815301076,1909f56bfc062723c751e8b465ee728b)  -> (artifact id: '8acf4be19c4c084437c733231018ed2d') in 0.011572 seconds 
Number of asset objects unloaded after import = 3
========================================================================
Received Import Request.
  Time since last request: 0.000029 seconds.
  path: Assets/Assets/Tilesetv3_407.asset
  artifactKey: Guid(ed4bc25430a36a7449d36bcdeae6aee3) Importer(815301076,1909f56bfc062723c751e8b465ee728b)
Number of updated assets reloaded before import = 0
Start importing Assets/Assets/Tilesetv3_407.asset using Guid(ed4bc25430a36a7449d36bcdeae6aee3) Importer(815301076,1909f56bfc062723c751e8b465ee728b)  -> (artifact id: '728aab23e7585cc8148ae210ce84c820') in 0.011566 seconds 
Number of asset objects unloaded after import = 3
========================================================================
Received Import Request.
  Time since last request: 0.000022 seconds.
  path: Assets/Assets/Tilesetv3_429.asset
  artifactKey: Guid(b3c70bcab8b79c049ae214450cc96e92) Importer(815301076,1909f56bfc062723c751e8b465ee728b)
Number of updated assets reloaded before import = 0
Start importing Assets/Assets/Tilesetv3_429.asset using Guid(b3c70bcab8b79c049ae214450cc96e92) Importer(815301076,1909f56bfc062723c751e8b465ee728b)  -> (artifact id: '0c3ec0b5dcfc74cb861ebc75e8a0cd27') in 0.011554 seconds 
Number of asset objects unloaded after import = 3
========================================================================
Received Import Request.
  Time since last request: 0.000015 seconds.
  path: Assets/Assets/Tilesetv3_441.asset
  artifactKey: Guid(ef9292e033bc4614b8eb702af13f8fb3) Importer(815301076,1909f56bfc062723c751e8b465ee728b)
Number of updated assets reloaded before import = 0
Start importing Assets/Assets/Tilesetv3_441.asset using Guid(ef9292e033bc4614b8eb702af13f8fb3) Importer(815301076,1909f56bfc062723c751e8b465ee728b)  -> (artifact id: 'f34de1cefe3bab1ead0afb0396123e65') in 0.011896 seconds 
Number of asset objects unloaded after import = 3
========================================================================
Received Import Request.
  Time since last request: 0.000018 seconds.
  path: Assets/Assets/Tilesetv3_454.asset
  artifactKey: Guid(3af3146400b6a994098f19dd4c9a2106) Importer(815301076,1909f56bfc062723c751e8b465ee728b)
Number of updated assets reloaded before import = 0
Start importing Assets/Assets/Tilesetv3_454.asset using Guid(3af3146400b6a994098f19dd4c9a2106) Importer(815301076,1909f56bfc062723c751e8b465ee728b)  -> (artifact id: '5ff5b4d6989f630fc3da2696a582e029') in 0.011923 seconds 
Number of asset objects unloaded after import = 3
========================================================================
Received Import Request.
  Time since last request: 0.000018 seconds.
  path: Assets/Assets/Tilesetv3_437.asset
  artifactKey: Guid(c47e4b16ece56464daf46d916fa52215) Importer(815301076,1909f56bfc062723c751e8b465ee728b)
Number of updated assets reloaded before import = 0
Start importing Assets/Assets/Tilesetv3_437.asset using Guid(c47e4b16ece56464daf46d916fa52215) Importer(815301076,1909f56bfc062723c751e8b465ee728b)  -> (artifact id: 'e839431a4b85e5b10f62aeaa1091db7a') in 0.011055 seconds 
Number of asset objects unloaded after import = 3
========================================================================
Received Import Request.
  Time since last request: 0.000016 seconds.
  path: Assets/Assets/Tilesetv3_410.asset
  artifactKey: Guid(c77750b528b14e0479ca54aaa39b2a19) Importer(815301076,1909f56bfc062723c751e8b465ee728b)
Number of updated assets reloaded before import = 0
Start importing Assets/Assets/Tilesetv3_410.asset using Guid(c77750b528b14e0479ca54aaa39b2a19) Importer(815301076,1909f56bfc062723c751e8b465ee728b)  -> (artifact id: '53e174d90b0cf5901c3ac422ffde710c') in 0.011678 seconds 
Number of asset objects unloaded after import = 3
========================================================================
Received Import Request.
  Time since last request: 0.000027 seconds.
  path: Assets/Assets/Tilesetv3_416.asset
  artifactKey: Guid(fedd9b603ffe8564c8bd61ef47b6e9aa) Importer(815301076,1909f56bfc062723c751e8b465ee728b)
Number of updated assets reloaded before import = 0
Start importing Assets/Assets/Tilesetv3_416.asset using Guid(fedd9b603ffe8564c8bd61ef47b6e9aa) Importer(815301076,1909f56bfc062723c751e8b465ee728b)  -> (artifact id: '722bcbbe551511984d91181529cb946d') in 0.012293 seconds 
Number of asset objects unloaded after import = 3
========================================================================
Received Import Request.
  Time since last request: 0.000015 seconds.
  path: Assets/Assets/Tilesetv3_400.asset
  artifactKey: Guid(ef47132d4c7a0174199147383a15ada4) Importer(815301076,1909f56bfc062723c751e8b465ee728b)
Number of updated assets reloaded before import = 0
Start importing Assets/Assets/Tilesetv3_400.asset using Guid(ef47132d4c7a0174199147383a15ada4) Importer(815301076,1909f56bfc062723c751e8b465ee728b)  -> (artifact id: '6a747a60a348a050b42894f8dc1f74bf') in 0.011287 seconds 
Number of asset objects unloaded after import = 3
========================================================================
Received Import Request.
  Time since last request: 0.000022 seconds.
  path: Assets/Assets/Tilesetv3_404.asset
  artifactKey: Guid(8621c82e0aa36c841a01d77397efa015) Importer(815301076,1909f56bfc062723c751e8b465ee728b)
Number of updated assets reloaded before import = 0
Start importing Assets/Assets/Tilesetv3_404.asset using Guid(8621c82e0aa36c841a01d77397efa015) Importer(815301076,1909f56bfc062723c751e8b465ee728b)  -> (artifact id: '329a8978f4dd3c70bdf0188167d2a843') in 0.011462 seconds 
Number of asset objects unloaded after import = 3
========================================================================
Received Import Request.
  Time since last request: 0.000016 seconds.
  path: Assets/Assets/Tilesetv3_409.asset
  artifactKey: Guid(c93e5121de75eef4fbacbccb7293f837) Importer(815301076,1909f56bfc062723c751e8b465ee728b)
Number of updated assets reloaded before import = 0
Start importing Assets/Assets/Tilesetv3_409.asset using Guid(c93e5121de75eef4fbacbccb7293f837) Importer(815301076,1909f56bfc062723c751e8b465ee728b)  -> (artifact id: '0d5e6da9eea02298ac2161bc8e722432') in 0.012048 seconds 
Number of asset objects unloaded after import = 3
========================================================================
Received Import Request.
  Time since last request: 0.000018 seconds.
  path: Assets/Assets/Tilesetv3_423.asset
  artifactKey: Guid(0022585c6f75a944aa2fa69abb8993e3) Importer(815301076,1909f56bfc062723c751e8b465ee728b)
Number of updated assets reloaded before import = 0
Start importing Assets/Assets/Tilesetv3_423.asset using Guid(0022585c6f75a944aa2fa69abb8993e3) Importer(815301076,1909f56bfc062723c751e8b465ee728b)  -> (artifact id: '070e2f53b8662f3e65961131b1419750') in 0.012230 seconds 
Number of asset objects unloaded after import = 3
========================================================================
Received Import Request.
  Time since last request: 0.000019 seconds.
  path: Assets/Assets/Tilesetv3_432.asset
  artifactKey: Guid(b364f3e45114b5b41ba6e27e4716ad52) Importer(815301076,1909f56bfc062723c751e8b465ee728b)
Number of updated assets reloaded before import = 0
Start importing Assets/Assets/Tilesetv3_432.asset using Guid(b364f3e45114b5b41ba6e27e4716ad52) Importer(815301076,1909f56bfc062723c751e8b465ee728b)  -> (artifact id: '6d91d9bad53df2b831b7cc430d5b967a') in 0.011394 seconds 
Number of asset objects unloaded after import = 3
========================================================================
Received Import Request.
  Time since last request: 0.000017 seconds.
  path: Assets/Assets/Tilesetv3_451.asset
  artifactKey: Guid(df125845d70b8014889bc89482723090) Importer(815301076,1909f56bfc062723c751e8b465ee728b)
Number of updated assets reloaded before import = 0
Start importing Assets/Assets/Tilesetv3_451.asset using Guid(df125845d70b8014889bc89482723090) Importer(815301076,1909f56bfc062723c751e8b465ee728b)  -> (artifact id: 'b19876b3350e25a8a2ca785ca309fc20') in 0.011746 seconds 
Number of asset objects unloaded after import = 3
========================================================================
Received Import Request.
  Time since last request: 0.006454 seconds.
  path: Assets/Assets/Tilesetv3_455.asset
  artifactKey: Guid(d2b218feee4219645ad2d78e86a3b9a3) Importer(815301076,1909f56bfc062723c751e8b465ee728b)
Number of updated assets reloaded before import = 0
Start importing Assets/Assets/Tilesetv3_455.asset using Guid(d2b218feee4219645ad2d78e86a3b9a3) Importer(815301076,1909f56bfc062723c751e8b465ee728b)  -> (artifact id: 'cd1c3043b3142eb9b1ad8c176cd2761b') in 0.013449 seconds 
Number of asset objects unloaded after import = 3
========================================================================
Received Import Request.
  Time since last request: 0.000015 seconds.
  path: Assets/Assets/Tilesetv3_465.asset
  artifactKey: Guid(7fa89d5cc5ed4b74f8eb1ceb9ec99fba) Importer(815301076,1909f56bfc062723c751e8b465ee728b)
Number of updated assets reloaded before import = 0
Start importing Assets/Assets/Tilesetv3_465.asset using Guid(7fa89d5cc5ed4b74f8eb1ceb9ec99fba) Importer(815301076,1909f56bfc062723c751e8b465ee728b)  -> (artifact id: '6e012e6968bc3c9bfec8c403c258470c') in 0.010898 seconds 
Number of asset objects unloaded after import = 3
========================================================================
Received Import Request.
  Time since last request: 0.000016 seconds.
  path: Assets/Assets/Tilesetv3_467.asset
  artifactKey: Guid(46572b9c0bb27874b8b036030f1d0224) Importer(815301076,1909f56bfc062723c751e8b465ee728b)
Number of updated assets reloaded before import = 0
Start importing Assets/Assets/Tilesetv3_467.asset using Guid(46572b9c0bb27874b8b036030f1d0224) Importer(815301076,1909f56bfc062723c751e8b465ee728b)  -> (artifact id: '401289861ac2cbffffa4ec3216c53fd1') in 0.012014 seconds 
Number of asset objects unloaded after import = 3
========================================================================
Received Import Request.
  Time since last request: 0.000018 seconds.
  path: Assets/Assets/Tilesetv3_474.asset
  artifactKey: Guid(e5b12f5b34d170e4b9686686a158e71a) Importer(815301076,1909f56bfc062723c751e8b465ee728b)
Number of updated assets reloaded before import = 0
Start importing Assets/Assets/Tilesetv3_474.asset using Guid(e5b12f5b34d170e4b9686686a158e71a) Importer(815301076,1909f56bfc062723c751e8b465ee728b)  -> (artifact id: 'fe2c3fccdc6090ff3f2cee05d0b2108b') in 0.012195 seconds 
Number of asset objects unloaded after import = 3
========================================================================
Received Import Request.
  Time since last request: 0.000025 seconds.
  path: Assets/Assets/Tilesetv3_480.asset
  artifactKey: Guid(4e213e3570c411346be47fdeb48140ba) Importer(815301076,1909f56bfc062723c751e8b465ee728b)
Number of updated assets reloaded before import = 0
Start importing Assets/Assets/Tilesetv3_480.asset using Guid(4e213e3570c411346be47fdeb48140ba) Importer(815301076,1909f56bfc062723c751e8b465ee728b)  -> (artifact id: 'af27467ba374776b4ed9e8b342fd9099') in 0.013272 seconds 
Number of asset objects unloaded after import = 3
========================================================================
Received Import Request.
  Time since last request: 0.000025 seconds.
  path: Assets/Assets/Tilesetv3_490.asset
  artifactKey: Guid(fab875bcd022d5f40bd7bcdcd9bad9d6) Importer(815301076,1909f56bfc062723c751e8b465ee728b)
Number of updated assets reloaded before import = 0
Start importing Assets/Assets/Tilesetv3_490.asset using Guid(fab875bcd022d5f40bd7bcdcd9bad9d6) Importer(815301076,1909f56bfc062723c751e8b465ee728b)  -> (artifact id: 'cb948247987942cbd7017a28f8913304') in 0.012756 seconds 
Number of asset objects unloaded after import = 3
========================================================================
Received Import Request.
  Time since last request: 0.000022 seconds.
  path: Assets/Assets/Tilesetv3_494.asset
  artifactKey: Guid(3b661bd4033c65f42aa1f94798130b10) Importer(815301076,1909f56bfc062723c751e8b465ee728b)
Number of updated assets reloaded before import = 0
Start importing Assets/Assets/Tilesetv3_494.asset using Guid(3b661bd4033c65f42aa1f94798130b10) Importer(815301076,1909f56bfc062723c751e8b465ee728b)  -> (artifact id: '778ec1aaa58b677d10366fcf97c75e20') in 0.011468 seconds 
Number of asset objects unloaded after import = 3
========================================================================
Received Import Request.
  Time since last request: 0.000019 seconds.
  path: Assets/Assets/Tilesetv3_499.asset
  artifactKey: Guid(7c776c3b7648d2040acf3a60a799eb06) Importer(815301076,1909f56bfc062723c751e8b465ee728b)
Number of updated assets reloaded before import = 0
Start importing Assets/Assets/Tilesetv3_499.asset using Guid(7c776c3b7648d2040acf3a60a799eb06) Importer(815301076,1909f56bfc062723c751e8b465ee728b)  -> (artifact id: '388c5c0ea746e8bea017abade41fbaca') in 0.012184 seconds 
Number of asset objects unloaded after import = 3
========================================================================
Received Import Request.
  Time since last request: 0.000019 seconds.
  path: Assets/Assets/Tilesetv3_486.asset
  artifactKey: Guid(118ae930a4c279f49954c4882419e7fd) Importer(815301076,1909f56bfc062723c751e8b465ee728b)
Number of updated assets reloaded before import = 0
Start importing Assets/Assets/Tilesetv3_486.asset using Guid(118ae930a4c279f49954c4882419e7fd) Importer(815301076,1909f56bfc062723c751e8b465ee728b)  -> (artifact id: 'dff6630ad4e969d93cd6415ce480cfd0') in 0.013336 seconds 
Number of asset objects unloaded after import = 3
========================================================================
Received Import Request.
  Time since last request: 0.000022 seconds.
  path: Assets/Assets/Tilesetv3_471.asset
  artifactKey: Guid(10cc8ec3deb636348abac829579b340f) Importer(815301076,1909f56bfc062723c751e8b465ee728b)
Number of updated assets reloaded before import = 0
Start importing Assets/Assets/Tilesetv3_471.asset using Guid(10cc8ec3deb636348abac829579b340f) Importer(815301076,1909f56bfc062723c751e8b465ee728b)  -> (artifact id: 'f6cc9d94851a3d04bab777df22bacadf') in 0.011704 seconds 
Number of asset objects unloaded after import = 3
========================================================================
Received Import Request.
  Time since last request: 0.000026 seconds.
  path: Assets/Assets/Tilesetv3_485.asset
  artifactKey: Guid(0b985fbda661dee49a7ae82194bb0e79) Importer(815301076,1909f56bfc062723c751e8b465ee728b)
Number of updated assets reloaded before import = 0
Start importing Assets/Assets/Tilesetv3_485.asset using Guid(0b985fbda661dee49a7ae82194bb0e79) Importer(815301076,1909f56bfc062723c751e8b465ee728b)  -> (artifact id: '873c3ae1712e9e99423b659b6d4c8726') in 0.017496 seconds 
Number of asset objects unloaded after import = 3
========================================================================
Received Import Request.
  Time since last request: 0.000023 seconds.
  path: Assets/Assets/Tilesetv3_500.asset
  artifactKey: Guid(96685e2f9c75dbf4bbb64c1b79a90298) Importer(815301076,1909f56bfc062723c751e8b465ee728b)
Number of updated assets reloaded before import = 0
Start importing Assets/Assets/Tilesetv3_500.asset using Guid(96685e2f9c75dbf4bbb64c1b79a90298) Importer(815301076,1909f56bfc062723c751e8b465ee728b)  -> (artifact id: '051269099990f3e5c416a99a01aa4c55') in 0.013309 seconds 
Number of asset objects unloaded after import = 3
========================================================================
Received Import Request.
  Time since last request: 0.000021 seconds.
  path: Assets/Assets/Tilesetv3_468.asset
  artifactKey: Guid(4649e5b5cb85cba43be90766ca6163bf) Importer(815301076,1909f56bfc062723c751e8b465ee728b)
Number of updated assets reloaded before import = 0
Start importing Assets/Assets/Tilesetv3_468.asset using Guid(4649e5b5cb85cba43be90766ca6163bf) Importer(815301076,1909f56bfc062723c751e8b465ee728b)  -> (artifact id: 'dae5231bc3e92db5d40c616375e96a25') in 0.011623 seconds 
Number of asset objects unloaded after import = 3
========================================================================
Received Import Request.
  Time since last request: 0.000020 seconds.
  path: Assets/Assets/Tilesetv3_459.asset
  artifactKey: Guid(cadd6b52a1b31ab46bd141b5831bd0f2) Importer(815301076,1909f56bfc062723c751e8b465ee728b)
Number of updated assets reloaded before import = 0
Start importing Assets/Assets/Tilesetv3_459.asset using Guid(cadd6b52a1b31ab46bd141b5831bd0f2) Importer(815301076,1909f56bfc062723c751e8b465ee728b)  -> (artifact id: 'b69402f5515000dcab467895d8d52eb1') in 0.011628 seconds 
Number of asset objects unloaded after import = 3
========================================================================
Received Import Request.
  Time since last request: 0.000020 seconds.
  path: Assets/Assets/Tilesetv3_493.asset
  artifactKey: Guid(dce397453a4db894f907402ca51b8b80) Importer(815301076,1909f56bfc062723c751e8b465ee728b)
Number of updated assets reloaded before import = 0
Start importing Assets/Assets/Tilesetv3_493.asset using Guid(dce397453a4db894f907402ca51b8b80) Importer(815301076,1909f56bfc062723c751e8b465ee728b)  -> (artifact id: '09ee64330c77a03aa4b165d228efa599') in 0.012027 seconds 
Number of asset objects unloaded after import = 3
========================================================================
Received Import Request.
  Time since last request: 0.000016 seconds.
  path: Assets/Assets/Tilesetv3_481.asset
  artifactKey: Guid(c788323eece989947a813caf275386dc) Importer(815301076,1909f56bfc062723c751e8b465ee728b)
Number of updated assets reloaded before import = 0
Start importing Assets/Assets/Tilesetv3_481.asset using Guid(c788323eece989947a813caf275386dc) Importer(815301076,1909f56bfc062723c751e8b465ee728b)  -> (artifact id: 'f7ca80cdd425b0da4a1556dedff38be5') in 0.011347 seconds 
Number of asset objects unloaded after import = 3
========================================================================
Received Import Request.
  Time since last request: 0.018945 seconds.
  path: Assets/Assets/Tilesetv3_503.asset
  artifactKey: Guid(8f21b741080035a4e9a4371b450156f4) Importer(815301076,1909f56bfc062723c751e8b465ee728b)
Number of updated assets reloaded before import = 0
Start importing Assets/Assets/Tilesetv3_503.asset using Guid(8f21b741080035a4e9a4371b450156f4) Importer(815301076,1909f56bfc062723c751e8b465ee728b)  -> (artifact id: 'bc7eb3f425c110e7c26dfb61a119ea44') in 0.012147 seconds 
Number of asset objects unloaded after import = 3
========================================================================
Received Import Request.
  Time since last request: 0.000015 seconds.
  path: Assets/Assets/Tilesetv3_512.asset
  artifactKey: Guid(6784f9f1dd86ade42b3fdc4516f8f914) Importer(815301076,1909f56bfc062723c751e8b465ee728b)
Number of updated assets reloaded before import = 0
Start importing Assets/Assets/Tilesetv3_512.asset using Guid(6784f9f1dd86ade42b3fdc4516f8f914) Importer(815301076,1909f56bfc062723c751e8b465ee728b)  -> (artifact id: 'fba5dee334d7be64d99ce459545238ca') in 0.013036 seconds 
Number of asset objects unloaded after import = 3
========================================================================
Received Import Request.
  Time since last request: 0.000018 seconds.
  path: Assets/Assets/Tilesetv3_520.asset
  artifactKey: Guid(0dfc26c821a92a148b036186fae976bf) Importer(815301076,1909f56bfc062723c751e8b465ee728b)
Number of updated assets reloaded before import = 0
Start importing Assets/Assets/Tilesetv3_520.asset using Guid(0dfc26c821a92a148b036186fae976bf) Importer(815301076,1909f56bfc062723c751e8b465ee728b)  -> (artifact id: '327668e819e6158b7d72f8b6366ae474') in 0.011464 seconds 
Number of asset objects unloaded after import = 3
========================================================================
Received Import Request.
  Time since last request: 0.000019 seconds.
  path: Assets/Assets/Tilesetv3_525.asset
  artifactKey: Guid(357e140679396eb40a2cfdb19b04120f) Importer(815301076,1909f56bfc062723c751e8b465ee728b)
Number of updated assets reloaded before import = 0
Start importing Assets/Assets/Tilesetv3_525.asset using Guid(357e140679396eb40a2cfdb19b04120f) Importer(815301076,1909f56bfc062723c751e8b465ee728b)  -> (artifact id: '23a7938a8160583727e160f895e3ebcb') in 0.012776 seconds 
Number of asset objects unloaded after import = 3
========================================================================
Received Import Request.
  Time since last request: 0.000023 seconds.
  path: Assets/Assets/Tilesetv3_547.asset
  artifactKey: Guid(9494a444f1ed82b4ba89e15696d7a99c) Importer(815301076,1909f56bfc062723c751e8b465ee728b)
Number of updated assets reloaded before import = 0
Start importing Assets/Assets/Tilesetv3_547.asset using Guid(9494a444f1ed82b4ba89e15696d7a99c) Importer(815301076,1909f56bfc062723c751e8b465ee728b)  -> (artifact id: 'c837cc2b4f732ee686f16169b0c95bba') in 0.012612 seconds 
Number of asset objects unloaded after import = 3
========================================================================
Received Import Request.
  Time since last request: 0.000022 seconds.
  path: Assets/Assets/Tilesetv3_550.asset
  artifactKey: Guid(dc46d967845f1dd42886950867af6359) Importer(815301076,1909f56bfc062723c751e8b465ee728b)
Number of updated assets reloaded before import = 0
Start importing Assets/Assets/Tilesetv3_550.asset using Guid(dc46d967845f1dd42886950867af6359) Importer(815301076,1909f56bfc062723c751e8b465ee728b)  -> (artifact id: 'd9e9854d605dd182eb59350d21012277') in 0.012070 seconds 
Number of asset objects unloaded after import = 3
========================================================================
Received Import Request.
  Time since last request: 0.000021 seconds.
  path: Assets/Assets/Tilesetv3_555.asset
  artifactKey: Guid(dcfc04d19f36a6948aaee81aba2544dd) Importer(815301076,1909f56bfc062723c751e8b465ee728b)
Number of updated assets reloaded before import = 0
Start importing Assets/Assets/Tilesetv3_555.asset using Guid(dcfc04d19f36a6948aaee81aba2544dd) Importer(815301076,1909f56bfc062723c751e8b465ee728b)  -> (artifact id: 'f08e33d6f074da27b5bd47aeb75cc42a') in 0.012319 seconds 
Number of asset objects unloaded after import = 3
========================================================================
Received Import Request.
  Time since last request: 0.000019 seconds.
  path: Assets/Assets/Tilesetv3_552.asset
  artifactKey: Guid(8b3f2f5bb8da6ed4a82a67b91f29cb20) Importer(815301076,1909f56bfc062723c751e8b465ee728b)
Number of updated assets reloaded before import = 0
Start importing Assets/Assets/Tilesetv3_552.asset using Guid(8b3f2f5bb8da6ed4a82a67b91f29cb20) Importer(815301076,1909f56bfc062723c751e8b465ee728b)  -> (artifact id: 'c5d39edec30069217b96b1b106217c24') in 0.013396 seconds 
Number of asset objects unloaded after import = 3
========================================================================
Received Import Request.
  Time since last request: 0.000021 seconds.
  path: Assets/Assets/Tilesetv3_543.asset
  artifactKey: Guid(6e138c7bd526cae4f8dd821f4c9b1e2c) Importer(815301076,1909f56bfc062723c751e8b465ee728b)
Number of updated assets reloaded before import = 0
Start importing Assets/Assets/Tilesetv3_543.asset using Guid(6e138c7bd526cae4f8dd821f4c9b1e2c) Importer(815301076,1909f56bfc062723c751e8b465ee728b)  -> (artifact id: '2f659d6b444fe6d8a3c1a1391f987046') in 0.012026 seconds 
Number of asset objects unloaded after import = 3
========================================================================
Received Import Request.
  Time since last request: 0.000026 seconds.
  path: Assets/Assets/Tilesetv3_544.asset
  artifactKey: Guid(a87514b1e520d2247bf3aeac44268b8b) Importer(815301076,1909f56bfc062723c751e8b465ee728b)
Number of updated assets reloaded before import = 0
Start importing Assets/Assets/Tilesetv3_544.asset using Guid(a87514b1e520d2247bf3aeac44268b8b) Importer(815301076,1909f56bfc062723c751e8b465ee728b)  -> (artifact id: '8fb2dc569a81bc4733c9bb294e5e1241') in 0.012185 seconds 
Number of asset objects unloaded after import = 3
========================================================================
Received Import Request.
  Time since last request: 0.000018 seconds.
  path: Assets/Assets/Tilesetv3_568.asset
  artifactKey: Guid(a05180cf868a3994b96a649d4d199bd0) Importer(815301076,1909f56bfc062723c751e8b465ee728b)
Number of updated assets reloaded before import = 0
Start importing Assets/Assets/Tilesetv3_568.asset using Guid(a05180cf868a3994b96a649d4d199bd0) Importer(815301076,1909f56bfc062723c751e8b465ee728b)  -> (artifact id: '399626517eff1d082f3e6049aef33746') in 0.012125 seconds 
Number of asset objects unloaded after import = 3
========================================================================
Received Import Request.
  Time since last request: 0.000017 seconds.
  path: Assets/Assets/Tilesetv3_526.asset
  artifactKey: Guid(2cbea14f99a6bea4d9aa0cba4da8faa7) Importer(815301076,1909f56bfc062723c751e8b465ee728b)
Number of updated assets reloaded before import = 0
Start importing Assets/Assets/Tilesetv3_526.asset using Guid(2cbea14f99a6bea4d9aa0cba4da8faa7) Importer(815301076,1909f56bfc062723c751e8b465ee728b)  -> (artifact id: 'adef67452e36ec94fbeb616f792dabec') in 0.011471 seconds 
Number of asset objects unloaded after import = 3
========================================================================
Received Import Request.
  Time since last request: 0.000025 seconds.
  path: Assets/Assets/Tilesetv3_530.asset
  artifactKey: Guid(13e0477516b300f4fb9c32e100db39d6) Importer(815301076,1909f56bfc062723c751e8b465ee728b)
Number of updated assets reloaded before import = 0
Start importing Assets/Assets/Tilesetv3_530.asset using Guid(13e0477516b300f4fb9c32e100db39d6) Importer(815301076,1909f56bfc062723c751e8b465ee728b)  -> (artifact id: 'fe7ffec712bda787231f3ee50ecdc34d') in 0.011850 seconds 
Number of asset objects unloaded after import = 3
========================================================================
Received Import Request.
  Time since last request: 0.000016 seconds.
  path: Assets/Assets/Tilesetv3_538.asset
  artifactKey: Guid(2c8e15d3461560b44945bbd00c133c15) Importer(815301076,1909f56bfc062723c751e8b465ee728b)
Number of updated assets reloaded before import = 0
Start importing Assets/Assets/Tilesetv3_538.asset using Guid(2c8e15d3461560b44945bbd00c133c15) Importer(815301076,1909f56bfc062723c751e8b465ee728b)  -> (artifact id: 'a0da7847aa5f8af05c974e0f62e4ba94') in 0.011475 seconds 
Number of asset objects unloaded after import = 3
========================================================================
Received Import Request.
  Time since last request: 0.000024 seconds.
  path: Assets/Assets/Tilesetv3_536.asset
  artifactKey: Guid(5d3206a5c77fc4b47bfb1345b72a4f80) Importer(815301076,1909f56bfc062723c751e8b465ee728b)
Number of updated assets reloaded before import = 0
Start importing Assets/Assets/Tilesetv3_536.asset using Guid(5d3206a5c77fc4b47bfb1345b72a4f80) Importer(815301076,1909f56bfc062723c751e8b465ee728b)  -> (artifact id: '483cc0fe02fbf42c28fc7f341108605b') in 0.010758 seconds 
Number of asset objects unloaded after import = 3
========================================================================
Received Import Request.
  Time since last request: 0.000022 seconds.
  path: Assets/Assets/Tilesetv3_510.asset
  artifactKey: Guid(dba215d9c83ecdc40ae5b2a924a03fce) Importer(815301076,1909f56bfc062723c751e8b465ee728b)
Number of updated assets reloaded before import = 0
Start importing Assets/Assets/Tilesetv3_510.asset using Guid(dba215d9c83ecdc40ae5b2a924a03fce) Importer(815301076,1909f56bfc062723c751e8b465ee728b)  -> (artifact id: '90ae0b050151f26374fe08fe88e48d90') in 0.012658 seconds 
Number of asset objects unloaded after import = 3
========================================================================
Received Import Request.
  Time since last request: 0.000014 seconds.
  path: Assets/Assets/Tilesetv3_522.asset
  artifactKey: Guid(d0073d5577479ff4bb6b0f0bbf0fce6d) Importer(815301076,1909f56bfc062723c751e8b465ee728b)
Number of updated assets reloaded before import = 0
Start importing Assets/Assets/Tilesetv3_522.asset using Guid(d0073d5577479ff4bb6b0f0bbf0fce6d) Importer(815301076,1909f56bfc062723c751e8b465ee728b)  -> (artifact id: '340f08160c0122271e574b3707585c65') in 0.011826 seconds 
Number of asset objects unloaded after import = 3
========================================================================
Received Import Request.
  Time since last request: 0.000015 seconds.
  path: Assets/Assets/Tilesetv3_542.asset
  artifactKey: Guid(49874c2eebe08da4d93cee557c4737b9) Importer(815301076,1909f56bfc062723c751e8b465ee728b)
Number of updated assets reloaded before import = 0
Start importing Assets/Assets/Tilesetv3_542.asset using Guid(49874c2eebe08da4d93cee557c4737b9) Importer(815301076,1909f56bfc062723c751e8b465ee728b)  -> (artifact id: '5bf91b67ec20618fa0683d2cdae1bf3d') in 0.011667 seconds 
Number of asset objects unloaded after import = 3
========================================================================
Received Import Request.
  Time since last request: 0.000020 seconds.
  path: Assets/Assets/Tilesetv3_514.asset
  artifactKey: Guid(e440286509678e748ae401bbe22c27bf) Importer(815301076,1909f56bfc062723c751e8b465ee728b)
Number of updated assets reloaded before import = 0
Start importing Assets/Assets/Tilesetv3_514.asset using Guid(e440286509678e748ae401bbe22c27bf) Importer(815301076,1909f56bfc062723c751e8b465ee728b)  -> (artifact id: 'f6e0bd4eee5ac4be90fcc62a830d0aac') in 0.011924 seconds 
Number of asset objects unloaded after import = 3
========================================================================
Received Import Request.
  Time since last request: 0.000022 seconds.
  path: Assets/Assets/Tilesetv3_507.asset
  artifactKey: Guid(bfe04885375cd6844ad004db8cab9df3) Importer(815301076,1909f56bfc062723c751e8b465ee728b)
Number of updated assets reloaded before import = 0
Start importing Assets/Assets/Tilesetv3_507.asset using Guid(bfe04885375cd6844ad004db8cab9df3) Importer(815301076,1909f56bfc062723c751e8b465ee728b)  -> (artifact id: '866537788c2c0f0c8e01505846dc883d') in 0.012157 seconds 
Number of asset objects unloaded after import = 3
========================================================================
Received Import Request.
  Time since last request: 0.000020 seconds.
  path: Assets/Assets/Tilesetv3_567.asset
  artifactKey: Guid(8469d4c8a2dd0414ebfba2a9a33aa0cb) Importer(815301076,1909f56bfc062723c751e8b465ee728b)
Number of updated assets reloaded before import = 0
Start importing Assets/Assets/Tilesetv3_567.asset using Guid(8469d4c8a2dd0414ebfba2a9a33aa0cb) Importer(815301076,1909f56bfc062723c751e8b465ee728b)  -> (artifact id: '46421befafcfb5c9861f9d32b75bdb83') in 0.011766 seconds 
Number of asset objects unloaded after import = 3
========================================================================
Received Import Request.
  Time since last request: 0.000018 seconds.
  path: Assets/Assets/Tilesetv3_586.asset
  artifactKey: Guid(bb1abb0407a605144831b46a445312b4) Importer(815301076,1909f56bfc062723c751e8b465ee728b)
Number of updated assets reloaded before import = 0
Start importing Assets/Assets/Tilesetv3_586.asset using Guid(bb1abb0407a605144831b46a445312b4) Importer(815301076,1909f56bfc062723c751e8b465ee728b)  -> (artifact id: 'b918c14411fe1b33e10525637ce0c622') in 0.011597 seconds 
Number of asset objects unloaded after import = 3
========================================================================
Received Import Request.
  Time since last request: 0.000016 seconds.
  path: Assets/Assets/Tilesetv3_577.asset
  artifactKey: Guid(f19125efd89bf024ba769e006b848aaa) Importer(815301076,1909f56bfc062723c751e8b465ee728b)
Number of updated assets reloaded before import = 0
Start importing Assets/Assets/Tilesetv3_577.asset using Guid(f19125efd89bf024ba769e006b848aaa) Importer(815301076,1909f56bfc062723c751e8b465ee728b)  -> (artifact id: '6164586c890394a9be5287974f4948fd') in 0.011611 seconds 
Number of asset objects unloaded after import = 3
========================================================================
Received Import Request.
  Time since last request: 0.000022 seconds.
  path: Assets/Assets/Tilesetv3_593.asset
  artifactKey: Guid(67081290ee4170a47a9b0e761ec06bdc) Importer(815301076,1909f56bfc062723c751e8b465ee728b)
Number of updated assets reloaded before import = 0
Start importing Assets/Assets/Tilesetv3_593.asset using Guid(67081290ee4170a47a9b0e761ec06bdc) Importer(815301076,1909f56bfc062723c751e8b465ee728b)  -> (artifact id: '53a7d3d95d2a2b69f12289a40efeddb8') in 0.011587 seconds 
Number of asset objects unloaded after import = 3
========================================================================
Received Import Request.
  Time since last request: 0.000020 seconds.
  path: Assets/Assets/Tilesetv3_589.asset
  artifactKey: Guid(fdb647b6c4abbfc4cba70dff002720ac) Importer(815301076,1909f56bfc062723c751e8b465ee728b)
Number of updated assets reloaded before import = 0
Start importing Assets/Assets/Tilesetv3_589.asset using Guid(fdb647b6c4abbfc4cba70dff002720ac) Importer(815301076,1909f56bfc062723c751e8b465ee728b)  -> (artifact id: '84659bc0989979825d72f962fe772bea') in 0.012136 seconds 
Number of asset objects unloaded after import = 3
========================================================================
Received Import Request.
  Time since last request: 0.000015 seconds.
  path: Assets/Assets/Tilesetv3_621.asset
  artifactKey: Guid(fd4d5d242a9d3454199ddbc4ff59a4be) Importer(815301076,1909f56bfc062723c751e8b465ee728b)
Number of updated assets reloaded before import = 0
Start importing Assets/Assets/Tilesetv3_621.asset using Guid(fd4d5d242a9d3454199ddbc4ff59a4be) Importer(815301076,1909f56bfc062723c751e8b465ee728b)  -> (artifact id: '3ebe08749ba2b50d15949346430ca967') in 0.011599 seconds 
Number of asset objects unloaded after import = 3
========================================================================
Received Import Request.
  Time since last request: 0.000020 seconds.
  path: Assets/Assets/Tilesetv3_595.asset
  artifactKey: Guid(5ca62920974f9a64a8db5e622e3d903a) Importer(815301076,1909f56bfc062723c751e8b465ee728b)
Number of updated assets reloaded before import = 0
Start importing Assets/Assets/Tilesetv3_595.asset using Guid(5ca62920974f9a64a8db5e622e3d903a) Importer(815301076,1909f56bfc062723c751e8b465ee728b)  -> (artifact id: '5355943882fee21916c02bd108b8463e') in 0.011996 seconds 
Number of asset objects unloaded after import = 3
========================================================================
Received Import Request.
  Time since last request: 0.000024 seconds.
  path: Assets/Assets/Tilesetv3_609.asset
  artifactKey: Guid(80061fb2977718e40b835548a79fde97) Importer(815301076,1909f56bfc062723c751e8b465ee728b)
Number of updated assets reloaded before import = 0
Start importing Assets/Assets/Tilesetv3_609.asset using Guid(80061fb2977718e40b835548a79fde97) Importer(815301076,1909f56bfc062723c751e8b465ee728b)  -> (artifact id: '85fcc564d0e891eee0fdb7939e80bea7') in 0.011903 seconds 
Number of asset objects unloaded after import = 3
========================================================================
Received Import Request.
  Time since last request: 0.000015 seconds.
  path: Assets/Assets/Tilesetv3_615.asset
  artifactKey: Guid(a0fdb017b3f419549a71e77640f42039) Importer(815301076,1909f56bfc062723c751e8b465ee728b)
Number of updated assets reloaded before import = 0
Start importing Assets/Assets/Tilesetv3_615.asset using Guid(a0fdb017b3f419549a71e77640f42039) Importer(815301076,1909f56bfc062723c751e8b465ee728b)  -> (artifact id: 'af5303b3b4d31e1c556c0b84ba53f3bb') in 0.011449 seconds 
Number of asset objects unloaded after import = 3
========================================================================
Received Import Request.
  Time since last request: 0.000021 seconds.
  path: Assets/Assets/Tilesetv3_583.asset
  artifactKey: Guid(63d7bb327ec7fa24696d71795504c8d0) Importer(815301076,1909f56bfc062723c751e8b465ee728b)
Number of updated assets reloaded before import = 0
Start importing Assets/Assets/Tilesetv3_583.asset using Guid(63d7bb327ec7fa24696d71795504c8d0) Importer(815301076,1909f56bfc062723c751e8b465ee728b)  -> (artifact id: '927fba3596aa10b2456e473ffe59971d') in 0.011994 seconds 
Number of asset objects unloaded after import = 3
========================================================================
Received Import Request.
  Time since last request: 0.000016 seconds.
  path: Assets/Assets/Tilesetv3_598.asset
  artifactKey: Guid(130e2a315b29c4d4ab7aadeae49df2a9) Importer(815301076,1909f56bfc062723c751e8b465ee728b)
Number of updated assets reloaded before import = 0
Start importing Assets/Assets/Tilesetv3_598.asset using Guid(130e2a315b29c4d4ab7aadeae49df2a9) Importer(815301076,1909f56bfc062723c751e8b465ee728b)  -> (artifact id: '4b14db250e19eacd6116087a9690490c') in 0.011848 seconds 
Number of asset objects unloaded after import = 3
========================================================================
Received Import Request.
  Time since last request: 0.000017 seconds.
  path: Assets/Assets/Tilesetv3_575.asset
  artifactKey: Guid(2a9778385b9e763419aee0e8e0174649) Importer(815301076,1909f56bfc062723c751e8b465ee728b)
Number of updated assets reloaded before import = 0
Start importing Assets/Assets/Tilesetv3_575.asset using Guid(2a9778385b9e763419aee0e8e0174649) Importer(815301076,1909f56bfc062723c751e8b465ee728b)  -> (artifact id: '062cc4109b4763770ba23143dd386af9') in 0.011810 seconds 
Number of asset objects unloaded after import = 3
========================================================================
Received Import Request.
  Time since last request: 0.000021 seconds.
  path: Assets/Assets/Tilesetv3_601.asset
  artifactKey: Guid(00340acbb7cb1824b8eca464ae057f7b) Importer(815301076,1909f56bfc062723c751e8b465ee728b)
Number of updated assets reloaded before import = 0
Start importing Assets/Assets/Tilesetv3_601.asset using Guid(00340acbb7cb1824b8eca464ae057f7b) Importer(815301076,1909f56bfc062723c751e8b465ee728b)  -> (artifact id: '564cb0e3901a1518f0a2099c69e30c79') in 0.012311 seconds 
Number of asset objects unloaded after import = 3
========================================================================
Received Import Request.
  Time since last request: 0.000024 seconds.
  path: Assets/Assets/Tilesetv3_610.asset
  artifactKey: Guid(6f572355142348c40b3869b3f789f5a4) Importer(815301076,1909f56bfc062723c751e8b465ee728b)
Number of updated assets reloaded before import = 0
Start importing Assets/Assets/Tilesetv3_610.asset using Guid(6f572355142348c40b3869b3f789f5a4) Importer(815301076,1909f56bfc062723c751e8b465ee728b)  -> (artifact id: 'fe1a3e070e0f5967200059d29093a1b3') in 0.012040 seconds 
Number of asset objects unloaded after import = 3
========================================================================
Received Import Request.
  Time since last request: 0.000017 seconds.
  path: Assets/Assets/Tilesetv3_613.asset
  artifactKey: Guid(25a21da57599a5c48ba80f66a10f37db) Importer(815301076,1909f56bfc062723c751e8b465ee728b)
Number of updated assets reloaded before import = 0
Start importing Assets/Assets/Tilesetv3_613.asset using Guid(25a21da57599a5c48ba80f66a10f37db) Importer(815301076,1909f56bfc062723c751e8b465ee728b)  -> (artifact id: '31a1a8f59bda496ccadf70b16eb93659') in 0.012588 seconds 
Number of asset objects unloaded after import = 3
========================================================================
Received Import Request.
  Time since last request: 0.000020 seconds.
  path: Assets/Assets/Tilesetv3_607.asset
  artifactKey: Guid(2769173670763174284a0a133dc0b515) Importer(815301076,1909f56bfc062723c751e8b465ee728b)
Number of updated assets reloaded before import = 0
Start importing Assets/Assets/Tilesetv3_607.asset using Guid(2769173670763174284a0a133dc0b515) Importer(815301076,1909f56bfc062723c751e8b465ee728b)  -> (artifact id: '3b83cb1ea672c5eb6d2b8adb62b8cdb7') in 0.011513 seconds 
Number of asset objects unloaded after import = 3
========================================================================
Received Import Request.
  Time since last request: 0.000017 seconds.
  path: Assets/Assets/Tilesetv3_585.asset
  artifactKey: Guid(af06bfff09f1b3342810bf0665c3d57c) Importer(815301076,1909f56bfc062723c751e8b465ee728b)
Number of updated assets reloaded before import = 0
Start importing Assets/Assets/Tilesetv3_585.asset using Guid(af06bfff09f1b3342810bf0665c3d57c) Importer(815301076,1909f56bfc062723c751e8b465ee728b)  -> (artifact id: '1456e98bf0701ac832ff9464c939a196') in 0.011730 seconds 
Number of asset objects unloaded after import = 3
========================================================================
Received Import Request.
  Time since last request: 0.000017 seconds.
  path: Assets/Assets/Tilesetv3_594.asset
  artifactKey: Guid(8289bb589d749e04185bd42f008dee1f) Importer(815301076,1909f56bfc062723c751e8b465ee728b)
Number of updated assets reloaded before import = 0
Start importing Assets/Assets/Tilesetv3_594.asset using Guid(8289bb589d749e04185bd42f008dee1f) Importer(815301076,1909f56bfc062723c751e8b465ee728b)  -> (artifact id: 'b1f8f932fe5b54af3f855f97576ef12f') in 0.011040 seconds 
Number of asset objects unloaded after import = 3
========================================================================
Received Import Request.
  Time since last request: 0.000014 seconds.
  path: Assets/Assets/Tilesetv3_540.asset
  artifactKey: Guid(8a8ef0def23adab4d820f9897db50850) Importer(815301076,1909f56bfc062723c751e8b465ee728b)
Number of updated assets reloaded before import = 0
Start importing Assets/Assets/Tilesetv3_540.asset using Guid(8a8ef0def23adab4d820f9897db50850) Importer(815301076,1909f56bfc062723c751e8b465ee728b)  -> (artifact id: '91d2fd4ef04e71088628b9811d48d5f1') in 0.011364 seconds 
Number of asset objects unloaded after import = 3
========================================================================
Received Import Request.
  Time since last request: 0.000017 seconds.
  path: Assets/Assets/Tilesetv3_624.asset
  artifactKey: Guid(7355388b623e6d34195b3b549efc01b2) Importer(815301076,1909f56bfc062723c751e8b465ee728b)
Number of updated assets reloaded before import = 0
Start importing Assets/Assets/Tilesetv3_624.asset using Guid(7355388b623e6d34195b3b549efc01b2) Importer(815301076,1909f56bfc062723c751e8b465ee728b)  -> (artifact id: '3567876f4efca5ea0b94ad612ddb318b') in 0.012452 seconds 
Number of asset objects unloaded after import = 3
========================================================================
Received Import Request.
  Time since last request: 0.000029 seconds.
  path: Assets/Assets/Tilesetv3_630.asset
  artifactKey: Guid(6b39880623d74db43b35e81579d7e9b8) Importer(815301076,1909f56bfc062723c751e8b465ee728b)
Number of updated assets reloaded before import = 0
Start importing Assets/Assets/Tilesetv3_630.asset using Guid(6b39880623d74db43b35e81579d7e9b8) Importer(815301076,1909f56bfc062723c751e8b465ee728b)  -> (artifact id: '03a1b854d1c8575a65c13ac8ca886f41') in 0.012813 seconds 
Number of asset objects unloaded after import = 3
========================================================================
Received Import Request.
  Time since last request: 0.000022 seconds.
  path: Assets/Assets/Tilesetv3_649.asset
  artifactKey: Guid(55820cda495c98b4caca1075b164ce0d) Importer(815301076,1909f56bfc062723c751e8b465ee728b)
Number of updated assets reloaded before import = 0
Start importing Assets/Assets/Tilesetv3_649.asset using Guid(55820cda495c98b4caca1075b164ce0d) Importer(815301076,1909f56bfc062723c751e8b465ee728b)  -> (artifact id: 'a75f2f9e4c1a4d4ca611f5478ef06570') in 0.012009 seconds 
Number of asset objects unloaded after import = 3
========================================================================
Received Import Request.
  Time since last request: 0.000025 seconds.
  path: Assets/Assets/Tilesetv3_655.asset
  artifactKey: Guid(710f1bce87bed65459da6ca9c5015698) Importer(815301076,1909f56bfc062723c751e8b465ee728b)
Number of updated assets reloaded before import = 0
Start importing Assets/Assets/Tilesetv3_655.asset using Guid(710f1bce87bed65459da6ca9c5015698) Importer(815301076,1909f56bfc062723c751e8b465ee728b)  -> (artifact id: 'c3db3e69633711dbe75c670b0b9ceb0a') in 0.012547 seconds 
Number of asset objects unloaded after import = 3
========================================================================
Received Import Request.
  Time since last request: 0.000022 seconds.
  path: Assets/Assets/Tilesetv3_646.asset
  artifactKey: Guid(31545a35be38e9f4e82a1fc800857e1c) Importer(815301076,1909f56bfc062723c751e8b465ee728b)
Number of updated assets reloaded before import = 0
Start importing Assets/Assets/Tilesetv3_646.asset using Guid(31545a35be38e9f4e82a1fc800857e1c) Importer(815301076,1909f56bfc062723c751e8b465ee728b)  -> (artifact id: '54b2f754711b2a1728ef93b580a76c00') in 0.011570 seconds 
Number of asset objects unloaded after import = 3
========================================================================
Received Import Request.
  Time since last request: 0.000027 seconds.
  path: Assets/Assets/Tilesetv3_670.asset
  artifactKey: Guid(ce94443c9207daf4c95f06c10ea2223c) Importer(815301076,1909f56bfc062723c751e8b465ee728b)
Number of updated assets reloaded before import = 0
Start importing Assets/Assets/Tilesetv3_670.asset using Guid(ce94443c9207daf4c95f06c10ea2223c) Importer(815301076,1909f56bfc062723c751e8b465ee728b)  -> (artifact id: '06068754f812dafb57882d6ec6b098e7') in 0.011328 seconds 
Number of asset objects unloaded after import = 3
========================================================================
Received Import Request.
  Time since last request: 0.000024 seconds.
  path: Assets/Assets/Tilesetv3_657.asset
  artifactKey: Guid(90c8627922838d544a6a7a3e42b564b2) Importer(815301076,1909f56bfc062723c751e8b465ee728b)
Number of updated assets reloaded before import = 0
Start importing Assets/Assets/Tilesetv3_657.asset using Guid(90c8627922838d544a6a7a3e42b564b2) Importer(815301076,1909f56bfc062723c751e8b465ee728b)  -> (artifact id: 'da2b62ea8ef72902e99ab0c97df766e5') in 0.010656 seconds 
Number of asset objects unloaded after import = 3
========================================================================
Received Import Request.
  Time since last request: 0.000023 seconds.
  path: Assets/Assets/Tilesetv3_680.asset
  artifactKey: Guid(5a81de5d3fd504c42beb82e7708f8967) Importer(815301076,1909f56bfc062723c751e8b465ee728b)
Number of updated assets reloaded before import = 0
Start importing Assets/Assets/Tilesetv3_680.asset using Guid(5a81de5d3fd504c42beb82e7708f8967) Importer(815301076,1909f56bfc062723c751e8b465ee728b)  -> (artifact id: 'f5eb4c0d9b5e307652a50ec413b6271c') in 0.011799 seconds 
Number of asset objects unloaded after import = 3
========================================================================
Received Import Request.
  Time since last request: 0.000024 seconds.
  path: Assets/Assets/Tilesetv3_626.asset
  artifactKey: Guid(6a7b2dfb33d846a459653ecc38095b85) Importer(815301076,1909f56bfc062723c751e8b465ee728b)
Number of updated assets reloaded before import = 0
Start importing Assets/Assets/Tilesetv3_626.asset using Guid(6a7b2dfb33d846a459653ecc38095b85) Importer(815301076,1909f56bfc062723c751e8b465ee728b)  -> (artifact id: '11da822e6872ece0bf2ac51f74c431bc') in 0.011933 seconds 
Number of asset objects unloaded after import = 3
========================================================================
Received Import Request.
  Time since last request: 0.000018 seconds.
  path: Assets/Assets/Tilesetv3_662.asset
  artifactKey: Guid(bcf727cc9173b75459c67856f7db9e61) Importer(815301076,1909f56bfc062723c751e8b465ee728b)
Number of updated assets reloaded before import = 0
Start importing Assets/Assets/Tilesetv3_662.asset using Guid(bcf727cc9173b75459c67856f7db9e61) Importer(815301076,1909f56bfc062723c751e8b465ee728b)  -> (artifact id: 'dad3fa5f281f3b519e20a35c0d217359') in 0.011074 seconds 
Number of asset objects unloaded after import = 3
========================================================================
Received Import Request.
  Time since last request: 0.000030 seconds.
  path: Assets/Assets/Tilesetv3_633.asset
  artifactKey: Guid(8095efb9f31971149a8d98a4eba958c6) Importer(815301076,1909f56bfc062723c751e8b465ee728b)
Number of updated assets reloaded before import = 0
Start importing Assets/Assets/Tilesetv3_633.asset using Guid(8095efb9f31971149a8d98a4eba958c6) Importer(815301076,1909f56bfc062723c751e8b465ee728b)  -> (artifact id: '520905a78041732bfb2709c2da440b18') in 0.011970 seconds 
Number of asset objects unloaded after import = 3
========================================================================
Received Import Request.
  Time since last request: 0.000019 seconds.
  path: Assets/Assets/Tilesetv3_659.asset
  artifactKey: Guid(1afb6b89990c4634fb3d4cb90ebbd9a1) Importer(815301076,1909f56bfc062723c751e8b465ee728b)
Number of updated assets reloaded before import = 0
Start importing Assets/Assets/Tilesetv3_659.asset using Guid(1afb6b89990c4634fb3d4cb90ebbd9a1) Importer(815301076,1909f56bfc062723c751e8b465ee728b)  -> (artifact id: '47d0991e64da9230b06f90ae69072b5f') in 0.011858 seconds 
Number of asset objects unloaded after import = 3
========================================================================
Received Import Request.
  Time since last request: 0.000022 seconds.
  path: Assets/Assets/Tilesetv3_677.asset
  artifactKey: Guid(ab0b14dba5f17b148809152d478464f0) Importer(815301076,1909f56bfc062723c751e8b465ee728b)
Number of updated assets reloaded before import = 0
Start importing Assets/Assets/Tilesetv3_677.asset using Guid(ab0b14dba5f17b148809152d478464f0) Importer(815301076,1909f56bfc062723c751e8b465ee728b)  -> (artifact id: '8c191df1c26f1d57e744ff8ebe8d3157') in 0.012152 seconds 
Number of asset objects unloaded after import = 3
========================================================================
Received Import Request.
  Time since last request: 0.000013 seconds.
  path: Assets/Assets/Tilesetv3_645.asset
  artifactKey: Guid(1fda8c9e547436440ae550552c721877) Importer(815301076,1909f56bfc062723c751e8b465ee728b)
Number of updated assets reloaded before import = 0
Start importing Assets/Assets/Tilesetv3_645.asset using Guid(1fda8c9e547436440ae550552c721877) Importer(815301076,1909f56bfc062723c751e8b465ee728b)  -> (artifact id: '9d7b09a7460381620b0df36f3d73607e') in 0.011528 seconds 
Number of asset objects unloaded after import = 3
========================================================================
Received Import Request.
  Time since last request: 0.000019 seconds.
  path: Assets/Assets/Tilesetv3_666.asset
  artifactKey: Guid(9ab21b690ed70af479eacdfb196f025b) Importer(815301076,1909f56bfc062723c751e8b465ee728b)
Number of updated assets reloaded before import = 0
Start importing Assets/Assets/Tilesetv3_666.asset using Guid(9ab21b690ed70af479eacdfb196f025b) Importer(815301076,1909f56bfc062723c751e8b465ee728b)  -> (artifact id: '494d738bb2a863fc8054718ad60614e0') in 0.012122 seconds 
Number of asset objects unloaded after import = 3
========================================================================
Received Import Request.
  Time since last request: 0.000020 seconds.
  path: Assets/Assets/Tilesetv3_675.asset
  artifactKey: Guid(5788bf43c5138d44f89727dd20e53b7a) Importer(815301076,1909f56bfc062723c751e8b465ee728b)
Number of updated assets reloaded before import = 0
Start importing Assets/Assets/Tilesetv3_675.asset using Guid(5788bf43c5138d44f89727dd20e53b7a) Importer(815301076,1909f56bfc062723c751e8b465ee728b)  -> (artifact id: 'cdd6214ca9949e30d2e9771ac4da7225') in 0.010951 seconds 
Number of asset objects unloaded after import = 3
========================================================================
Received Import Request.
  Time since last request: 0.000017 seconds.
  path: Assets/Assets/Tilesetv3_658.asset
  artifactKey: Guid(6b6ee2e16c9addd43b9213e2c5a12dfa) Importer(815301076,1909f56bfc062723c751e8b465ee728b)
Number of updated assets reloaded before import = 0
Start importing Assets/Assets/Tilesetv3_658.asset using Guid(6b6ee2e16c9addd43b9213e2c5a12dfa) Importer(815301076,1909f56bfc062723c751e8b465ee728b)  -> (artifact id: '01b246aede593a6610e126d358f04020') in 0.011896 seconds 
Number of asset objects unloaded after import = 3
========================================================================
Received Import Request.
  Time since last request: 0.000014 seconds.
  path: Assets/Assets/Tilesetv3_628.asset
  artifactKey: Guid(36388f6005653c34086305333b181bef) Importer(815301076,1909f56bfc062723c751e8b465ee728b)
Number of updated assets reloaded before import = 0
Start importing Assets/Assets/Tilesetv3_628.asset using Guid(36388f6005653c34086305333b181bef) Importer(815301076,1909f56bfc062723c751e8b465ee728b)  -> (artifact id: '2053dbd1db9642f99b4b5421faeee6ce') in 0.014205 seconds 
Number of asset objects unloaded after import = 3
========================================================================
Received Import Request.
  Time since last request: 0.000018 seconds.
  path: Assets/Assets/Tilesetv3_683.asset
  artifactKey: Guid(cbccfb9bf2addfe43936f99bfd314496) Importer(815301076,1909f56bfc062723c751e8b465ee728b)
Number of updated assets reloaded before import = 0
Start importing Assets/Assets/Tilesetv3_683.asset using Guid(cbccfb9bf2addfe43936f99bfd314496) Importer(815301076,1909f56bfc062723c751e8b465ee728b)  -> (artifact id: '3a544a971e7f3ab5476c147a66684112') in 0.012125 seconds 
Number of asset objects unloaded after import = 3
========================================================================
Received Import Request.
  Time since last request: 0.000017 seconds.
  path: Assets/Assets/Tilesetv3_686.asset
  artifactKey: Guid(21c26ed8bcd4f3e48b92eaf89edb61c6) Importer(815301076,1909f56bfc062723c751e8b465ee728b)
Number of updated assets reloaded before import = 0
Start importing Assets/Assets/Tilesetv3_686.asset using Guid(21c26ed8bcd4f3e48b92eaf89edb61c6) Importer(815301076,1909f56bfc062723c751e8b465ee728b)  -> (artifact id: '1968daaa35c0aa8ceea93193d0fc0039') in 0.012979 seconds 
Number of asset objects unloaded after import = 3
========================================================================
Received Import Request.
  Time since last request: 0.000019 seconds.
  path: Assets/Assets/Tilesetv3_689.asset
  artifactKey: Guid(5b95ad72300003841bb6c1c218e69b1f) Importer(815301076,1909f56bfc062723c751e8b465ee728b)
Number of updated assets reloaded before import = 0
Start importing Assets/Assets/Tilesetv3_689.asset using Guid(5b95ad72300003841bb6c1c218e69b1f) Importer(815301076,1909f56bfc062723c751e8b465ee728b)  -> (artifact id: 'a9a144aca0ba294b77a829df93fc7640') in 0.012529 seconds 
Number of asset objects unloaded after import = 3
========================================================================
Received Import Request.
  Time since last request: 0.000024 seconds.
  path: Assets/Assets/Tilesetv3_650.asset
  artifactKey: Guid(5c55b3ab77cc5f34fa67ac752c134c65) Importer(815301076,1909f56bfc062723c751e8b465ee728b)
Number of updated assets reloaded before import = 0
Start importing Assets/Assets/Tilesetv3_650.asset using Guid(5c55b3ab77cc5f34fa67ac752c134c65) Importer(815301076,1909f56bfc062723c751e8b465ee728b)  -> (artifact id: 'dbeb13b304f6979496bd281e2db5840b') in 0.012344 seconds 
Number of asset objects unloaded after import = 3
========================================================================
Received Import Request.
  Time since last request: 0.000025 seconds.
  path: Assets/Assets/Tilesetv3_571.asset
  artifactKey: Guid(fb328beae193af244a940fb4da7ab9a1) Importer(815301076,1909f56bfc062723c751e8b465ee728b)
Number of updated assets reloaded before import = 0
Start importing Assets/Assets/Tilesetv3_571.asset using Guid(fb328beae193af244a940fb4da7ab9a1) Importer(815301076,1909f56bfc062723c751e8b465ee728b)  -> (artifact id: 'a62341dd6ee085c7ae0a3526b92cf1c3') in 0.012338 seconds 
Number of asset objects unloaded after import = 3
========================================================================
Received Import Request.
  Time since last request: 0.000016 seconds.
  path: Assets/Assets/Tilesetv3_539.asset
  artifactKey: Guid(3c4d0688d8bcd4442be0719521a1723b) Importer(815301076,1909f56bfc062723c751e8b465ee728b)
Number of updated assets reloaded before import = 0
Start importing Assets/Assets/Tilesetv3_539.asset using Guid(3c4d0688d8bcd4442be0719521a1723b) Importer(815301076,1909f56bfc062723c751e8b465ee728b)  -> (artifact id: 'b38c4afeb50c9ae91dfd6c1bca4eeef3') in 0.011324 seconds 
Number of asset objects unloaded after import = 3
========================================================================
Received Import Request.
  Time since last request: 0.000018 seconds.
  path: Assets/Assets/Tilesetv3_513.asset
  artifactKey: Guid(a8d9dec847ab2f74989b541b9b6e507b) Importer(815301076,1909f56bfc062723c751e8b465ee728b)
Number of updated assets reloaded before import = 0
Start importing Assets/Assets/Tilesetv3_513.asset using Guid(a8d9dec847ab2f74989b541b9b6e507b) Importer(815301076,1909f56bfc062723c751e8b465ee728b)  -> (artifact id: 'bc4400f85e70042ced2c73db92f50f5b') in 0.012051 seconds 
Number of asset objects unloaded after import = 3
========================================================================
Received Import Request.
  Time since last request: 110.614339 seconds.
  path: Assets/Assets/dungeon_sidescroller-Raou/Tilesetv3.png
  artifactKey: Guid(9b37ba97e820402499edc40119421bc2) Importer(815301076,1909f56bfc062723c751e8b465ee728b)
Number of updated assets reloaded before import = 0
Start importing Assets/Assets/dungeon_sidescroller-Raou/Tilesetv3.png using Guid(9b37ba97e820402499edc40119421bc2) Importer(815301076,1909f56bfc062723c751e8b465ee728b)  -> (artifact id: 'd5f052ae04e908453155ac4b2e8b167c') in 0.525293 seconds 
Number of asset objects unloaded after import = 694
========================================================================
Received Import Request.
  Time since last request: 12.315012 seconds.
  path: Assets/Assets/dungeon_sidescroller-Raou/Tilesetv3.png
  artifactKey: Guid(9b37ba97e820402499edc40119421bc2) Importer(815301076,1909f56bfc062723c751e8b465ee728b)
Number of updated assets reloaded before import = 0
Start importing Assets/Assets/dungeon_sidescroller-Raou/Tilesetv3.png using Guid(9b37ba97e820402499edc40119421bc2) Importer(815301076,1909f56bfc062723c751e8b465ee728b)  -> (artifact id: '2fe94fdad2689c2338f156d695b41d29') in 0.523628 seconds 
Number of asset objects unloaded after import = 694
========================================================================
Received Import Request.
  Time since last request: 77.557614 seconds.
  path: Assets/Assets/dungeon_sidescroller-Raou/Tilesetv3.png
  artifactKey: Guid(9b37ba97e820402499edc40119421bc2) Importer(815301076,1909f56bfc062723c751e8b465ee728b)
Number of updated assets reloaded before import = 0
Start importing Assets/Assets/dungeon_sidescroller-Raou/Tilesetv3.png using Guid(9b37ba97e820402499edc40119421bc2) Importer(815301076,1909f56bfc062723c751e8b465ee728b)  -> (artifact id: 'e14bd726b020cceb4ee259bb6ef61ddb') in 0.506297 seconds 
Number of asset objects unloaded after import = 694
========================================================================
Received Prepare
Registering precompiled user dll's ...
Registered in 0.003663 seconds.
Begin MonoManager ReloadAssembly
Native extension for WindowsStandalone target not found
Native extension for Android target not found
Native extension for WebGL target not found
Refreshing native plugins compatible for Editor in 0.64 ms, found 4 plugins.
Preloading 0 native plugins for Editor in 0.00 ms.
[Package Manager] Server::EnsureServerProcessIsRunning -- launch failed, reason: Unity was launched with the -noUpm command-line argument
[Package Manager] Cannot connect to Unity Package Manager local server
Mono: successfully reloaded assembly
- Completed reload, in  1.310 seconds
Domain Reload Profiling:
	ReloadAssembly (1311ms)
		BeginReloadAssembly (138ms)
			ExecutionOrderSort (0ms)
			DisableScriptedObjects (6ms)
			BackupInstance (0ms)
			ReleaseScriptingObjects (0ms)
			CreateAndSetChildDomain (34ms)
		EndReloadAssembly (1102ms)
			LoadAssemblies (94ms)
			RebuildTransferFunctionScriptingTraits (0ms)
			SetupTypeCache (246ms)
			ReleaseScriptCaches (1ms)
			RebuildScriptCaches (40ms)
			SetupLoadedEditorAssemblies (703ms)
				LogAssemblyErrors (0ms)
				InitializePlatformSupportModulesInManaged (14ms)
				SetLoadedEditorAssemblies (0ms)
				RefreshPlugins (1ms)
				BeforeProcessingInitializeOnLoad (54ms)
				ProcessInitializeOnLoadAttributes (593ms)
				ProcessInitializeOnLoadMethodAttributes (36ms)
				AfterProcessingInitializeOnLoad (4ms)
				EditorAssembliesLoaded (0ms)
			ExecutionOrderSort2 (0ms)
			AwakeInstancesAfterBackupRestoration (6ms)
Platform modules already initialized, skipping
Refreshing native plugins compatible for Editor in 0.56 ms, found 4 plugins.
Preloading 0 native plugins for Editor in 0.00 ms.
Unloading 3888 Unused Serialized files (Serialized files now loaded: 0)
Unloading 27 unused Assets / (21.9 KB). Loaded Objects now: 4374.
Memory consumption went from 152.7 MB to 152.7 MB.
Total: 2.537600 ms (FindLiveObjects: 0.199600 ms CreateObjectMapping: 0.150300 ms MarkObjects: 2.166700 ms  DeleteObjects: 0.020200 ms)

AssetImportParameters requested are different than current active one (requested -> active):
  custom:video-decoder-ogg-theora: a1e56fd34408186e4bbccfd4996cb3dc -> 
  custom:container-muxer-webm: aa71ff27fc2769a1b78a27578f13a17b -> 
  custom:container-demuxer-webm: 4f35f7cbe854078d1ac9338744f61a02 -> 
  custom:video-encoder-webm-vp8: eb34c28f22e8b96e1ab97ce403110664 -> 
  custom:video-codec-MediaFoundation-h265: 746d11721c4dcdbdad8f713fa42b33f4 -> 
  custom:CustomObjectIndexerAttribute: bc11b3a6c3213fcdd17b65e7da85e133 -> 
  custom:audio-encoder-webm-vorbis: bf7c407c2cedff20999df2af8eb42d56 -> 
  custom:framework-win-MediaFoundation: 216162199b28c13a410421893ffa2e32 -> 
  custom:SearchIndexIgnoredProperties: e643bd26f0fe6173181afceb89e7c659 -> 
  custom:container-demuxer-ogg: 62fdf1f143b41e24485cea50d1cbac27 -> 
  custom:video-decoder-webm-vp8: 9c59270c3fd7afecdb556c50c9e8de78 -> 
  custom:audio-decoder-ogg-vorbis: bf7c407c2cedff20999df2af8eb42d56 -> 
========================================================================
Received Prepare
Registering precompiled user dll's ...
Registered in 0.004176 seconds.
Begin MonoManager ReloadAssembly
Native extension for WindowsStandalone target not found
Native extension for Android target not found
Native extension for WebGL target not found
Refreshing native plugins compatible for Editor in 0.50 ms, found 4 plugins.
Preloading 0 native plugins for Editor in 0.00 ms.
[Package Manager] Server::EnsureServerProcessIsRunning -- launch failed, reason: Unity was launched with the -noUpm command-line argument
[Package Manager] Cannot connect to Unity Package Manager local server
Mono: successfully reloaded assembly
- Completed reload, in  1.198 seconds
Domain Reload Profiling:
	ReloadAssembly (1198ms)
		BeginReloadAssembly (124ms)
			ExecutionOrderSort (0ms)
			DisableScriptedObjects (6ms)
			BackupInstance (0ms)
			ReleaseScriptingObjects (0ms)
			CreateAndSetChildDomain (32ms)
		EndReloadAssembly (1003ms)
			LoadAssemblies (82ms)
			RebuildTransferFunctionScriptingTraits (0ms)
			SetupTypeCache (218ms)
			ReleaseScriptCaches (1ms)
			RebuildScriptCaches (32ms)
			SetupLoadedEditorAssemblies (665ms)
				LogAssemblyErrors (0ms)
				InitializePlatformSupportModulesInManaged (11ms)
				SetLoadedEditorAssemblies (0ms)
				RefreshPlugins (1ms)
				BeforeProcessingInitializeOnLoad (45ms)
				ProcessInitializeOnLoadAttributes (573ms)
				ProcessInitializeOnLoadMethodAttributes (30ms)
				AfterProcessingInitializeOnLoad (5ms)
				EditorAssembliesLoaded (0ms)
			ExecutionOrderSort2 (0ms)
			AwakeInstancesAfterBackupRestoration (4ms)
Platform modules already initialized, skipping
Refreshing native plugins compatible for Editor in 0.39 ms, found 4 plugins.
Preloading 0 native plugins for Editor in 0.00 ms.
Unloading 3888 Unused Serialized files (Serialized files now loaded: 0)
Unloading 27 unused Assets / (22.0 KB). Loaded Objects now: 4377.
Memory consumption went from 152.7 MB to 152.7 MB.
Total: 3.094100 ms (FindLiveObjects: 0.201400 ms CreateObjectMapping: 0.092000 ms MarkObjects: 2.777200 ms  DeleteObjects: 0.021800 ms)

AssetImportParameters requested are different than current active one (requested -> active):
  custom:video-decoder-ogg-theora: a1e56fd34408186e4bbccfd4996cb3dc -> 
  custom:container-muxer-webm: aa71ff27fc2769a1b78a27578f13a17b -> 
  custom:container-demuxer-webm: 4f35f7cbe854078d1ac9338744f61a02 -> 
  custom:video-encoder-webm-vp8: eb34c28f22e8b96e1ab97ce403110664 -> 
  custom:video-codec-MediaFoundation-h265: 746d11721c4dcdbdad8f713fa42b33f4 -> 
  custom:CustomObjectIndexerAttribute: bc11b3a6c3213fcdd17b65e7da85e133 -> 
  custom:audio-encoder-webm-vorbis: bf7c407c2cedff20999df2af8eb42d56 -> 
  custom:framework-win-MediaFoundation: 216162199b28c13a410421893ffa2e32 -> 
  custom:SearchIndexIgnoredProperties: e643bd26f0fe6173181afceb89e7c659 -> 
  custom:container-demuxer-ogg: 62fdf1f143b41e24485cea50d1cbac27 -> 
  custom:video-decoder-webm-vp8: 9c59270c3fd7afecdb556c50c9e8de78 -> 
  custom:audio-decoder-ogg-vorbis: bf7c407c2cedff20999df2af8eb42d56 -> 
========================================================================
Received Prepare
Registering precompiled user dll's ...
Registered in 0.006029 seconds.
Begin MonoManager ReloadAssembly
Native extension for WindowsStandalone target not found
Native extension for Android target not found
Native extension for WebGL target not found
Refreshing native plugins compatible for Editor in 0.57 ms, found 4 plugins.
Preloading 0 native plugins for Editor in 0.00 ms.
[Package Manager] Server::EnsureServerProcessIsRunning -- launch failed, reason: Unity was launched with the -noUpm command-line argument
[Package Manager] Cannot connect to Unity Package Manager local server
Mono: successfully reloaded assembly
- Completed reload, in  1.312 seconds
Domain Reload Profiling:
	ReloadAssembly (1313ms)
		BeginReloadAssembly (122ms)
			ExecutionOrderSort (0ms)
			DisableScriptedObjects (4ms)
			BackupInstance (0ms)
			ReleaseScriptingObjects (0ms)
			CreateAndSetChildDomain (30ms)
		EndReloadAssembly (1117ms)
			LoadAssemblies (81ms)
			RebuildTransferFunctionScriptingTraits (0ms)
			SetupTypeCache (243ms)
			ReleaseScriptCaches (1ms)
			RebuildScriptCaches (42ms)
			SetupLoadedEditorAssemblies (724ms)
				LogAssemblyErrors (0ms)
				InitializePlatformSupportModulesInManaged (14ms)
				SetLoadedEditorAssemblies (0ms)
				RefreshPlugins (1ms)
				BeforeProcessingInitializeOnLoad (54ms)
				ProcessInitializeOnLoadAttributes (617ms)
				ProcessInitializeOnLoadMethodAttributes (34ms)
				AfterProcessingInitializeOnLoad (4ms)
				EditorAssembliesLoaded (0ms)
			ExecutionOrderSort2 (0ms)
			AwakeInstancesAfterBackupRestoration (6ms)
Platform modules already initialized, skipping
Refreshing native plugins compatible for Editor in 0.56 ms, found 4 plugins.
Preloading 0 native plugins for Editor in 0.00 ms.
Unloading 3888 Unused Serialized files (Serialized files now loaded: 0)
Unloading 27 unused Assets / (21.9 KB). Loaded Objects now: 4380.
Memory consumption went from 152.7 MB to 152.7 MB.
Total: 2.610900 ms (FindLiveObjects: 0.196000 ms CreateObjectMapping: 0.097000 ms MarkObjects: 2.295600 ms  DeleteObjects: 0.021600 ms)

AssetImportParameters requested are different than current active one (requested -> active):
  custom:video-decoder-ogg-theora: a1e56fd34408186e4bbccfd4996cb3dc -> 
  custom:container-muxer-webm: aa71ff27fc2769a1b78a27578f13a17b -> 
  custom:container-demuxer-webm: 4f35f7cbe854078d1ac9338744f61a02 -> 
  custom:video-encoder-webm-vp8: eb34c28f22e8b96e1ab97ce403110664 -> 
  custom:video-codec-MediaFoundation-h265: 746d11721c4dcdbdad8f713fa42b33f4 -> 
  custom:CustomObjectIndexerAttribute: bc11b3a6c3213fcdd17b65e7da85e133 -> 
  custom:audio-encoder-webm-vorbis: bf7c407c2cedff20999df2af8eb42d56 -> 
  custom:framework-win-MediaFoundation: 216162199b28c13a410421893ffa2e32 -> 
  custom:SearchIndexIgnoredProperties: e643bd26f0fe6173181afceb89e7c659 -> 
  custom:container-demuxer-ogg: 62fdf1f143b41e24485cea50d1cbac27 -> 
  custom:video-decoder-webm-vp8: 9c59270c3fd7afecdb556c50c9e8de78 -> 
  custom:audio-decoder-ogg-vorbis: bf7c407c2cedff20999df2af8eb42d56 -> 
========================================================================
Received Prepare
Registering precompiled user dll's ...
Registered in 0.008441 seconds.
Begin MonoManager ReloadAssembly
Native extension for WindowsStandalone target not found
Native extension for Android target not found
Native extension for WebGL target not found
Refreshing native plugins compatible for Editor in 0.53 ms, found 4 plugins.
Preloading 0 native plugins for Editor in 0.00 ms.
[Package Manager] Server::EnsureServerProcessIsRunning -- launch failed, reason: Unity was launched with the -noUpm command-line argument
[Package Manager] Cannot connect to Unity Package Manager local server
Mono: successfully reloaded assembly
- Completed reload, in  1.364 seconds
Domain Reload Profiling:
	ReloadAssembly (1364ms)
		BeginReloadAssembly (151ms)
			ExecutionOrderSort (0ms)
			DisableScriptedObjects (4ms)
			BackupInstance (0ms)
			ReleaseScriptingObjects (0ms)
			CreateAndSetChildDomain (37ms)
		EndReloadAssembly (1131ms)
			LoadAssemblies (108ms)
			RebuildTransferFunctionScriptingTraits (0ms)
			SetupTypeCache (258ms)
			ReleaseScriptCaches (2ms)
			RebuildScriptCaches (48ms)
			SetupLoadedEditorAssemblies (709ms)
				LogAssemblyErrors (0ms)
				InitializePlatformSupportModulesInManaged (11ms)
				SetLoadedEditorAssemblies (0ms)
				RefreshPlugins (1ms)
				BeforeProcessingInitializeOnLoad (50ms)
				ProcessInitializeOnLoadAttributes (619ms)
				ProcessInitializeOnLoadMethodAttributes (25ms)
				AfterProcessingInitializeOnLoad (3ms)
				EditorAssembliesLoaded (0ms)
			ExecutionOrderSort2 (0ms)
			AwakeInstancesAfterBackupRestoration (5ms)
Platform modules already initialized, skipping
Refreshing native plugins compatible for Editor in 0.49 ms, found 4 plugins.
Preloading 0 native plugins for Editor in 0.00 ms.
Unloading 3888 Unused Serialized files (Serialized files now loaded: 0)
Unloading 27 unused Assets / (21.9 KB). Loaded Objects now: 4383.
Memory consumption went from 152.8 MB to 152.7 MB.
Total: 2.787700 ms (FindLiveObjects: 0.194500 ms CreateObjectMapping: 0.081900 ms MarkObjects: 2.483500 ms  DeleteObjects: 0.027100 ms)

AssetImportParameters requested are different than current active one (requested -> active):
  custom:video-decoder-ogg-theora: a1e56fd34408186e4bbccfd4996cb3dc -> 
  custom:container-muxer-webm: aa71ff27fc2769a1b78a27578f13a17b -> 
  custom:container-demuxer-webm: 4f35f7cbe854078d1ac9338744f61a02 -> 
  custom:video-encoder-webm-vp8: eb34c28f22e8b96e1ab97ce403110664 -> 
  custom:video-codec-MediaFoundation-h265: 746d11721c4dcdbdad8f713fa42b33f4 -> 
  custom:CustomObjectIndexerAttribute: bc11b3a6c3213fcdd17b65e7da85e133 -> 
  custom:audio-encoder-webm-vorbis: bf7c407c2cedff20999df2af8eb42d56 -> 
  custom:framework-win-MediaFoundation: 216162199b28c13a410421893ffa2e32 -> 
  custom:SearchIndexIgnoredProperties: e643bd26f0fe6173181afceb89e7c659 -> 
  custom:container-demuxer-ogg: 62fdf1f143b41e24485cea50d1cbac27 -> 
  custom:video-decoder-webm-vp8: 9c59270c3fd7afecdb556c50c9e8de78 -> 
  custom:audio-decoder-ogg-vorbis: bf7c407c2cedff20999df2af8eb42d56 -> 
========================================================================
Received Prepare
Registering precompiled user dll's ...
Registered in 0.003398 seconds.
Begin MonoManager ReloadAssembly
Native extension for WindowsStandalone target not found
Native extension for Android target not found
Native extension for WebGL target not found
Refreshing native plugins compatible for Editor in 0.63 ms, found 4 plugins.
Preloading 0 native plugins for Editor in 0.00 ms.
[Package Manager] Server::EnsureServerProcessIsRunning -- launch failed, reason: Unity was launched with the -noUpm command-line argument
[Package Manager] Cannot connect to Unity Package Manager local server
Mono: successfully reloaded assembly
- Completed reload, in  1.284 seconds
Domain Reload Profiling:
	ReloadAssembly (1285ms)
		BeginReloadAssembly (118ms)
			ExecutionOrderSort (0ms)
			DisableScriptedObjects (4ms)
			BackupInstance (0ms)
			ReleaseScriptingObjects (0ms)
			CreateAndSetChildDomain (30ms)
		EndReloadAssembly (1104ms)
			LoadAssemblies (82ms)
			RebuildTransferFunctionScriptingTraits (0ms)
			SetupTypeCache (234ms)
			ReleaseScriptCaches (1ms)
			RebuildScriptCaches (40ms)
			SetupLoadedEditorAssemblies (719ms)
				LogAssemblyErrors (0ms)
				InitializePlatformSupportModulesInManaged (14ms)
				SetLoadedEditorAssemblies (0ms)
				RefreshPlugins (1ms)
				BeforeProcessingInitializeOnLoad (57ms)
				ProcessInitializeOnLoadAttributes (611ms)
				ProcessInitializeOnLoadMethodAttributes (32ms)
				AfterProcessingInitializeOnLoad (4ms)
				EditorAssembliesLoaded (0ms)
			ExecutionOrderSort2 (0ms)
			AwakeInstancesAfterBackupRestoration (5ms)
Platform modules already initialized, skipping
Refreshing native plugins compatible for Editor in 0.79 ms, found 4 plugins.
Preloading 0 native plugins for Editor in 0.00 ms.
Unloading 3888 Unused Serialized files (Serialized files now loaded: 0)
Unloading 27 unused Assets / (22.0 KB). Loaded Objects now: 4386.
Memory consumption went from 152.8 MB to 152.7 MB.
Total: 2.517300 ms (FindLiveObjects: 0.186200 ms CreateObjectMapping: 0.084200 ms MarkObjects: 2.224400 ms  DeleteObjects: 0.021700 ms)

AssetImportParameters requested are different than current active one (requested -> active):
  custom:video-decoder-ogg-theora: a1e56fd34408186e4bbccfd4996cb3dc -> 
  custom:container-muxer-webm: aa71ff27fc2769a1b78a27578f13a17b -> 
  custom:container-demuxer-webm: 4f35f7cbe854078d1ac9338744f61a02 -> 
  custom:video-encoder-webm-vp8: eb34c28f22e8b96e1ab97ce403110664 -> 
  custom:video-codec-MediaFoundation-h265: 746d11721c4dcdbdad8f713fa42b33f4 -> 
  custom:CustomObjectIndexerAttribute: bc11b3a6c3213fcdd17b65e7da85e133 -> 
  custom:audio-encoder-webm-vorbis: bf7c407c2cedff20999df2af8eb42d56 -> 
  custom:framework-win-MediaFoundation: 216162199b28c13a410421893ffa2e32 -> 
  custom:SearchIndexIgnoredProperties: e643bd26f0fe6173181afceb89e7c659 -> 
  custom:container-demuxer-ogg: 62fdf1f143b41e24485cea50d1cbac27 -> 
  custom:video-decoder-webm-vp8: 9c59270c3fd7afecdb556c50c9e8de78 -> 
  custom:audio-decoder-ogg-vorbis: bf7c407c2cedff20999df2af8eb42d56 -> 
========================================================================
Received Prepare
Registering precompiled user dll's ...
Registered in 0.005812 seconds.
Begin MonoManager ReloadAssembly
Native extension for WindowsStandalone target not found
Native extension for Android target not found
Native extension for WebGL target not found
Refreshing native plugins compatible for Editor in 0.52 ms, found 4 plugins.
Preloading 0 native plugins for Editor in 0.00 ms.
[Package Manager] Server::EnsureServerProcessIsRunning -- launch failed, reason: Unity was launched with the -noUpm command-line argument
[Package Manager] Cannot connect to Unity Package Manager local server
Mono: successfully reloaded assembly
- Completed reload, in  1.284 seconds
Domain Reload Profiling:
	ReloadAssembly (1285ms)
		BeginReloadAssembly (138ms)
			ExecutionOrderSort (0ms)
			DisableScriptedObjects (6ms)
			BackupInstance (0ms)
			ReleaseScriptingObjects (0ms)
			CreateAndSetChildDomain (34ms)
		EndReloadAssembly (1055ms)
			LoadAssemblies (94ms)
			RebuildTransferFunctionScriptingTraits (0ms)
			SetupTypeCache (230ms)
			ReleaseScriptCaches (1ms)
			RebuildScriptCaches (35ms)
			SetupLoadedEditorAssemblies (685ms)
				LogAssemblyErrors (0ms)
				InitializePlatformSupportModulesInManaged (14ms)
				SetLoadedEditorAssemblies (0ms)
				RefreshPlugins (1ms)
				BeforeProcessingInitializeOnLoad (47ms)
				ProcessInitializeOnLoadAttributes (586ms)
				ProcessInitializeOnLoadMethodAttributes (33ms)
				AfterProcessingInitializeOnLoad (3ms)
				EditorAssembliesLoaded (0ms)
			ExecutionOrderSort2 (0ms)
			AwakeInstancesAfterBackupRestoration (5ms)
Platform modules already initialized, skipping
Refreshing native plugins compatible for Editor in 0.40 ms, found 4 plugins.
Preloading 0 native plugins for Editor in 0.00 ms.
Unloading 3888 Unused Serialized files (Serialized files now loaded: 0)
Unloading 27 unused Assets / (21.9 KB). Loaded Objects now: 4389.
Memory consumption went from 152.8 MB to 152.7 MB.
Total: 2.163700 ms (FindLiveObjects: 0.183700 ms CreateObjectMapping: 0.080400 ms MarkObjects: 1.879500 ms  DeleteObjects: 0.018700 ms)

AssetImportParameters requested are different than current active one (requested -> active):
  custom:video-decoder-ogg-theora: a1e56fd34408186e4bbccfd4996cb3dc -> 
  custom:container-muxer-webm: aa71ff27fc2769a1b78a27578f13a17b -> 
  custom:container-demuxer-webm: 4f35f7cbe854078d1ac9338744f61a02 -> 
  custom:video-encoder-webm-vp8: eb34c28f22e8b96e1ab97ce403110664 -> 
  custom:video-codec-MediaFoundation-h265: 746d11721c4dcdbdad8f713fa42b33f4 -> 
  custom:CustomObjectIndexerAttribute: bc11b3a6c3213fcdd17b65e7da85e133 -> 
  custom:audio-encoder-webm-vorbis: bf7c407c2cedff20999df2af8eb42d56 -> 
  custom:framework-win-MediaFoundation: 216162199b28c13a410421893ffa2e32 -> 
  custom:SearchIndexIgnoredProperties: e643bd26f0fe6173181afceb89e7c659 -> 
  custom:container-demuxer-ogg: 62fdf1f143b41e24485cea50d1cbac27 -> 
  custom:video-decoder-webm-vp8: 9c59270c3fd7afecdb556c50c9e8de78 -> 
  custom:audio-decoder-ogg-vorbis: bf7c407c2cedff20999df2af8eb42d56 -> 
========================================================================
Received Prepare
Registering precompiled user dll's ...
Registered in 0.005582 seconds.
Begin MonoManager ReloadAssembly
Native extension for WindowsStandalone target not found
Native extension for Android target not found
Native extension for WebGL target not found
Refreshing native plugins compatible for Editor in 0.50 ms, found 4 plugins.
Preloading 0 native plugins for Editor in 0.00 ms.
[Package Manager] Server::EnsureServerProcessIsRunning -- launch failed, reason: Unity was launched with the -noUpm command-line argument
[Package Manager] Cannot connect to Unity Package Manager local server
Mono: successfully reloaded assembly
- Completed reload, in  1.342 seconds
Domain Reload Profiling:
	ReloadAssembly (1342ms)
		BeginReloadAssembly (154ms)
			ExecutionOrderSort (0ms)
			DisableScriptedObjects (6ms)
			BackupInstance (0ms)
			ReleaseScriptingObjects (0ms)
			CreateAndSetChildDomain (40ms)
		EndReloadAssembly (1097ms)
			LoadAssemblies (106ms)
			RebuildTransferFunctionScriptingTraits (0ms)
			SetupTypeCache (247ms)
			ReleaseScriptCaches (1ms)
			RebuildScriptCaches (49ms)
			SetupLoadedEditorAssemblies (681ms)
				LogAssemblyErrors (0ms)
				InitializePlatformSupportModulesInManaged (11ms)
				SetLoadedEditorAssemblies (0ms)
				RefreshPlugins (1ms)
				BeforeProcessingInitializeOnLoad (55ms)
				ProcessInitializeOnLoadAttributes (574ms)
				ProcessInitializeOnLoadMethodAttributes (36ms)
				AfterProcessingInitializeOnLoad (3ms)
				EditorAssembliesLoaded (0ms)
			ExecutionOrderSort2 (0ms)
			AwakeInstancesAfterBackupRestoration (4ms)
Platform modules already initialized, skipping
Refreshing native plugins compatible for Editor in 0.48 ms, found 4 plugins.
Preloading 0 native plugins for Editor in 0.00 ms.
Unloading 3888 Unused Serialized files (Serialized files now loaded: 0)
Unloading 27 unused Assets / (22.0 KB). Loaded Objects now: 4392.
Memory consumption went from 152.8 MB to 152.8 MB.
Total: 2.440800 ms (FindLiveObjects: 0.188600 ms CreateObjectMapping: 0.085500 ms MarkObjects: 2.145800 ms  DeleteObjects: 0.020000 ms)

AssetImportParameters requested are different than current active one (requested -> active):
  custom:video-decoder-ogg-theora: a1e56fd34408186e4bbccfd4996cb3dc -> 
  custom:container-muxer-webm: aa71ff27fc2769a1b78a27578f13a17b -> 
  custom:container-demuxer-webm: 4f35f7cbe854078d1ac9338744f61a02 -> 
  custom:video-encoder-webm-vp8: eb34c28f22e8b96e1ab97ce403110664 -> 
  custom:video-codec-MediaFoundation-h265: 746d11721c4dcdbdad8f713fa42b33f4 -> 
  custom:CustomObjectIndexerAttribute: bc11b3a6c3213fcdd17b65e7da85e133 -> 
  custom:audio-encoder-webm-vorbis: bf7c407c2cedff20999df2af8eb42d56 -> 
  custom:framework-win-MediaFoundation: 216162199b28c13a410421893ffa2e32 -> 
  custom:SearchIndexIgnoredProperties: e643bd26f0fe6173181afceb89e7c659 -> 
  custom:container-demuxer-ogg: 62fdf1f143b41e24485cea50d1cbac27 -> 
  custom:video-decoder-webm-vp8: 9c59270c3fd7afecdb556c50c9e8de78 -> 
  custom:audio-decoder-ogg-vorbis: bf7c407c2cedff20999df2af8eb42d56 -> 
========================================================================
Received Prepare
Registering precompiled user dll's ...
Registered in 0.004604 seconds.
Begin MonoManager ReloadAssembly
Native extension for WindowsStandalone target not found
Native extension for Android target not found
Native extension for WebGL target not found
Refreshing native plugins compatible for Editor in 0.51 ms, found 4 plugins.
Preloading 0 native plugins for Editor in 0.00 ms.
[Package Manager] Server::EnsureServerProcessIsRunning -- launch failed, reason: Unity was launched with the -noUpm command-line argument
[Package Manager] Cannot connect to Unity Package Manager local server
Mono: successfully reloaded assembly
- Completed reload, in  1.257 seconds
Domain Reload Profiling:
	ReloadAssembly (1258ms)
		BeginReloadAssembly (121ms)
			ExecutionOrderSort (0ms)
			DisableScriptedObjects (4ms)
			BackupInstance (0ms)
			ReleaseScriptingObjects (0ms)
			CreateAndSetChildDomain (31ms)
		EndReloadAssembly (1069ms)
			LoadAssemblies (83ms)
			RebuildTransferFunctionScriptingTraits (0ms)
			SetupTypeCache (226ms)
			ReleaseScriptCaches (1ms)
			RebuildScriptCaches (39ms)
			SetupLoadedEditorAssemblies (696ms)
				LogAssemblyErrors (0ms)
				InitializePlatformSupportModulesInManaged (13ms)
				SetLoadedEditorAssemblies (0ms)
				RefreshPlugins (1ms)
				BeforeProcessingInitializeOnLoad (53ms)
				ProcessInitializeOnLoadAttributes (590ms)
				ProcessInitializeOnLoadMethodAttributes (34ms)
				AfterProcessingInitializeOnLoad (5ms)
				EditorAssembliesLoaded (0ms)
			ExecutionOrderSort2 (0ms)
			AwakeInstancesAfterBackupRestoration (5ms)
Platform modules already initialized, skipping
Refreshing native plugins compatible for Editor in 0.67 ms, found 4 plugins.
Preloading 0 native plugins for Editor in 0.00 ms.
Unloading 3888 Unused Serialized files (Serialized files now loaded: 0)
Unloading 27 unused Assets / (22.0 KB). Loaded Objects now: 4395.
Memory consumption went from 152.8 MB to 152.8 MB.
Total: 2.620600 ms (FindLiveObjects: 0.200200 ms CreateObjectMapping: 0.098100 ms MarkObjects: 2.300800 ms  DeleteObjects: 0.020600 ms)

AssetImportParameters requested are different than current active one (requested -> active):
  custom:video-decoder-ogg-theora: a1e56fd34408186e4bbccfd4996cb3dc -> 
  custom:container-muxer-webm: aa71ff27fc2769a1b78a27578f13a17b -> 
  custom:container-demuxer-webm: 4f35f7cbe854078d1ac9338744f61a02 -> 
  custom:video-encoder-webm-vp8: eb34c28f22e8b96e1ab97ce403110664 -> 
  custom:video-codec-MediaFoundation-h265: 746d11721c4dcdbdad8f713fa42b33f4 -> 
  custom:CustomObjectIndexerAttribute: bc11b3a6c3213fcdd17b65e7da85e133 -> 
  custom:audio-encoder-webm-vorbis: bf7c407c2cedff20999df2af8eb42d56 -> 
  custom:framework-win-MediaFoundation: 216162199b28c13a410421893ffa2e32 -> 
  custom:SearchIndexIgnoredProperties: e643bd26f0fe6173181afceb89e7c659 -> 
  custom:container-demuxer-ogg: 62fdf1f143b41e24485cea50d1cbac27 -> 
  custom:video-decoder-webm-vp8: 9c59270c3fd7afecdb556c50c9e8de78 -> 
  custom:audio-decoder-ogg-vorbis: bf7c407c2cedff20999df2af8eb42d56 -> 
========================================================================
Received Prepare
Registering precompiled user dll's ...
Registered in 0.003762 seconds.
Begin MonoManager ReloadAssembly
Native extension for WindowsStandalone target not found
Native extension for Android target not found
Native extension for WebGL target not found
Refreshing native plugins compatible for Editor in 0.58 ms, found 4 plugins.
Preloading 0 native plugins for Editor in 0.00 ms.
[Package Manager] Server::EnsureServerProcessIsRunning -- launch failed, reason: Unity was launched with the -noUpm command-line argument
[Package Manager] Cannot connect to Unity Package Manager local server
Mono: successfully reloaded assembly
- Completed reload, in  1.332 seconds
Domain Reload Profiling:
	ReloadAssembly (1333ms)
		BeginReloadAssembly (133ms)
			ExecutionOrderSort (0ms)
			DisableScriptedObjects (7ms)
			BackupInstance (0ms)
			ReleaseScriptingObjects (0ms)
			CreateAndSetChildDomain (31ms)
		EndReloadAssembly (1113ms)
			LoadAssemblies (93ms)
			RebuildTransferFunctionScriptingTraits (0ms)
			SetupTypeCache (269ms)
			ReleaseScriptCaches (2ms)
			RebuildScriptCaches (43ms)
			SetupLoadedEditorAssemblies (694ms)
				LogAssemblyErrors (0ms)
				InitializePlatformSupportModulesInManaged (14ms)
				SetLoadedEditorAssemblies (0ms)
				RefreshPlugins (1ms)
				BeforeProcessingInitializeOnLoad (46ms)
				ProcessInitializeOnLoadAttributes (603ms)
				ProcessInitializeOnLoadMethodAttributes (27ms)
				AfterProcessingInitializeOnLoad (4ms)
				EditorAssembliesLoaded (0ms)
			ExecutionOrderSort2 (0ms)
			AwakeInstancesAfterBackupRestoration (5ms)
Platform modules already initialized, skipping
Refreshing native plugins compatible for Editor in 0.82 ms, found 4 plugins.
Preloading 0 native plugins for Editor in 0.00 ms.
Unloading 3888 Unused Serialized files (Serialized files now loaded: 0)
Unloading 27 unused Assets / (21.9 KB). Loaded Objects now: 4398.
Memory consumption went from 152.8 MB to 152.8 MB.
Total: 2.478600 ms (FindLiveObjects: 0.283600 ms CreateObjectMapping: 0.198600 ms MarkObjects: 1.970300 ms  DeleteObjects: 0.024600 ms)

AssetImportParameters requested are different than current active one (requested -> active):
  custom:video-decoder-ogg-theora: a1e56fd34408186e4bbccfd4996cb3dc -> 
  custom:container-muxer-webm: aa71ff27fc2769a1b78a27578f13a17b -> 
  custom:container-demuxer-webm: 4f35f7cbe854078d1ac9338744f61a02 -> 
  custom:video-encoder-webm-vp8: eb34c28f22e8b96e1ab97ce403110664 -> 
  custom:video-codec-MediaFoundation-h265: 746d11721c4dcdbdad8f713fa42b33f4 -> 
  custom:CustomObjectIndexerAttribute: bc11b3a6c3213fcdd17b65e7da85e133 -> 
  custom:audio-encoder-webm-vorbis: bf7c407c2cedff20999df2af8eb42d56 -> 
  custom:framework-win-MediaFoundation: 216162199b28c13a410421893ffa2e32 -> 
  custom:SearchIndexIgnoredProperties: e643bd26f0fe6173181afceb89e7c659 -> 
  custom:container-demuxer-ogg: 62fdf1f143b41e24485cea50d1cbac27 -> 
  custom:video-decoder-webm-vp8: 9c59270c3fd7afecdb556c50c9e8de78 -> 
  custom:audio-decoder-ogg-vorbis: bf7c407c2cedff20999df2af8eb42d56 -> 
========================================================================
Received Prepare
Registering precompiled user dll's ...
Registered in 0.004371 seconds.
Begin MonoManager ReloadAssembly
Native extension for WindowsStandalone target not found
Native extension for Android target not found
Native extension for WebGL target not found
Refreshing native plugins compatible for Editor in 0.81 ms, found 4 plugins.
Preloading 0 native plugins for Editor in 0.00 ms.
[Package Manager] Server::EnsureServerProcessIsRunning -- launch failed, reason: Unity was launched with the -noUpm command-line argument
[Package Manager] Cannot connect to Unity Package Manager local server
Mono: successfully reloaded assembly
- Completed reload, in  1.362 seconds
Domain Reload Profiling:
	ReloadAssembly (1362ms)
		BeginReloadAssembly (137ms)
			ExecutionOrderSort (0ms)
			DisableScriptedObjects (6ms)
			BackupInstance (0ms)
			ReleaseScriptingObjects (0ms)
			CreateAndSetChildDomain (36ms)
		EndReloadAssembly (1148ms)
			LoadAssemblies (89ms)
			RebuildTransferFunctionScriptingTraits (0ms)
			SetupTypeCache (262ms)
			ReleaseScriptCaches (1ms)
			RebuildScriptCaches (41ms)
			SetupLoadedEditorAssemblies (733ms)
				LogAssemblyErrors (0ms)
				InitializePlatformSupportModulesInManaged (14ms)
				SetLoadedEditorAssemblies (1ms)
				RefreshPlugins (1ms)
				BeforeProcessingInitializeOnLoad (60ms)
				ProcessInitializeOnLoadAttributes (615ms)
				ProcessInitializeOnLoadMethodAttributes (37ms)
				AfterProcessingInitializeOnLoad (5ms)
				EditorAssembliesLoaded (0ms)
			ExecutionOrderSort2 (0ms)
			AwakeInstancesAfterBackupRestoration (7ms)
Platform modules already initialized, skipping
Refreshing native plugins compatible for Editor in 0.63 ms, found 4 plugins.
Preloading 0 native plugins for Editor in 0.00 ms.
Unloading 3888 Unused Serialized files (Serialized files now loaded: 0)
Unloading 27 unused Assets / (21.9 KB). Loaded Objects now: 4401.
Memory consumption went from 152.8 MB to 152.8 MB.
Total: 2.799000 ms (FindLiveObjects: 0.203900 ms CreateObjectMapping: 0.177500 ms MarkObjects: 2.389700 ms  DeleteObjects: 0.026600 ms)

AssetImportParameters requested are different than current active one (requested -> active):
  custom:video-decoder-ogg-theora: a1e56fd34408186e4bbccfd4996cb3dc -> 
  custom:container-muxer-webm: aa71ff27fc2769a1b78a27578f13a17b -> 
  custom:container-demuxer-webm: 4f35f7cbe854078d1ac9338744f61a02 -> 
  custom:video-encoder-webm-vp8: eb34c28f22e8b96e1ab97ce403110664 -> 
  custom:video-codec-MediaFoundation-h265: 746d11721c4dcdbdad8f713fa42b33f4 -> 
  custom:CustomObjectIndexerAttribute: bc11b3a6c3213fcdd17b65e7da85e133 -> 
  custom:audio-encoder-webm-vorbis: bf7c407c2cedff20999df2af8eb42d56 -> 
  custom:framework-win-MediaFoundation: 216162199b28c13a410421893ffa2e32 -> 
  custom:SearchIndexIgnoredProperties: e643bd26f0fe6173181afceb89e7c659 -> 
  custom:container-demuxer-ogg: 62fdf1f143b41e24485cea50d1cbac27 -> 
  custom:video-decoder-webm-vp8: 9c59270c3fd7afecdb556c50c9e8de78 -> 
  custom:audio-decoder-ogg-vorbis: bf7c407c2cedff20999df2af8eb42d56 -> 
========================================================================
Received Prepare
Registering precompiled user dll's ...
Registered in 0.003485 seconds.
Begin MonoManager ReloadAssembly
Native extension for WindowsStandalone target not found
Native extension for Android target not found
Native extension for WebGL target not found
Refreshing native plugins compatible for Editor in 0.51 ms, found 4 plugins.
Preloading 0 native plugins for Editor in 0.00 ms.
[Package Manager] Server::EnsureServerProcessIsRunning -- launch failed, reason: Unity was launched with the -noUpm command-line argument
[Package Manager] Cannot connect to Unity Package Manager local server
Mono: successfully reloaded assembly
- Completed reload, in  1.199 seconds
Domain Reload Profiling:
	ReloadAssembly (1199ms)
		BeginReloadAssembly (130ms)
			ExecutionOrderSort (0ms)
			DisableScriptedObjects (5ms)
			BackupInstance (0ms)
			ReleaseScriptingObjects (0ms)
			CreateAndSetChildDomain (29ms)
		EndReloadAssembly (989ms)
			LoadAssemblies (92ms)
			RebuildTransferFunctionScriptingTraits (0ms)
			SetupTypeCache (200ms)
			ReleaseScriptCaches (2ms)
			RebuildScriptCaches (39ms)
			SetupLoadedEditorAssemblies (654ms)
				LogAssemblyErrors (0ms)
				InitializePlatformSupportModulesInManaged (11ms)
				SetLoadedEditorAssemblies (0ms)
				RefreshPlugins (1ms)
				BeforeProcessingInitializeOnLoad (43ms)
				ProcessInitializeOnLoadAttributes (568ms)
				ProcessInitializeOnLoadMethodAttributes (27ms)
				AfterProcessingInitializeOnLoad (3ms)
				EditorAssembliesLoaded (0ms)
			ExecutionOrderSort2 (0ms)
			AwakeInstancesAfterBackupRestoration (6ms)
Platform modules already initialized, skipping
Refreshing native plugins compatible for Editor in 0.50 ms, found 4 plugins.
Preloading 0 native plugins for Editor in 0.00 ms.
Unloading 3888 Unused Serialized files (Serialized files now loaded: 0)
Unloading 27 unused Assets / (21.9 KB). Loaded Objects now: 4404.
Memory consumption went from 152.8 MB to 152.8 MB.
Total: 2.187300 ms (FindLiveObjects: 0.197800 ms CreateObjectMapping: 0.097000 ms MarkObjects: 1.872200 ms  DeleteObjects: 0.019100 ms)

AssetImportParameters requested are different than current active one (requested -> active):
  custom:video-decoder-ogg-theora: a1e56fd34408186e4bbccfd4996cb3dc -> 
  custom:container-muxer-webm: aa71ff27fc2769a1b78a27578f13a17b -> 
  custom:container-demuxer-webm: 4f35f7cbe854078d1ac9338744f61a02 -> 
  custom:video-encoder-webm-vp8: eb34c28f22e8b96e1ab97ce403110664 -> 
  custom:video-codec-MediaFoundation-h265: 746d11721c4dcdbdad8f713fa42b33f4 -> 
  custom:CustomObjectIndexerAttribute: bc11b3a6c3213fcdd17b65e7da85e133 -> 
  custom:audio-encoder-webm-vorbis: bf7c407c2cedff20999df2af8eb42d56 -> 
  custom:framework-win-MediaFoundation: 216162199b28c13a410421893ffa2e32 -> 
  custom:SearchIndexIgnoredProperties: e643bd26f0fe6173181afceb89e7c659 -> 
  custom:container-demuxer-ogg: 62fdf1f143b41e24485cea50d1cbac27 -> 
  custom:video-decoder-webm-vp8: 9c59270c3fd7afecdb556c50c9e8de78 -> 
  custom:audio-decoder-ogg-vorbis: bf7c407c2cedff20999df2af8eb42d56 -> 
========================================================================
Received Prepare
Registering precompiled user dll's ...
Registered in 0.004447 seconds.
Begin MonoManager ReloadAssembly
Native extension for WindowsStandalone target not found
Native extension for Android target not found
Native extension for WebGL target not found
Refreshing native plugins compatible for Editor in 0.52 ms, found 4 plugins.
Preloading 0 native plugins for Editor in 0.00 ms.
[Package Manager] Server::EnsureServerProcessIsRunning -- launch failed, reason: Unity was launched with the -noUpm command-line argument
[Package Manager] Cannot connect to Unity Package Manager local server
Mono: successfully reloaded assembly
- Completed reload, in  1.272 seconds
Domain Reload Profiling:
	ReloadAssembly (1272ms)
		BeginReloadAssembly (120ms)
			ExecutionOrderSort (0ms)
			DisableScriptedObjects (4ms)
			BackupInstance (0ms)
			ReleaseScriptingObjects (0ms)
			CreateAndSetChildDomain (29ms)
		EndReloadAssembly (1084ms)
			LoadAssemblies (84ms)
			RebuildTransferFunctionScriptingTraits (0ms)
			SetupTypeCache (222ms)
			ReleaseScriptCaches (1ms)
			RebuildScriptCaches (39ms)
			SetupLoadedEditorAssemblies (719ms)
				LogAssemblyErrors (0ms)
				InitializePlatformSupportModulesInManaged (15ms)
				SetLoadedEditorAssemblies (0ms)
				RefreshPlugins (1ms)
				BeforeProcessingInitializeOnLoad (57ms)
				ProcessInitializeOnLoadAttributes (612ms)
				ProcessInitializeOnLoadMethodAttributes (30ms)
				AfterProcessingInitializeOnLoad (5ms)
				EditorAssembliesLoaded (0ms)
			ExecutionOrderSort2 (0ms)
			AwakeInstancesAfterBackupRestoration (6ms)
Platform modules already initialized, skipping
Refreshing native plugins compatible for Editor in 0.58 ms, found 4 plugins.
Preloading 0 native plugins for Editor in 0.00 ms.
Unloading 3888 Unused Serialized files (Serialized files now loaded: 0)
Unloading 27 unused Assets / (21.9 KB). Loaded Objects now: 4407.
Memory consumption went from 152.8 MB to 152.8 MB.
Total: 2.734800 ms (FindLiveObjects: 0.228400 ms CreateObjectMapping: 0.180600 ms MarkObjects: 2.303200 ms  DeleteObjects: 0.021600 ms)

AssetImportParameters requested are different than current active one (requested -> active):
  custom:video-decoder-ogg-theora: a1e56fd34408186e4bbccfd4996cb3dc -> 
  custom:container-muxer-webm: aa71ff27fc2769a1b78a27578f13a17b -> 
  custom:container-demuxer-webm: 4f35f7cbe854078d1ac9338744f61a02 -> 
  custom:video-encoder-webm-vp8: eb34c28f22e8b96e1ab97ce403110664 -> 
  custom:video-codec-MediaFoundation-h265: 746d11721c4dcdbdad8f713fa42b33f4 -> 
  custom:CustomObjectIndexerAttribute: bc11b3a6c3213fcdd17b65e7da85e133 -> 
  custom:audio-encoder-webm-vorbis: bf7c407c2cedff20999df2af8eb42d56 -> 
  custom:framework-win-MediaFoundation: 216162199b28c13a410421893ffa2e32 -> 
  custom:SearchIndexIgnoredProperties: e643bd26f0fe6173181afceb89e7c659 -> 
  custom:container-demuxer-ogg: 62fdf1f143b41e24485cea50d1cbac27 -> 
  custom:video-decoder-webm-vp8: 9c59270c3fd7afecdb556c50c9e8de78 -> 
  custom:audio-decoder-ogg-vorbis: bf7c407c2cedff20999df2af8eb42d56 -> 
========================================================================
Received Prepare
Registering precompiled user dll's ...
Registered in 0.005569 seconds.
Begin MonoManager ReloadAssembly
Native extension for WindowsStandalone target not found
Native extension for Android target not found
Native extension for WebGL target not found
Refreshing native plugins compatible for Editor in 0.78 ms, found 4 plugins.
Preloading 0 native plugins for Editor in 0.00 ms.
[Package Manager] Server::EnsureServerProcessIsRunning -- launch failed, reason: Unity was launched with the -noUpm command-line argument
[Package Manager] Cannot connect to Unity Package Manager local server
Mono: successfully reloaded assembly
- Completed reload, in  1.317 seconds
Domain Reload Profiling:
	ReloadAssembly (1318ms)
		BeginReloadAssembly (142ms)
			ExecutionOrderSort (0ms)
			DisableScriptedObjects (6ms)
			BackupInstance (0ms)
			ReleaseScriptingObjects (0ms)
			CreateAndSetChildDomain (35ms)
		EndReloadAssembly (1094ms)
			LoadAssemblies (98ms)
			RebuildTransferFunctionScriptingTraits (0ms)
			SetupTypeCache (228ms)
			ReleaseScriptCaches (1ms)
			RebuildScriptCaches (46ms)
			SetupLoadedEditorAssemblies (707ms)
				LogAssemblyErrors (0ms)
				InitializePlatformSupportModulesInManaged (13ms)
				SetLoadedEditorAssemblies (0ms)
				RefreshPlugins (1ms)
				BeforeProcessingInitializeOnLoad (50ms)
				ProcessInitializeOnLoadAttributes (610ms)
				ProcessInitializeOnLoadMethodAttributes (29ms)
				AfterProcessingInitializeOnLoad (3ms)
				EditorAssembliesLoaded (0ms)
			ExecutionOrderSort2 (0ms)
			AwakeInstancesAfterBackupRestoration (5ms)
Platform modules already initialized, skipping
Refreshing native plugins compatible for Editor in 0.43 ms, found 4 plugins.
Preloading 0 native plugins for Editor in 0.00 ms.
Unloading 3888 Unused Serialized files (Serialized files now loaded: 0)
Unloading 27 unused Assets / (22.0 KB). Loaded Objects now: 4410.
Memory consumption went from 152.8 MB to 152.8 MB.
Total: 2.219200 ms (FindLiveObjects: 0.180000 ms CreateObjectMapping: 0.079000 ms MarkObjects: 1.941800 ms  DeleteObjects: 0.017800 ms)

AssetImportParameters requested are different than current active one (requested -> active):
  custom:video-decoder-ogg-theora: a1e56fd34408186e4bbccfd4996cb3dc -> 
  custom:container-muxer-webm: aa71ff27fc2769a1b78a27578f13a17b -> 
  custom:container-demuxer-webm: 4f35f7cbe854078d1ac9338744f61a02 -> 
  custom:video-encoder-webm-vp8: eb34c28f22e8b96e1ab97ce403110664 -> 
  custom:video-codec-MediaFoundation-h265: 746d11721c4dcdbdad8f713fa42b33f4 -> 
  custom:CustomObjectIndexerAttribute: bc11b3a6c3213fcdd17b65e7da85e133 -> 
  custom:audio-encoder-webm-vorbis: bf7c407c2cedff20999df2af8eb42d56 -> 
  custom:framework-win-MediaFoundation: 216162199b28c13a410421893ffa2e32 -> 
  custom:SearchIndexIgnoredProperties: e643bd26f0fe6173181afceb89e7c659 -> 
  custom:container-demuxer-ogg: 62fdf1f143b41e24485cea50d1cbac27 -> 
  custom:video-decoder-webm-vp8: 9c59270c3fd7afecdb556c50c9e8de78 -> 
  custom:audio-decoder-ogg-vorbis: bf7c407c2cedff20999df2af8eb42d56 -> 
========================================================================
Received Prepare
Registering precompiled user dll's ...
Registered in 0.005838 seconds.
Begin MonoManager ReloadAssembly
Native extension for WindowsStandalone target not found
Native extension for Android target not found
Native extension for WebGL target not found
Refreshing native plugins compatible for Editor in 0.61 ms, found 4 plugins.
Preloading 0 native plugins for Editor in 0.00 ms.
[Package Manager] Server::EnsureServerProcessIsRunning -- launch failed, reason: Unity was launched with the -noUpm command-line argument
[Package Manager] Cannot connect to Unity Package Manager local server
Mono: successfully reloaded assembly
- Completed reload, in  1.294 seconds
Domain Reload Profiling:
	ReloadAssembly (1295ms)
		BeginReloadAssembly (118ms)
			ExecutionOrderSort (0ms)
			DisableScriptedObjects (5ms)
			BackupInstance (0ms)
			ReleaseScriptingObjects (0ms)
			CreateAndSetChildDomain (26ms)
		EndReloadAssembly (1105ms)
			LoadAssemblies (86ms)
			RebuildTransferFunctionScriptingTraits (0ms)
			SetupTypeCache (236ms)
			ReleaseScriptCaches (1ms)
			RebuildScriptCaches (40ms)
			SetupLoadedEditorAssemblies (716ms)
				LogAssemblyErrors (0ms)
				InitializePlatformSupportModulesInManaged (13ms)
				SetLoadedEditorAssemblies (0ms)
				RefreshPlugins (1ms)
				BeforeProcessingInitializeOnLoad (53ms)
				ProcessInitializeOnLoadAttributes (611ms)
				ProcessInitializeOnLoadMethodAttributes (33ms)
				AfterProcessingInitializeOnLoad (5ms)
				EditorAssembliesLoaded (0ms)
			ExecutionOrderSort2 (0ms)
			AwakeInstancesAfterBackupRestoration (7ms)
Platform modules already initialized, skipping
Refreshing native plugins compatible for Editor in 0.67 ms, found 4 plugins.
Preloading 0 native plugins for Editor in 0.00 ms.
Unloading 3888 Unused Serialized files (Serialized files now loaded: 0)
Unloading 27 unused Assets / (23.0 KB). Loaded Objects now: 4413.
Memory consumption went from 152.8 MB to 152.8 MB.
Total: 2.787700 ms (FindLiveObjects: 0.228100 ms CreateObjectMapping: 0.130500 ms MarkObjects: 2.396400 ms  DeleteObjects: 0.032000 ms)

AssetImportParameters requested are different than current active one (requested -> active):
  custom:video-decoder-ogg-theora: a1e56fd34408186e4bbccfd4996cb3dc -> 
  custom:container-muxer-webm: aa71ff27fc2769a1b78a27578f13a17b -> 
  custom:container-demuxer-webm: 4f35f7cbe854078d1ac9338744f61a02 -> 
  custom:video-encoder-webm-vp8: eb34c28f22e8b96e1ab97ce403110664 -> 
  custom:video-codec-MediaFoundation-h265: 746d11721c4dcdbdad8f713fa42b33f4 -> 
  custom:CustomObjectIndexerAttribute: bc11b3a6c3213fcdd17b65e7da85e133 -> 
  custom:audio-encoder-webm-vorbis: bf7c407c2cedff20999df2af8eb42d56 -> 
  custom:framework-win-MediaFoundation: 216162199b28c13a410421893ffa2e32 -> 
  custom:SearchIndexIgnoredProperties: e643bd26f0fe6173181afceb89e7c659 -> 
  custom:container-demuxer-ogg: 62fdf1f143b41e24485cea50d1cbac27 -> 
  custom:video-decoder-webm-vp8: 9c59270c3fd7afecdb556c50c9e8de78 -> 
  custom:audio-decoder-ogg-vorbis: bf7c407c2cedff20999df2af8eb42d56 -> 
========================================================================
Received Prepare
Registering precompiled user dll's ...
Registered in 0.005587 seconds.
Begin MonoManager ReloadAssembly
Native extension for WindowsStandalone target not found
Native extension for Android target not found
Native extension for WebGL target not found
Refreshing native plugins compatible for Editor in 0.55 ms, found 4 plugins.
Preloading 0 native plugins for Editor in 0.00 ms.
[Package Manager] Server::EnsureServerProcessIsRunning -- launch failed, reason: Unity was launched with the -noUpm command-line argument
[Package Manager] Cannot connect to Unity Package Manager local server
Mono: successfully reloaded assembly
- Completed reload, in  1.281 seconds
Domain Reload Profiling:
	ReloadAssembly (1282ms)
		BeginReloadAssembly (122ms)
			ExecutionOrderSort (0ms)
			DisableScriptedObjects (4ms)
			BackupInstance (0ms)
			ReleaseScriptingObjects (0ms)
			CreateAndSetChildDomain (31ms)
		EndReloadAssembly (1092ms)
			LoadAssemblies (80ms)
			RebuildTransferFunctionScriptingTraits (0ms)
			SetupTypeCache (229ms)
			ReleaseScriptCaches (1ms)
			RebuildScriptCaches (40ms)
			SetupLoadedEditorAssemblies (713ms)
				LogAssemblyErrors (0ms)
				InitializePlatformSupportModulesInManaged (13ms)
				SetLoadedEditorAssemblies (0ms)
				RefreshPlugins (1ms)
				BeforeProcessingInitializeOnLoad (50ms)
				ProcessInitializeOnLoadAttributes (611ms)
				ProcessInitializeOnLoadMethodAttributes (33ms)
				AfterProcessingInitializeOnLoad (5ms)
				EditorAssembliesLoaded (0ms)
			ExecutionOrderSort2 (0ms)
			AwakeInstancesAfterBackupRestoration (6ms)
Platform modules already initialized, skipping
Refreshing native plugins compatible for Editor in 0.58 ms, found 4 plugins.
Preloading 0 native plugins for Editor in 0.00 ms.
Unloading 3888 Unused Serialized files (Serialized files now loaded: 0)
Unloading 27 unused Assets / (21.9 KB). Loaded Objects now: 4416.
Memory consumption went from 152.8 MB to 152.8 MB.
Total: 2.541800 ms (FindLiveObjects: 0.283000 ms CreateObjectMapping: 0.196500 ms MarkObjects: 2.037300 ms  DeleteObjects: 0.023600 ms)

AssetImportParameters requested are different than current active one (requested -> active):
  custom:video-decoder-ogg-theora: a1e56fd34408186e4bbccfd4996cb3dc -> 
  custom:container-muxer-webm: aa71ff27fc2769a1b78a27578f13a17b -> 
  custom:container-demuxer-webm: 4f35f7cbe854078d1ac9338744f61a02 -> 
  custom:video-encoder-webm-vp8: eb34c28f22e8b96e1ab97ce403110664 -> 
  custom:video-codec-MediaFoundation-h265: 746d11721c4dcdbdad8f713fa42b33f4 -> 
  custom:CustomObjectIndexerAttribute: bc11b3a6c3213fcdd17b65e7da85e133 -> 
  custom:audio-encoder-webm-vorbis: bf7c407c2cedff20999df2af8eb42d56 -> 
  custom:framework-win-MediaFoundation: 216162199b28c13a410421893ffa2e32 -> 
  custom:SearchIndexIgnoredProperties: e643bd26f0fe6173181afceb89e7c659 -> 
  custom:container-demuxer-ogg: 62fdf1f143b41e24485cea50d1cbac27 -> 
  custom:video-decoder-webm-vp8: 9c59270c3fd7afecdb556c50c9e8de78 -> 
  custom:audio-decoder-ogg-vorbis: bf7c407c2cedff20999df2af8eb42d56 -> 
========================================================================
Received Prepare
Registering precompiled user dll's ...
Registered in 0.005115 seconds.
Begin MonoManager ReloadAssembly
Native extension for WindowsStandalone target not found
Native extension for Android target not found
Native extension for WebGL target not found
Refreshing native plugins compatible for Editor in 0.66 ms, found 4 plugins.
Preloading 0 native plugins for Editor in 0.00 ms.
[Package Manager] Server::EnsureServerProcessIsRunning -- launch failed, reason: Unity was launched with the -noUpm command-line argument
[Package Manager] Cannot connect to Unity Package Manager local server
Mono: successfully reloaded assembly
- Completed reload, in  1.273 seconds
Domain Reload Profiling:
	ReloadAssembly (1274ms)
		BeginReloadAssembly (118ms)
			ExecutionOrderSort (0ms)
			DisableScriptedObjects (5ms)
			BackupInstance (0ms)
			ReleaseScriptingObjects (0ms)
			CreateAndSetChildDomain (28ms)
		EndReloadAssembly (1081ms)
			LoadAssemblies (81ms)
			RebuildTransferFunctionScriptingTraits (0ms)
			SetupTypeCache (229ms)
			ReleaseScriptCaches (1ms)
			RebuildScriptCaches (41ms)
			SetupLoadedEditorAssemblies (707ms)
				LogAssemblyErrors (0ms)
				InitializePlatformSupportModulesInManaged (12ms)
				SetLoadedEditorAssemblies (0ms)
				RefreshPlugins (1ms)
				BeforeProcessingInitializeOnLoad (55ms)
				ProcessInitializeOnLoadAttributes (601ms)
				ProcessInitializeOnLoadMethodAttributes (34ms)
				AfterProcessingInitializeOnLoad (4ms)
				EditorAssembliesLoaded (0ms)
			ExecutionOrderSort2 (0ms)
			AwakeInstancesAfterBackupRestoration (5ms)
Platform modules already initialized, skipping
Refreshing native plugins compatible for Editor in 0.58 ms, found 4 plugins.
Preloading 0 native plugins for Editor in 0.00 ms.
Unloading 3888 Unused Serialized files (Serialized files now loaded: 0)
Unloading 27 unused Assets / (21.9 KB). Loaded Objects now: 4419.
Memory consumption went from 152.9 MB to 152.8 MB.
Total: 2.616400 ms (FindLiveObjects: 0.202700 ms CreateObjectMapping: 0.106100 ms MarkObjects: 2.284100 ms  DeleteObjects: 0.022600 ms)

AssetImportParameters requested are different than current active one (requested -> active):
  custom:video-decoder-ogg-theora: a1e56fd34408186e4bbccfd4996cb3dc -> 
  custom:container-muxer-webm: aa71ff27fc2769a1b78a27578f13a17b -> 
  custom:container-demuxer-webm: 4f35f7cbe854078d1ac9338744f61a02 -> 
  custom:video-encoder-webm-vp8: eb34c28f22e8b96e1ab97ce403110664 -> 
  custom:video-codec-MediaFoundation-h265: 746d11721c4dcdbdad8f713fa42b33f4 -> 
  custom:CustomObjectIndexerAttribute: bc11b3a6c3213fcdd17b65e7da85e133 -> 
  custom:audio-encoder-webm-vorbis: bf7c407c2cedff20999df2af8eb42d56 -> 
  custom:framework-win-MediaFoundation: 216162199b28c13a410421893ffa2e32 -> 
  custom:SearchIndexIgnoredProperties: e643bd26f0fe6173181afceb89e7c659 -> 
  custom:container-demuxer-ogg: 62fdf1f143b41e24485cea50d1cbac27 -> 
  custom:video-decoder-webm-vp8: 9c59270c3fd7afecdb556c50c9e8de78 -> 
  custom:audio-decoder-ogg-vorbis: bf7c407c2cedff20999df2af8eb42d56 -> 
========================================================================
Received Prepare
Registering precompiled user dll's ...
Registered in 0.003435 seconds.
Begin MonoManager ReloadAssembly
Native extension for WindowsStandalone target not found
Native extension for Android target not found
Native extension for WebGL target not found
Refreshing native plugins compatible for Editor in 0.67 ms, found 4 plugins.
Preloading 0 native plugins for Editor in 0.00 ms.
[Package Manager] Server::EnsureServerProcessIsRunning -- launch failed, reason: Unity was launched with the -noUpm command-line argument
[Package Manager] Cannot connect to Unity Package Manager local server
Mono: successfully reloaded assembly
- Completed reload, in  1.276 seconds
Domain Reload Profiling:
	ReloadAssembly (1276ms)
		BeginReloadAssembly (120ms)
			ExecutionOrderSort (0ms)
			DisableScriptedObjects (4ms)
			BackupInstance (0ms)
			ReleaseScriptingObjects (0ms)
			CreateAndSetChildDomain (26ms)
		EndReloadAssembly (1091ms)
			LoadAssemblies (83ms)
			RebuildTransferFunctionScriptingTraits (0ms)
			SetupTypeCache (224ms)
			ReleaseScriptCaches (2ms)
			RebuildScriptCaches (43ms)
			SetupLoadedEditorAssemblies (717ms)
				LogAssemblyErrors (0ms)
				InitializePlatformSupportModulesInManaged (15ms)
				SetLoadedEditorAssemblies (1ms)
				RefreshPlugins (1ms)
				BeforeProcessingInitializeOnLoad (55ms)
				ProcessInitializeOnLoadAttributes (608ms)
				ProcessInitializeOnLoadMethodAttributes (33ms)
				AfterProcessingInitializeOnLoad (4ms)
				EditorAssembliesLoaded (0ms)
			ExecutionOrderSort2 (0ms)
			AwakeInstancesAfterBackupRestoration (7ms)
Platform modules already initialized, skipping
Refreshing native plugins compatible for Editor in 0.66 ms, found 4 plugins.
Preloading 0 native plugins for Editor in 0.00 ms.
Unloading 3888 Unused Serialized files (Serialized files now loaded: 0)
Unloading 27 unused Assets / (21.9 KB). Loaded Objects now: 4422.
Memory consumption went from 152.9 MB to 152.8 MB.
Total: 2.416700 ms (FindLiveObjects: 0.196300 ms CreateObjectMapping: 0.084000 ms MarkObjects: 2.113600 ms  DeleteObjects: 0.022100 ms)

AssetImportParameters requested are different than current active one (requested -> active):
  custom:video-decoder-ogg-theora: a1e56fd34408186e4bbccfd4996cb3dc -> 
  custom:container-muxer-webm: aa71ff27fc2769a1b78a27578f13a17b -> 
  custom:container-demuxer-webm: 4f35f7cbe854078d1ac9338744f61a02 -> 
  custom:video-encoder-webm-vp8: eb34c28f22e8b96e1ab97ce403110664 -> 
  custom:video-codec-MediaFoundation-h265: 746d11721c4dcdbdad8f713fa42b33f4 -> 
  custom:CustomObjectIndexerAttribute: bc11b3a6c3213fcdd17b65e7da85e133 -> 
  custom:audio-encoder-webm-vorbis: bf7c407c2cedff20999df2af8eb42d56 -> 
  custom:framework-win-MediaFoundation: 216162199b28c13a410421893ffa2e32 -> 
  custom:SearchIndexIgnoredProperties: e643bd26f0fe6173181afceb89e7c659 -> 
  custom:container-demuxer-ogg: 62fdf1f143b41e24485cea50d1cbac27 -> 
  custom:video-decoder-webm-vp8: 9c59270c3fd7afecdb556c50c9e8de78 -> 
  custom:audio-decoder-ogg-vorbis: bf7c407c2cedff20999df2af8eb42d56 -> 
========================================================================
Received Prepare
Registering precompiled user dll's ...
Registered in 0.004835 seconds.
Begin MonoManager ReloadAssembly
Native extension for WindowsStandalone target not found
Native extension for Android target not found
Native extension for WebGL target not found
Refreshing native plugins compatible for Editor in 0.68 ms, found 4 plugins.
Preloading 0 native plugins for Editor in 0.00 ms.
[Package Manager] Server::EnsureServerProcessIsRunning -- launch failed, reason: Unity was launched with the -noUpm command-line argument
[Package Manager] Cannot connect to Unity Package Manager local server
Mono: successfully reloaded assembly
- Completed reload, in  1.271 seconds
Domain Reload Profiling:
	ReloadAssembly (1272ms)
		BeginReloadAssembly (117ms)
			ExecutionOrderSort (0ms)
			DisableScriptedObjects (6ms)
			BackupInstance (0ms)
			ReleaseScriptingObjects (0ms)
			CreateAndSetChildDomain (27ms)
		EndReloadAssembly (1089ms)
			LoadAssemblies (76ms)
			RebuildTransferFunctionScriptingTraits (0ms)
			SetupTypeCache (224ms)
			ReleaseScriptCaches (1ms)
			RebuildScriptCaches (39ms)
			SetupLoadedEditorAssemblies (726ms)
				LogAssemblyErrors (0ms)
				InitializePlatformSupportModulesInManaged (15ms)
				SetLoadedEditorAssemblies (0ms)
				RefreshPlugins (1ms)
				BeforeProcessingInitializeOnLoad (51ms)
				ProcessInitializeOnLoadAttributes (621ms)
				ProcessInitializeOnLoadMethodAttributes (33ms)
				AfterProcessingInitializeOnLoad (4ms)
				EditorAssembliesLoaded (0ms)
			ExecutionOrderSort2 (0ms)
			AwakeInstancesAfterBackupRestoration (5ms)
Platform modules already initialized, skipping
Refreshing native plugins compatible for Editor in 0.66 ms, found 4 plugins.
Preloading 0 native plugins for Editor in 0.00 ms.
Unloading 3888 Unused Serialized files (Serialized files now loaded: 0)
Unloading 27 unused Assets / (21.9 KB). Loaded Objects now: 4425.
Memory consumption went from 152.9 MB to 152.9 MB.
Total: 2.340700 ms (FindLiveObjects: 0.242400 ms CreateObjectMapping: 0.122600 ms MarkObjects: 1.947100 ms  DeleteObjects: 0.027400 ms)

AssetImportParameters requested are different than current active one (requested -> active):
  custom:video-decoder-ogg-theora: a1e56fd34408186e4bbccfd4996cb3dc -> 
  custom:container-muxer-webm: aa71ff27fc2769a1b78a27578f13a17b -> 
  custom:container-demuxer-webm: 4f35f7cbe854078d1ac9338744f61a02 -> 
  custom:video-encoder-webm-vp8: eb34c28f22e8b96e1ab97ce403110664 -> 
  custom:video-codec-MediaFoundation-h265: 746d11721c4dcdbdad8f713fa42b33f4 -> 
  custom:CustomObjectIndexerAttribute: bc11b3a6c3213fcdd17b65e7da85e133 -> 
  custom:audio-encoder-webm-vorbis: bf7c407c2cedff20999df2af8eb42d56 -> 
  custom:framework-win-MediaFoundation: 216162199b28c13a410421893ffa2e32 -> 
  custom:SearchIndexIgnoredProperties: e643bd26f0fe6173181afceb89e7c659 -> 
  custom:container-demuxer-ogg: 62fdf1f143b41e24485cea50d1cbac27 -> 
  custom:video-decoder-webm-vp8: 9c59270c3fd7afecdb556c50c9e8de78 -> 
  custom:audio-decoder-ogg-vorbis: bf7c407c2cedff20999df2af8eb42d56 -> 
========================================================================
Received Prepare
Registering precompiled user dll's ...
Registered in 0.003626 seconds.
Begin MonoManager ReloadAssembly
Native extension for WindowsStandalone target not found
Native extension for Android target not found
Native extension for WebGL target not found
Refreshing native plugins compatible for Editor in 0.57 ms, found 4 plugins.
Preloading 0 native plugins for Editor in 0.00 ms.
[Package Manager] Server::EnsureServerProcessIsRunning -- launch failed, reason: Unity was launched with the -noUpm command-line argument
[Package Manager] Cannot connect to Unity Package Manager local server
Mono: successfully reloaded assembly
- Completed reload, in  1.269 seconds
Domain Reload Profiling:
	ReloadAssembly (1269ms)
		BeginReloadAssembly (119ms)
			ExecutionOrderSort (0ms)
			DisableScriptedObjects (4ms)
			BackupInstance (0ms)
			ReleaseScriptingObjects (0ms)
			CreateAndSetChildDomain (25ms)
		EndReloadAssembly (1086ms)
			LoadAssemblies (83ms)
			RebuildTransferFunctionScriptingTraits (0ms)
			SetupTypeCache (222ms)
			ReleaseScriptCaches (1ms)
			RebuildScriptCaches (38ms)
			SetupLoadedEditorAssemblies (724ms)
				LogAssemblyErrors (0ms)
				InitializePlatformSupportModulesInManaged (14ms)
				SetLoadedEditorAssemblies (0ms)
				RefreshPlugins (1ms)
				BeforeProcessingInitializeOnLoad (54ms)
				ProcessInitializeOnLoadAttributes (616ms)
				ProcessInitializeOnLoadMethodAttributes (34ms)
				AfterProcessingInitializeOnLoad (4ms)
				EditorAssembliesLoaded (0ms)
			ExecutionOrderSort2 (0ms)
			AwakeInstancesAfterBackupRestoration (6ms)
Platform modules already initialized, skipping
Refreshing native plugins compatible for Editor in 0.75 ms, found 4 plugins.
Preloading 0 native plugins for Editor in 0.00 ms.
Unloading 3888 Unused Serialized files (Serialized files now loaded: 0)
Unloading 27 unused Assets / (22.0 KB). Loaded Objects now: 4428.
Memory consumption went from 152.9 MB to 152.9 MB.
Total: 2.302400 ms (FindLiveObjects: 0.189000 ms CreateObjectMapping: 0.113700 ms MarkObjects: 1.979200 ms  DeleteObjects: 0.019800 ms)

AssetImportParameters requested are different than current active one (requested -> active):
  custom:video-decoder-ogg-theora: a1e56fd34408186e4bbccfd4996cb3dc -> 
  custom:container-muxer-webm: aa71ff27fc2769a1b78a27578f13a17b -> 
  custom:container-demuxer-webm: 4f35f7cbe854078d1ac9338744f61a02 -> 
  custom:video-encoder-webm-vp8: eb34c28f22e8b96e1ab97ce403110664 -> 
  custom:video-codec-MediaFoundation-h265: 746d11721c4dcdbdad8f713fa42b33f4 -> 
  custom:CustomObjectIndexerAttribute: bc11b3a6c3213fcdd17b65e7da85e133 -> 
  custom:audio-encoder-webm-vorbis: bf7c407c2cedff20999df2af8eb42d56 -> 
  custom:framework-win-MediaFoundation: 216162199b28c13a410421893ffa2e32 -> 
  custom:SearchIndexIgnoredProperties: e643bd26f0fe6173181afceb89e7c659 -> 
  custom:container-demuxer-ogg: 62fdf1f143b41e24485cea50d1cbac27 -> 
  custom:video-decoder-webm-vp8: 9c59270c3fd7afecdb556c50c9e8de78 -> 
  custom:audio-decoder-ogg-vorbis: bf7c407c2cedff20999df2af8eb42d56 -> 
========================================================================
Received Prepare
Registering precompiled user dll's ...
Registered in 0.003602 seconds.
Begin MonoManager ReloadAssembly
Native extension for WindowsStandalone target not found
Native extension for Android target not found
Native extension for WebGL target not found
Refreshing native plugins compatible for Editor in 0.72 ms, found 4 plugins.
Preloading 0 native plugins for Editor in 0.00 ms.
[Package Manager] Server::EnsureServerProcessIsRunning -- launch failed, reason: Unity was launched with the -noUpm command-line argument
[Package Manager] Cannot connect to Unity Package Manager local server
Mono: successfully reloaded assembly
- Completed reload, in  1.274 seconds
Domain Reload Profiling:
	ReloadAssembly (1274ms)
		BeginReloadAssembly (119ms)
			ExecutionOrderSort (0ms)
			DisableScriptedObjects (5ms)
			BackupInstance (0ms)
			ReleaseScriptingObjects (0ms)
			CreateAndSetChildDomain (29ms)
		EndReloadAssembly (1084ms)
			LoadAssemblies (82ms)
			RebuildTransferFunctionScriptingTraits (0ms)
			SetupTypeCache (213ms)
			ReleaseScriptCaches (1ms)
			RebuildScriptCaches (39ms)
			SetupLoadedEditorAssemblies (721ms)
				LogAssemblyErrors (0ms)
				InitializePlatformSupportModulesInManaged (15ms)
				SetLoadedEditorAssemblies (0ms)
				RefreshPlugins (1ms)
				BeforeProcessingInitializeOnLoad (54ms)
				ProcessInitializeOnLoadAttributes (611ms)
				ProcessInitializeOnLoadMethodAttributes (35ms)
				AfterProcessingInitializeOnLoad (4ms)
				EditorAssembliesLoaded (0ms)
			ExecutionOrderSort2 (0ms)
			AwakeInstancesAfterBackupRestoration (6ms)
Platform modules already initialized, skipping
Refreshing native plugins compatible for Editor in 0.67 ms, found 4 plugins.
Preloading 0 native plugins for Editor in 0.00 ms.
Unloading 3888 Unused Serialized files (Serialized files now loaded: 0)
Unloading 27 unused Assets / (23.0 KB). Loaded Objects now: 4431.
Memory consumption went from 152.9 MB to 152.9 MB.
Total: 2.413200 ms (FindLiveObjects: 0.200000 ms CreateObjectMapping: 0.103400 ms MarkObjects: 2.088100 ms  DeleteObjects: 0.020900 ms)

AssetImportParameters requested are different than current active one (requested -> active):
  custom:video-decoder-ogg-theora: a1e56fd34408186e4bbccfd4996cb3dc -> 
  custom:container-muxer-webm: aa71ff27fc2769a1b78a27578f13a17b -> 
  custom:container-demuxer-webm: 4f35f7cbe854078d1ac9338744f61a02 -> 
  custom:video-encoder-webm-vp8: eb34c28f22e8b96e1ab97ce403110664 -> 
  custom:video-codec-MediaFoundation-h265: 746d11721c4dcdbdad8f713fa42b33f4 -> 
  custom:CustomObjectIndexerAttribute: bc11b3a6c3213fcdd17b65e7da85e133 -> 
  custom:audio-encoder-webm-vorbis: bf7c407c2cedff20999df2af8eb42d56 -> 
  custom:framework-win-MediaFoundation: 216162199b28c13a410421893ffa2e32 -> 
  custom:SearchIndexIgnoredProperties: e643bd26f0fe6173181afceb89e7c659 -> 
  custom:container-demuxer-ogg: 62fdf1f143b41e24485cea50d1cbac27 -> 
  custom:video-decoder-webm-vp8: 9c59270c3fd7afecdb556c50c9e8de78 -> 
  custom:audio-decoder-ogg-vorbis: bf7c407c2cedff20999df2af8eb42d56 -> 
========================================================================
Received Prepare
Registering precompiled user dll's ...
Registered in 0.005112 seconds.
Begin MonoManager ReloadAssembly
Native extension for WindowsStandalone target not found
Native extension for Android target not found
Native extension for WebGL target not found
Refreshing native plugins compatible for Editor in 0.57 ms, found 4 plugins.
Preloading 0 native plugins for Editor in 0.00 ms.
[Package Manager] Server::EnsureServerProcessIsRunning -- launch failed, reason: Unity was launched with the -noUpm command-line argument
[Package Manager] Cannot connect to Unity Package Manager local server
Mono: successfully reloaded assembly
- Completed reload, in  1.238 seconds
Domain Reload Profiling:
	ReloadAssembly (1238ms)
		BeginReloadAssembly (126ms)
			ExecutionOrderSort (0ms)
			DisableScriptedObjects (5ms)
			BackupInstance (0ms)
			ReleaseScriptingObjects (0ms)
			CreateAndSetChildDomain (30ms)
		EndReloadAssembly (1026ms)
			LoadAssemblies (90ms)
			RebuildTransferFunctionScriptingTraits (0ms)
			SetupTypeCache (242ms)
			ReleaseScriptCaches (1ms)
			RebuildScriptCaches (41ms)
			SetupLoadedEditorAssemblies (638ms)
				LogAssemblyErrors (0ms)
				InitializePlatformSupportModulesInManaged (11ms)
				SetLoadedEditorAssemblies (1ms)
				RefreshPlugins (1ms)
				BeforeProcessingInitializeOnLoad (41ms)
				ProcessInitializeOnLoadAttributes (554ms)
				ProcessInitializeOnLoadMethodAttributes (26ms)
				AfterProcessingInitializeOnLoad (3ms)
				EditorAssembliesLoaded (0ms)
			ExecutionOrderSort2 (0ms)
			AwakeInstancesAfterBackupRestoration (4ms)
Platform modules already initialized, skipping
Refreshing native plugins compatible for Editor in 0.55 ms, found 4 plugins.
Preloading 0 native plugins for Editor in 0.00 ms.
Unloading 3888 Unused Serialized files (Serialized files now loaded: 0)
Unloading 27 unused Assets / (21.9 KB). Loaded Objects now: 4434.
Memory consumption went from 152.9 MB to 152.9 MB.
Total: 2.352400 ms (FindLiveObjects: 0.212000 ms CreateObjectMapping: 0.089000 ms MarkObjects: 2.027100 ms  DeleteObjects: 0.023800 ms)

AssetImportParameters requested are different than current active one (requested -> active):
  custom:video-decoder-ogg-theora: a1e56fd34408186e4bbccfd4996cb3dc -> 
  custom:container-muxer-webm: aa71ff27fc2769a1b78a27578f13a17b -> 
  custom:container-demuxer-webm: 4f35f7cbe854078d1ac9338744f61a02 -> 
  custom:video-encoder-webm-vp8: eb34c28f22e8b96e1ab97ce403110664 -> 
  custom:video-codec-MediaFoundation-h265: 746d11721c4dcdbdad8f713fa42b33f4 -> 
  custom:CustomObjectIndexerAttribute: bc11b3a6c3213fcdd17b65e7da85e133 -> 
  custom:audio-encoder-webm-vorbis: bf7c407c2cedff20999df2af8eb42d56 -> 
  custom:framework-win-MediaFoundation: 216162199b28c13a410421893ffa2e32 -> 
  custom:SearchIndexIgnoredProperties: e643bd26f0fe6173181afceb89e7c659 -> 
  custom:container-demuxer-ogg: 62fdf1f143b41e24485cea50d1cbac27 -> 
  custom:video-decoder-webm-vp8: 9c59270c3fd7afecdb556c50c9e8de78 -> 
  custom:audio-decoder-ogg-vorbis: bf7c407c2cedff20999df2af8eb42d56 -> 
========================================================================
Received Prepare
Registering precompiled user dll's ...
Registered in 0.005234 seconds.
Begin MonoManager ReloadAssembly
Native extension for WindowsStandalone target not found
Native extension for Android target not found
Native extension for WebGL target not found
Refreshing native plugins compatible for Editor in 0.68 ms, found 4 plugins.
Preloading 0 native plugins for Editor in 0.00 ms.
[Package Manager] Server::EnsureServerProcessIsRunning -- launch failed, reason: Unity was launched with the -noUpm command-line argument
[Package Manager] Cannot connect to Unity Package Manager local server
Mono: successfully reloaded assembly
- Completed reload, in  1.310 seconds
Domain Reload Profiling:
	ReloadAssembly (1311ms)
		BeginReloadAssembly (120ms)
			ExecutionOrderSort (0ms)
			DisableScriptedObjects (6ms)
			BackupInstance (0ms)
			ReleaseScriptingObjects (0ms)
			CreateAndSetChildDomain (29ms)
		EndReloadAssembly (1116ms)
			LoadAssemblies (85ms)
			RebuildTransferFunctionScriptingTraits (0ms)
			SetupTypeCache (247ms)
			ReleaseScriptCaches (1ms)
			RebuildScriptCaches (40ms)
			SetupLoadedEditorAssemblies (717ms)
				LogAssemblyErrors (0ms)
				InitializePlatformSupportModulesInManaged (14ms)
				SetLoadedEditorAssemblies (0ms)
				RefreshPlugins (1ms)
				BeforeProcessingInitializeOnLoad (55ms)
				ProcessInitializeOnLoadAttributes (607ms)
				ProcessInitializeOnLoadMethodAttributes (35ms)
				AfterProcessingInitializeOnLoad (4ms)
				EditorAssembliesLoaded (0ms)
			ExecutionOrderSort2 (0ms)
			AwakeInstancesAfterBackupRestoration (5ms)
Platform modules already initialized, skipping
Refreshing native plugins compatible for Editor in 0.55 ms, found 4 plugins.
Preloading 0 native plugins for Editor in 0.00 ms.
Unloading 3888 Unused Serialized files (Serialized files now loaded: 0)
Unloading 27 unused Assets / (21.9 KB). Loaded Objects now: 4437.
Memory consumption went from 152.9 MB to 152.9 MB.
Total: 2.828000 ms (FindLiveObjects: 0.249200 ms CreateObjectMapping: 0.207700 ms MarkObjects: 2.339700 ms  DeleteObjects: 0.030800 ms)

AssetImportParameters requested are different than current active one (requested -> active):
  custom:video-decoder-ogg-theora: a1e56fd34408186e4bbccfd4996cb3dc -> 
  custom:container-muxer-webm: aa71ff27fc2769a1b78a27578f13a17b -> 
  custom:container-demuxer-webm: 4f35f7cbe854078d1ac9338744f61a02 -> 
  custom:video-encoder-webm-vp8: eb34c28f22e8b96e1ab97ce403110664 -> 
  custom:video-codec-MediaFoundation-h265: 746d11721c4dcdbdad8f713fa42b33f4 -> 
  custom:CustomObjectIndexerAttribute: bc11b3a6c3213fcdd17b65e7da85e133 -> 
  custom:audio-encoder-webm-vorbis: bf7c407c2cedff20999df2af8eb42d56 -> 
  custom:framework-win-MediaFoundation: 216162199b28c13a410421893ffa2e32 -> 
  custom:SearchIndexIgnoredProperties: e643bd26f0fe6173181afceb89e7c659 -> 
  custom:container-demuxer-ogg: 62fdf1f143b41e24485cea50d1cbac27 -> 
  custom:video-decoder-webm-vp8: 9c59270c3fd7afecdb556c50c9e8de78 -> 
  custom:audio-decoder-ogg-vorbis: bf7c407c2cedff20999df2af8eb42d56 -> 
========================================================================
Received Import Request.
  Time since last request: 2095.037648 seconds.
  path: Assets/Scripts/DamagePlayer.cs
  artifactKey: Guid(64f04fb9563f0654597c3a4f179a999d) Importer(815301076,1909f56bfc062723c751e8b465ee728b)
Number of updated assets reloaded before import = 0
Start importing Assets/Scripts/DamagePlayer.cs using Guid(64f04fb9563f0654597c3a4f179a999d) Importer(815301076,1909f56bfc062723c751e8b465ee728b)  -> (artifact id: 'c3e09aa6d041d2979b86e8f164f440c6') in 0.026515 seconds 
Number of asset objects unloaded after import = 0
========================================================================
Received Prepare
Registering precompiled user dll's ...
Registered in 0.003594 seconds.
Begin MonoManager ReloadAssembly
Native extension for WindowsStandalone target not found
Native extension for Android target not found
Native extension for WebGL target not found
Refreshing native plugins compatible for Editor in 0.98 ms, found 4 plugins.
Preloading 0 native plugins for Editor in 0.00 ms.
[Package Manager] Server::EnsureServerProcessIsRunning -- launch failed, reason: Unity was launched with the -noUpm command-line argument
[Package Manager] Cannot connect to Unity Package Manager local server
Mono: successfully reloaded assembly
- Completed reload, in  1.234 seconds
Domain Reload Profiling:
	ReloadAssembly (1234ms)
		BeginReloadAssembly (122ms)
			ExecutionOrderSort (0ms)
			DisableScriptedObjects (5ms)
			BackupInstance (0ms)
			ReleaseScriptingObjects (0ms)
			CreateAndSetChildDomain (30ms)
		EndReloadAssembly (1045ms)
			LoadAssemblies (83ms)
			RebuildTransferFunctionScriptingTraits (0ms)
			SetupTypeCache (228ms)
			ReleaseScriptCaches (1ms)
			RebuildScriptCaches (39ms)
			SetupLoadedEditorAssemblies (678ms)
				LogAssemblyErrors (0ms)
				InitializePlatformSupportModulesInManaged (15ms)
				SetLoadedEditorAssemblies (1ms)
				RefreshPlugins (1ms)
				BeforeProcessingInitializeOnLoad (54ms)
				ProcessInitializeOnLoadAttributes (574ms)
				ProcessInitializeOnLoadMethodAttributes (29ms)
				AfterProcessingInitializeOnLoad (3ms)
				EditorAssembliesLoaded (0ms)
			ExecutionOrderSort2 (0ms)
			AwakeInstancesAfterBackupRestoration (5ms)
Platform modules already initialized, skipping
Refreshing native plugins compatible for Editor in 0.51 ms, found 4 plugins.
Preloading 0 native plugins for Editor in 0.00 ms.
Unloading 3889 Unused Serialized files (Serialized files now loaded: 0)
Unloading 27 unused Assets / (21.9 KB). Loaded Objects now: 4441.
Memory consumption went from 152.9 MB to 152.9 MB.
Total: 2.237300 ms (FindLiveObjects: 0.197400 ms CreateObjectMapping: 0.093900 ms MarkObjects: 1.925400 ms  DeleteObjects: 0.019700 ms)

AssetImportParameters requested are different than current active one (requested -> active):
  custom:video-decoder-ogg-theora: a1e56fd34408186e4bbccfd4996cb3dc -> 
  custom:container-muxer-webm: aa71ff27fc2769a1b78a27578f13a17b -> 
  custom:container-demuxer-webm: 4f35f7cbe854078d1ac9338744f61a02 -> 
  custom:video-encoder-webm-vp8: eb34c28f22e8b96e1ab97ce403110664 -> 
  custom:video-codec-MediaFoundation-h265: 746d11721c4dcdbdad8f713fa42b33f4 -> 
  custom:CustomObjectIndexerAttribute: bc11b3a6c3213fcdd17b65e7da85e133 -> 
  custom:audio-encoder-webm-vorbis: bf7c407c2cedff20999df2af8eb42d56 -> 
  custom:framework-win-MediaFoundation: 216162199b28c13a410421893ffa2e32 -> 
  custom:SearchIndexIgnoredProperties: e643bd26f0fe6173181afceb89e7c659 -> 
  custom:container-demuxer-ogg: 62fdf1f143b41e24485cea50d1cbac27 -> 
  custom:video-decoder-webm-vp8: 9c59270c3fd7afecdb556c50c9e8de78 -> 
  custom:audio-decoder-ogg-vorbis: bf7c407c2cedff20999df2af8eb42d56 -> 
========================================================================
Received Import Request.
  Time since last request: 21.704238 seconds.
  path: Assets/Scripts/MovementPhisic.cs
  artifactKey: Guid(1d8d0ace1f8ca294ca6f7dd9203e7ba4) Importer(815301076,1909f56bfc062723c751e8b465ee728b)
Number of updated assets reloaded before import = 0
Start importing Assets/Scripts/MovementPhisic.cs using Guid(1d8d0ace1f8ca294ca6f7dd9203e7ba4) Importer(815301076,1909f56bfc062723c751e8b465ee728b)  -> (artifact id: 'c3eaa9496b93f6d92112aaf147e7a206') in 0.014833 seconds 
Number of asset objects unloaded after import = 0
========================================================================
Received Import Request.
  Time since last request: 145.411950 seconds.
  path: Assets/Scripts/DamagePlayer.cs
  artifactKey: Guid(64f04fb9563f0654597c3a4f179a999d) Importer(815301076,1909f56bfc062723c751e8b465ee728b)
Number of updated assets reloaded before import = 0
Start importing Assets/Scripts/DamagePlayer.cs using Guid(64f04fb9563f0654597c3a4f179a999d) Importer(815301076,1909f56bfc062723c751e8b465ee728b)  -> (artifact id: '8ee90d29334f3642a57184b5a337a251') in 0.005120 seconds 
Number of asset objects unloaded after import = 0
========================================================================
Received Import Request.
  Time since last request: 7.892120 seconds.
  path: Assets/Scripts/DamagePlayer.cs
  artifactKey: Guid(64f04fb9563f0654597c3a4f179a999d) Importer(815301076,1909f56bfc062723c751e8b465ee728b)
Number of updated assets reloaded before import = 0
Start importing Assets/Scripts/DamagePlayer.cs using Guid(64f04fb9563f0654597c3a4f179a999d) Importer(815301076,1909f56bfc062723c751e8b465ee728b)  -> (artifact id: '6227f8303e61d4c845b5dfbc9eae2d30') in 0.007006 seconds 
Number of asset objects unloaded after import = 0
========================================================================
Received Prepare
Registering precompiled user dll's ...
Registered in 0.004737 seconds.
Begin MonoManager ReloadAssembly
Native extension for WindowsStandalone target not found
Native extension for Android target not found
Native extension for WebGL target not found
Refreshing native plugins compatible for Editor in 0.52 ms, found 4 plugins.
Preloading 0 native plugins for Editor in 0.00 ms.
[Package Manager] Server::EnsureServerProcessIsRunning -- launch failed, reason: Unity was launched with the -noUpm command-line argument
[Package Manager] Cannot connect to Unity Package Manager local server
Mono: successfully reloaded assembly
- Completed reload, in  1.180 seconds
Domain Reload Profiling:
	ReloadAssembly (1180ms)
		BeginReloadAssembly (124ms)
			ExecutionOrderSort (0ms)
			DisableScriptedObjects (5ms)
			BackupInstance (0ms)
			ReleaseScriptingObjects (0ms)
			CreateAndSetChildDomain (31ms)
		EndReloadAssembly (983ms)
			LoadAssemblies (80ms)
			RebuildTransferFunctionScriptingTraits (0ms)
			SetupTypeCache (188ms)
			ReleaseScriptCaches (1ms)
			RebuildScriptCaches (42ms)
			SetupLoadedEditorAssemblies (662ms)
				LogAssemblyErrors (0ms)
				InitializePlatformSupportModulesInManaged (11ms)
				SetLoadedEditorAssemblies (0ms)
				RefreshPlugins (1ms)
				BeforeProcessingInitializeOnLoad (41ms)
				ProcessInitializeOnLoadAttributes (573ms)
				ProcessInitializeOnLoadMethodAttributes (31ms)
				AfterProcessingInitializeOnLoad (4ms)
				EditorAssembliesLoaded (0ms)
			ExecutionOrderSort2 (0ms)
			AwakeInstancesAfterBackupRestoration (6ms)
Platform modules already initialized, skipping
Refreshing native plugins compatible for Editor in 0.81 ms, found 4 plugins.
Preloading 0 native plugins for Editor in 0.00 ms.
Unloading 3889 Unused Serialized files (Serialized files now loaded: 0)
Unloading 27 unused Assets / (21.9 KB). Loaded Objects now: 4444.
Memory consumption went from 152.9 MB to 152.9 MB.
Total: 2.985100 ms (FindLiveObjects: 0.264500 ms CreateObjectMapping: 0.183900 ms MarkObjects: 2.511600 ms  DeleteObjects: 0.024100 ms)

AssetImportParameters requested are different than current active one (requested -> active):
  custom:video-decoder-ogg-theora: a1e56fd34408186e4bbccfd4996cb3dc -> 
  custom:container-muxer-webm: aa71ff27fc2769a1b78a27578f13a17b -> 
  custom:container-demuxer-webm: 4f35f7cbe854078d1ac9338744f61a02 -> 
  custom:video-encoder-webm-vp8: eb34c28f22e8b96e1ab97ce403110664 -> 
  custom:video-codec-MediaFoundation-h265: 746d11721c4dcdbdad8f713fa42b33f4 -> 
  custom:CustomObjectIndexerAttribute: bc11b3a6c3213fcdd17b65e7da85e133 -> 
  custom:audio-encoder-webm-vorbis: bf7c407c2cedff20999df2af8eb42d56 -> 
  custom:framework-win-MediaFoundation: 216162199b28c13a410421893ffa2e32 -> 
  custom:SearchIndexIgnoredProperties: e643bd26f0fe6173181afceb89e7c659 -> 
  custom:container-demuxer-ogg: 62fdf1f143b41e24485cea50d1cbac27 -> 
  custom:video-decoder-webm-vp8: 9c59270c3fd7afecdb556c50c9e8de78 -> 
  custom:audio-decoder-ogg-vorbis: bf7c407c2cedff20999df2af8eb42d56 -> 
========================================================================
Received Import Request.
  Time since last request: 15.914741 seconds.
  path: Assets/Scripts/DamagePlayer.cs
  artifactKey: Guid(64f04fb9563f0654597c3a4f179a999d) Importer(815301076,1909f56bfc062723c751e8b465ee728b)
Number of updated assets reloaded before import = 0
Start importing Assets/Scripts/DamagePlayer.cs using Guid(64f04fb9563f0654597c3a4f179a999d) Importer(815301076,1909f56bfc062723c751e8b465ee728b)  -> (artifact id: '180e18060ee131e70b6085d9d7ca8ce3') in 0.007437 seconds 
Number of asset objects unloaded after import = 0
========================================================================
Received Prepare
Registering precompiled user dll's ...
Registered in 0.004173 seconds.
Begin MonoManager ReloadAssembly
Native extension for WindowsStandalone target not found
Native extension for Android target not found
Native extension for WebGL target not found
Refreshing native plugins compatible for Editor in 0.62 ms, found 4 plugins.
Preloading 0 native plugins for Editor in 0.00 ms.
[Package Manager] Server::EnsureServerProcessIsRunning -- launch failed, reason: Unity was launched with the -noUpm command-line argument
[Package Manager] Cannot connect to Unity Package Manager local server
Mono: successfully reloaded assembly
- Completed reload, in  1.276 seconds
Domain Reload Profiling:
	ReloadAssembly (1277ms)
		BeginReloadAssembly (114ms)
			ExecutionOrderSort (0ms)
			DisableScriptedObjects (4ms)
			BackupInstance (0ms)
			ReleaseScriptingObjects (0ms)
			CreateAndSetChildDomain (27ms)
		EndReloadAssembly (1095ms)
			LoadAssemblies (78ms)
			RebuildTransferFunctionScriptingTraits (0ms)
			SetupTypeCache (242ms)
			ReleaseScriptCaches (2ms)
			RebuildScriptCaches (44ms)
			SetupLoadedEditorAssemblies (696ms)
				LogAssemblyErrors (0ms)
				InitializePlatformSupportModulesInManaged (14ms)
				SetLoadedEditorAssemblies (1ms)
				RefreshPlugins (1ms)
				BeforeProcessingInitializeOnLoad (55ms)
				ProcessInitializeOnLoadAttributes (589ms)
				ProcessInitializeOnLoadMethodAttributes (33ms)
				AfterProcessingInitializeOnLoad (4ms)
				EditorAssembliesLoaded (0ms)
			ExecutionOrderSort2 (0ms)
			AwakeInstancesAfterBackupRestoration (6ms)
Platform modules already initialized, skipping
Refreshing native plugins compatible for Editor in 0.64 ms, found 4 plugins.
Preloading 0 native plugins for Editor in 0.00 ms.
Unloading 3889 Unused Serialized files (Serialized files now loaded: 0)
Unloading 27 unused Assets / (21.9 KB). Loaded Objects now: 4447.
Memory consumption went from 153.0 MB to 152.9 MB.
Total: 2.364200 ms (FindLiveObjects: 0.249100 ms CreateObjectMapping: 0.109800 ms MarkObjects: 1.984500 ms  DeleteObjects: 0.020000 ms)

AssetImportParameters requested are different than current active one (requested -> active):
  custom:video-decoder-ogg-theora: a1e56fd34408186e4bbccfd4996cb3dc -> 
  custom:container-muxer-webm: aa71ff27fc2769a1b78a27578f13a17b -> 
  custom:container-demuxer-webm: 4f35f7cbe854078d1ac9338744f61a02 -> 
  custom:video-encoder-webm-vp8: eb34c28f22e8b96e1ab97ce403110664 -> 
  custom:video-codec-MediaFoundation-h265: 746d11721c4dcdbdad8f713fa42b33f4 -> 
  custom:CustomObjectIndexerAttribute: bc11b3a6c3213fcdd17b65e7da85e133 -> 
  custom:audio-encoder-webm-vorbis: bf7c407c2cedff20999df2af8eb42d56 -> 
  custom:framework-win-MediaFoundation: 216162199b28c13a410421893ffa2e32 -> 
  custom:SearchIndexIgnoredProperties: e643bd26f0fe6173181afceb89e7c659 -> 
  custom:container-demuxer-ogg: 62fdf1f143b41e24485cea50d1cbac27 -> 
  custom:video-decoder-webm-vp8: 9c59270c3fd7afecdb556c50c9e8de78 -> 
  custom:audio-decoder-ogg-vorbis: bf7c407c2cedff20999df2af8eb42d56 -> 
========================================================================
Received Prepare
Registering precompiled user dll's ...
Registered in 0.003629 seconds.
Begin MonoManager ReloadAssembly
Native extension for WindowsStandalone target not found
Native extension for Android target not found
Native extension for WebGL target not found
Refreshing native plugins compatible for Editor in 0.55 ms, found 4 plugins.
Preloading 0 native plugins for Editor in 0.00 ms.
[Package Manager] Server::EnsureServerProcessIsRunning -- launch failed, reason: Unity was launched with the -noUpm command-line argument
[Package Manager] Cannot connect to Unity Package Manager local server
Mono: successfully reloaded assembly
- Completed reload, in  1.259 seconds
Domain Reload Profiling:
	ReloadAssembly (1260ms)
		BeginReloadAssembly (117ms)
			ExecutionOrderSort (0ms)
			DisableScriptedObjects (5ms)
			BackupInstance (0ms)
			ReleaseScriptingObjects (0ms)
			CreateAndSetChildDomain (26ms)
		EndReloadAssembly (1072ms)
			LoadAssemblies (83ms)
			RebuildTransferFunctionScriptingTraits (0ms)
			SetupTypeCache (229ms)
			ReleaseScriptCaches (1ms)
			RebuildScriptCaches (44ms)
			SetupLoadedEditorAssemblies (697ms)
				LogAssemblyErrors (0ms)
				InitializePlatformSupportModulesInManaged (14ms)
				SetLoadedEditorAssemblies (0ms)
				RefreshPlugins (1ms)
				BeforeProcessingInitializeOnLoad (50ms)
				ProcessInitializeOnLoadAttributes (595ms)
				ProcessInitializeOnLoadMethodAttributes (32ms)
				AfterProcessingInitializeOnLoad (4ms)
				EditorAssembliesLoaded (0ms)
			ExecutionOrderSort2 (0ms)
			AwakeInstancesAfterBackupRestoration (6ms)
Platform modules already initialized, skipping
Refreshing native plugins compatible for Editor in 0.74 ms, found 4 plugins.
Preloading 0 native plugins for Editor in 0.00 ms.
Unloading 3889 Unused Serialized files (Serialized files now loaded: 0)
Unloading 27 unused Assets / (21.9 KB). Loaded Objects now: 4450.
Memory consumption went from 153.0 MB to 152.9 MB.
Total: 2.719200 ms (FindLiveObjects: 0.253600 ms CreateObjectMapping: 0.156600 ms MarkObjects: 2.286300 ms  DeleteObjects: 0.021600 ms)

AssetImportParameters requested are different than current active one (requested -> active):
  custom:video-decoder-ogg-theora: a1e56fd34408186e4bbccfd4996cb3dc -> 
  custom:container-muxer-webm: aa71ff27fc2769a1b78a27578f13a17b -> 
  custom:container-demuxer-webm: 4f35f7cbe854078d1ac9338744f61a02 -> 
  custom:video-encoder-webm-vp8: eb34c28f22e8b96e1ab97ce403110664 -> 
  custom:video-codec-MediaFoundation-h265: 746d11721c4dcdbdad8f713fa42b33f4 -> 
  custom:CustomObjectIndexerAttribute: bc11b3a6c3213fcdd17b65e7da85e133 -> 
  custom:audio-encoder-webm-vorbis: bf7c407c2cedff20999df2af8eb42d56 -> 
  custom:framework-win-MediaFoundation: 216162199b28c13a410421893ffa2e32 -> 
  custom:SearchIndexIgnoredProperties: e643bd26f0fe6173181afceb89e7c659 -> 
  custom:container-demuxer-ogg: 62fdf1f143b41e24485cea50d1cbac27 -> 
  custom:video-decoder-webm-vp8: 9c59270c3fd7afecdb556c50c9e8de78 -> 
  custom:audio-decoder-ogg-vorbis: bf7c407c2cedff20999df2af8eb42d56 -> 
========================================================================
Received Prepare
Registering precompiled user dll's ...
Registered in 0.005732 seconds.
Begin MonoManager ReloadAssembly
Native extension for WindowsStandalone target not found
Native extension for Android target not found
Native extension for WebGL target not found
Refreshing native plugins compatible for Editor in 0.81 ms, found 4 plugins.
Preloading 0 native plugins for Editor in 0.00 ms.
[Package Manager] Server::EnsureServerProcessIsRunning -- launch failed, reason: Unity was launched with the -noUpm command-line argument
[Package Manager] Cannot connect to Unity Package Manager local server
Mono: successfully reloaded assembly
- Completed reload, in  1.279 seconds
Domain Reload Profiling:
	ReloadAssembly (1280ms)
		BeginReloadAssembly (144ms)
			ExecutionOrderSort (0ms)
			DisableScriptedObjects (6ms)
			BackupInstance (0ms)
			ReleaseScriptingObjects (0ms)
			CreateAndSetChildDomain (37ms)
		EndReloadAssembly (1056ms)
			LoadAssemblies (99ms)
			RebuildTransferFunctionScriptingTraits (0ms)
			SetupTypeCache (252ms)
			ReleaseScriptCaches (2ms)
			RebuildScriptCaches (46ms)
			SetupLoadedEditorAssemblies (653ms)
				LogAssemblyErrors (0ms)
				InitializePlatformSupportModulesInManaged (16ms)
				SetLoadedEditorAssemblies (1ms)
				RefreshPlugins (1ms)
				BeforeProcessingInitializeOnLoad (51ms)
				ProcessInitializeOnLoadAttributes (552ms)
				ProcessInitializeOnLoadMethodAttributes (28ms)
				AfterProcessingInitializeOnLoad (6ms)
				EditorAssembliesLoaded (0ms)
			ExecutionOrderSort2 (0ms)
			AwakeInstancesAfterBackupRestoration (5ms)
Platform modules already initialized, skipping
Refreshing native plugins compatible for Editor in 0.51 ms, found 4 plugins.
Preloading 0 native plugins for Editor in 0.00 ms.
Unloading 3889 Unused Serialized files (Serialized files now loaded: 0)
Unloading 27 unused Assets / (21.9 KB). Loaded Objects now: 4453.
Memory consumption went from 153.0 MB to 153.0 MB.
Total: 2.665800 ms (FindLiveObjects: 0.248600 ms CreateObjectMapping: 0.270300 ms MarkObjects: 2.126000 ms  DeleteObjects: 0.020000 ms)

AssetImportParameters requested are different than current active one (requested -> active):
  custom:video-decoder-ogg-theora: a1e56fd34408186e4bbccfd4996cb3dc -> 
  custom:container-muxer-webm: aa71ff27fc2769a1b78a27578f13a17b -> 
  custom:container-demuxer-webm: 4f35f7cbe854078d1ac9338744f61a02 -> 
  custom:video-encoder-webm-vp8: eb34c28f22e8b96e1ab97ce403110664 -> 
  custom:video-codec-MediaFoundation-h265: 746d11721c4dcdbdad8f713fa42b33f4 -> 
  custom:CustomObjectIndexerAttribute: bc11b3a6c3213fcdd17b65e7da85e133 -> 
  custom:audio-encoder-webm-vorbis: bf7c407c2cedff20999df2af8eb42d56 -> 
  custom:framework-win-MediaFoundation: 216162199b28c13a410421893ffa2e32 -> 
  custom:SearchIndexIgnoredProperties: e643bd26f0fe6173181afceb89e7c659 -> 
  custom:container-demuxer-ogg: 62fdf1f143b41e24485cea50d1cbac27 -> 
  custom:video-decoder-webm-vp8: 9c59270c3fd7afecdb556c50c9e8de78 -> 
  custom:audio-decoder-ogg-vorbis: bf7c407c2cedff20999df2af8eb42d56 -> 
========================================================================
Received Prepare
Registering precompiled user dll's ...
Registered in 0.003822 seconds.
Begin MonoManager ReloadAssembly
Native extension for WindowsStandalone target not found
Native extension for Android target not found
Native extension for WebGL target not found
Refreshing native plugins compatible for Editor in 0.79 ms, found 4 plugins.
Preloading 0 native plugins for Editor in 0.00 ms.
[Package Manager] Server::EnsureServerProcessIsRunning -- launch failed, reason: Unity was launched with the -noUpm command-line argument
[Package Manager] Cannot connect to Unity Package Manager local server
Mono: successfully reloaded assembly
- Completed reload, in  1.325 seconds
Domain Reload Profiling:
	ReloadAssembly (1325ms)
		BeginReloadAssembly (122ms)
			ExecutionOrderSort (0ms)
			DisableScriptedObjects (5ms)
			BackupInstance (0ms)
			ReleaseScriptingObjects (0ms)
			CreateAndSetChildDomain (28ms)
		EndReloadAssembly (1125ms)
			LoadAssemblies (83ms)
			RebuildTransferFunctionScriptingTraits (0ms)
			SetupTypeCache (245ms)
			ReleaseScriptCaches (1ms)
			RebuildScriptCaches (46ms)
			SetupLoadedEditorAssemblies (727ms)
				LogAssemblyErrors (0ms)
				InitializePlatformSupportModulesInManaged (14ms)
				SetLoadedEditorAssemblies (0ms)
				RefreshPlugins (1ms)
				BeforeProcessingInitializeOnLoad (57ms)
				ProcessInitializeOnLoadAttributes (614ms)
				ProcessInitializeOnLoadMethodAttributes (35ms)
				AfterProcessingInitializeOnLoad (5ms)
				EditorAssembliesLoaded (0ms)
			ExecutionOrderSort2 (0ms)
			AwakeInstancesAfterBackupRestoration (6ms)
Platform modules already initialized, skipping
Refreshing native plugins compatible for Editor in 0.60 ms, found 4 plugins.
Preloading 0 native plugins for Editor in 0.00 ms.
Unloading 3889 Unused Serialized files (Serialized files now loaded: 0)
Unloading 27 unused Assets / (22.0 KB). Loaded Objects now: 4456.
Memory consumption went from 153.0 MB to 153.0 MB.
Total: 2.782200 ms (FindLiveObjects: 0.247200 ms CreateObjectMapping: 0.159600 ms MarkObjects: 2.351000 ms  DeleteObjects: 0.023800 ms)

AssetImportParameters requested are different than current active one (requested -> active):
  custom:video-decoder-ogg-theora: a1e56fd34408186e4bbccfd4996cb3dc -> 
  custom:container-muxer-webm: aa71ff27fc2769a1b78a27578f13a17b -> 
  custom:container-demuxer-webm: 4f35f7cbe854078d1ac9338744f61a02 -> 
  custom:video-encoder-webm-vp8: eb34c28f22e8b96e1ab97ce403110664 -> 
  custom:video-codec-MediaFoundation-h265: 746d11721c4dcdbdad8f713fa42b33f4 -> 
  custom:CustomObjectIndexerAttribute: bc11b3a6c3213fcdd17b65e7da85e133 -> 
  custom:audio-encoder-webm-vorbis: bf7c407c2cedff20999df2af8eb42d56 -> 
  custom:framework-win-MediaFoundation: 216162199b28c13a410421893ffa2e32 -> 
  custom:SearchIndexIgnoredProperties: e643bd26f0fe6173181afceb89e7c659 -> 
  custom:container-demuxer-ogg: 62fdf1f143b41e24485cea50d1cbac27 -> 
  custom:video-decoder-webm-vp8: 9c59270c3fd7afecdb556c50c9e8de78 -> 
  custom:audio-decoder-ogg-vorbis: bf7c407c2cedff20999df2af8eb42d56 -> 
========================================================================
Received Prepare
Registering precompiled user dll's ...
Registered in 0.004748 seconds.
Begin MonoManager ReloadAssembly
Native extension for WindowsStandalone target not found
Native extension for Android target not found
Native extension for WebGL target not found
Refreshing native plugins compatible for Editor in 0.81 ms, found 4 plugins.
Preloading 0 native plugins for Editor in 0.00 ms.
[Package Manager] Server::EnsureServerProcessIsRunning -- launch failed, reason: Unity was launched with the -noUpm command-line argument
[Package Manager] Cannot connect to Unity Package Manager local server
Mono: successfully reloaded assembly
- Completed reload, in  1.384 seconds
Domain Reload Profiling:
	ReloadAssembly (1384ms)
		BeginReloadAssembly (144ms)
			ExecutionOrderSort (0ms)
			DisableScriptedObjects (6ms)
			BackupInstance (0ms)
			ReleaseScriptingObjects (0ms)
			CreateAndSetChildDomain (35ms)
		EndReloadAssembly (1153ms)
			LoadAssemblies (92ms)
			RebuildTransferFunctionScriptingTraits (0ms)
			SetupTypeCache (257ms)
			ReleaseScriptCaches (1ms)
			RebuildScriptCaches (42ms)
			SetupLoadedEditorAssemblies (745ms)
				LogAssemblyErrors (0ms)
				InitializePlatformSupportModulesInManaged (16ms)
				SetLoadedEditorAssemblies (0ms)
				RefreshPlugins (1ms)
				BeforeProcessingInitializeOnLoad (66ms)
				ProcessInitializeOnLoadAttributes (624ms)
				ProcessInitializeOnLoadMethodAttributes (32ms)
				AfterProcessingInitializeOnLoad (5ms)
				EditorAssembliesLoaded (0ms)
			ExecutionOrderSort2 (0ms)
			AwakeInstancesAfterBackupRestoration (7ms)
Platform modules already initialized, skipping
Refreshing native plugins compatible for Editor in 0.72 ms, found 4 plugins.
Preloading 0 native plugins for Editor in 0.00 ms.
Unloading 3889 Unused Serialized files (Serialized files now loaded: 0)
Unloading 27 unused Assets / (21.9 KB). Loaded Objects now: 4459.
Memory consumption went from 153.0 MB to 153.0 MB.
Total: 2.365500 ms (FindLiveObjects: 0.206200 ms CreateObjectMapping: 0.091100 ms MarkObjects: 2.045700 ms  DeleteObjects: 0.020700 ms)

AssetImportParameters requested are different than current active one (requested -> active):
  custom:video-decoder-ogg-theora: a1e56fd34408186e4bbccfd4996cb3dc -> 
  custom:container-muxer-webm: aa71ff27fc2769a1b78a27578f13a17b -> 
  custom:container-demuxer-webm: 4f35f7cbe854078d1ac9338744f61a02 -> 
  custom:video-encoder-webm-vp8: eb34c28f22e8b96e1ab97ce403110664 -> 
  custom:video-codec-MediaFoundation-h265: 746d11721c4dcdbdad8f713fa42b33f4 -> 
  custom:CustomObjectIndexerAttribute: bc11b3a6c3213fcdd17b65e7da85e133 -> 
  custom:audio-encoder-webm-vorbis: bf7c407c2cedff20999df2af8eb42d56 -> 
  custom:framework-win-MediaFoundation: 216162199b28c13a410421893ffa2e32 -> 
  custom:SearchIndexIgnoredProperties: e643bd26f0fe6173181afceb89e7c659 -> 
  custom:container-demuxer-ogg: 62fdf1f143b41e24485cea50d1cbac27 -> 
  custom:video-decoder-webm-vp8: 9c59270c3fd7afecdb556c50c9e8de78 -> 
  custom:audio-decoder-ogg-vorbis: bf7c407c2cedff20999df2af8eb42d56 -> 
========================================================================
Received Prepare
Registering precompiled user dll's ...
Registered in 0.003741 seconds.
Begin MonoManager ReloadAssembly
Native extension for WindowsStandalone target not found
Native extension for Android target not found
Native extension for WebGL target not found
Refreshing native plugins compatible for Editor in 0.70 ms, found 4 plugins.
Preloading 0 native plugins for Editor in 0.00 ms.
[Package Manager] Server::EnsureServerProcessIsRunning -- launch failed, reason: Unity was launched with the -noUpm command-line argument
[Package Manager] Cannot connect to Unity Package Manager local server
Mono: successfully reloaded assembly
- Completed reload, in  1.282 seconds
Domain Reload Profiling:
	ReloadAssembly (1282ms)
		BeginReloadAssembly (124ms)
			ExecutionOrderSort (0ms)
			DisableScriptedObjects (4ms)
			BackupInstance (0ms)
			ReleaseScriptingObjects (0ms)
			CreateAndSetChildDomain (33ms)
		EndReloadAssembly (1092ms)
			LoadAssemblies (80ms)
			RebuildTransferFunctionScriptingTraits (0ms)
			SetupTypeCache (233ms)
			ReleaseScriptCaches (1ms)
			RebuildScriptCaches (37ms)
			SetupLoadedEditorAssemblies (718ms)
				LogAssemblyErrors (0ms)
				InitializePlatformSupportModulesInManaged (13ms)
				SetLoadedEditorAssemblies (0ms)
				RefreshPlugins (1ms)
				BeforeProcessingInitializeOnLoad (54ms)
				ProcessInitializeOnLoadAttributes (611ms)
				ProcessInitializeOnLoadMethodAttributes (34ms)
				AfterProcessingInitializeOnLoad (4ms)
				EditorAssembliesLoaded (0ms)
			ExecutionOrderSort2 (0ms)
			AwakeInstancesAfterBackupRestoration (5ms)
Platform modules already initialized, skipping
Refreshing native plugins compatible for Editor in 0.63 ms, found 4 plugins.
Preloading 0 native plugins for Editor in 0.00 ms.
Unloading 3889 Unused Serialized files (Serialized files now loaded: 0)
Unloading 27 unused Assets / (21.9 KB). Loaded Objects now: 4462.
Memory consumption went from 153.0 MB to 153.0 MB.
Total: 2.575000 ms (FindLiveObjects: 0.217400 ms CreateObjectMapping: 0.193600 ms MarkObjects: 2.143700 ms  DeleteObjects: 0.019100 ms)

AssetImportParameters requested are different than current active one (requested -> active):
  custom:video-decoder-ogg-theora: a1e56fd34408186e4bbccfd4996cb3dc -> 
  custom:container-muxer-webm: aa71ff27fc2769a1b78a27578f13a17b -> 
  custom:container-demuxer-webm: 4f35f7cbe854078d1ac9338744f61a02 -> 
  custom:video-encoder-webm-vp8: eb34c28f22e8b96e1ab97ce403110664 -> 
  custom:video-codec-MediaFoundation-h265: 746d11721c4dcdbdad8f713fa42b33f4 -> 
  custom:CustomObjectIndexerAttribute: bc11b3a6c3213fcdd17b65e7da85e133 -> 
  custom:audio-encoder-webm-vorbis: bf7c407c2cedff20999df2af8eb42d56 -> 
  custom:framework-win-MediaFoundation: 216162199b28c13a410421893ffa2e32 -> 
  custom:SearchIndexIgnoredProperties: e643bd26f0fe6173181afceb89e7c659 -> 
  custom:container-demuxer-ogg: 62fdf1f143b41e24485cea50d1cbac27 -> 
  custom:video-decoder-webm-vp8: 9c59270c3fd7afecdb556c50c9e8de78 -> 
  custom:audio-decoder-ogg-vorbis: bf7c407c2cedff20999df2af8eb42d56 -> 
========================================================================
Received Prepare
Registering precompiled user dll's ...
Registered in 0.006399 seconds.
Begin MonoManager ReloadAssembly
Native extension for WindowsStandalone target not found
Native extension for Android target not found
Native extension for WebGL target not found
Refreshing native plugins compatible for Editor in 0.57 ms, found 4 plugins.
Preloading 0 native plugins for Editor in 0.00 ms.
[Package Manager] Server::EnsureServerProcessIsRunning -- launch failed, reason: Unity was launched with the -noUpm command-line argument
[Package Manager] Cannot connect to Unity Package Manager local server
Mono: successfully reloaded assembly
- Completed reload, in  1.201 seconds
Domain Reload Profiling:
	ReloadAssembly (1202ms)
		BeginReloadAssembly (121ms)
			ExecutionOrderSort (0ms)
			DisableScriptedObjects (4ms)
			BackupInstance (0ms)
			ReleaseScriptingObjects (0ms)
			CreateAndSetChildDomain (31ms)
		EndReloadAssembly (1013ms)
			LoadAssemblies (83ms)
			RebuildTransferFunctionScriptingTraits (0ms)
			SetupTypeCache (221ms)
			ReleaseScriptCaches (1ms)
			RebuildScriptCaches (36ms)
			SetupLoadedEditorAssemblies (658ms)
				LogAssemblyErrors (0ms)
				InitializePlatformSupportModulesInManaged (14ms)
				SetLoadedEditorAssemblies (0ms)
				RefreshPlugins (1ms)
				BeforeProcessingInitializeOnLoad (53ms)
				ProcessInitializeOnLoadAttributes (558ms)
				ProcessInitializeOnLoadMethodAttributes (28ms)
				AfterProcessingInitializeOnLoad (4ms)
				EditorAssembliesLoaded (0ms)
			ExecutionOrderSort2 (0ms)
			AwakeInstancesAfterBackupRestoration (5ms)
Platform modules already initialized, skipping
Refreshing native plugins compatible for Editor in 0.72 ms, found 4 plugins.
Preloading 0 native plugins for Editor in 0.00 ms.
Unloading 3889 Unused Serialized files (Serialized files now loaded: 0)
Unloading 27 unused Assets / (21.9 KB). Loaded Objects now: 4465.
Memory consumption went from 153.0 MB to 153.0 MB.
Total: 2.162800 ms (FindLiveObjects: 0.192400 ms CreateObjectMapping: 0.088300 ms MarkObjects: 1.861900 ms  DeleteObjects: 0.019700 ms)

AssetImportParameters requested are different than current active one (requested -> active):
  custom:video-decoder-ogg-theora: a1e56fd34408186e4bbccfd4996cb3dc -> 
  custom:container-muxer-webm: aa71ff27fc2769a1b78a27578f13a17b -> 
  custom:container-demuxer-webm: 4f35f7cbe854078d1ac9338744f61a02 -> 
  custom:video-encoder-webm-vp8: eb34c28f22e8b96e1ab97ce403110664 -> 
  custom:video-codec-MediaFoundation-h265: 746d11721c4dcdbdad8f713fa42b33f4 -> 
  custom:CustomObjectIndexerAttribute: bc11b3a6c3213fcdd17b65e7da85e133 -> 
  custom:audio-encoder-webm-vorbis: bf7c407c2cedff20999df2af8eb42d56 -> 
  custom:framework-win-MediaFoundation: 216162199b28c13a410421893ffa2e32 -> 
  custom:SearchIndexIgnoredProperties: e643bd26f0fe6173181afceb89e7c659 -> 
  custom:container-demuxer-ogg: 62fdf1f143b41e24485cea50d1cbac27 -> 
  custom:video-decoder-webm-vp8: 9c59270c3fd7afecdb556c50c9e8de78 -> 
  custom:audio-decoder-ogg-vorbis: bf7c407c2cedff20999df2af8eb42d56 -> 
========================================================================
Received Prepare
Registering precompiled user dll's ...
Registered in 0.005493 seconds.
Begin MonoManager ReloadAssembly
Native extension for WindowsStandalone target not found
Native extension for Android target not found
Native extension for WebGL target not found
Refreshing native plugins compatible for Editor in 0.54 ms, found 4 plugins.
Preloading 0 native plugins for Editor in 0.00 ms.
[Package Manager] Server::EnsureServerProcessIsRunning -- launch failed, reason: Unity was launched with the -noUpm command-line argument
[Package Manager] Cannot connect to Unity Package Manager local server
Mono: successfully reloaded assembly
- Completed reload, in  1.247 seconds
Domain Reload Profiling:
	ReloadAssembly (1247ms)
		BeginReloadAssembly (112ms)
			ExecutionOrderSort (0ms)
			DisableScriptedObjects (4ms)
			BackupInstance (0ms)
			ReleaseScriptingObjects (0ms)
			CreateAndSetChildDomain (27ms)
		EndReloadAssembly (1070ms)
			LoadAssemblies (76ms)
			RebuildTransferFunctionScriptingTraits (0ms)
			SetupTypeCache (219ms)
			ReleaseScriptCaches (1ms)
			RebuildScriptCaches (38ms)
			SetupLoadedEditorAssemblies (709ms)
				LogAssemblyErrors (0ms)
				InitializePlatformSupportModulesInManaged (13ms)
				SetLoadedEditorAssemblies (0ms)
				RefreshPlugins (1ms)
				BeforeProcessingInitializeOnLoad (50ms)
				ProcessInitializeOnLoadAttributes (609ms)
				ProcessInitializeOnLoadMethodAttributes (31ms)
				AfterProcessingInitializeOnLoad (4ms)
				EditorAssembliesLoaded (0ms)
			ExecutionOrderSort2 (0ms)
			AwakeInstancesAfterBackupRestoration (7ms)
Platform modules already initialized, skipping
Refreshing native plugins compatible for Editor in 0.66 ms, found 4 plugins.
Preloading 0 native plugins for Editor in 0.00 ms.
Unloading 3889 Unused Serialized files (Serialized files now loaded: 0)
Unloading 27 unused Assets / (22.0 KB). Loaded Objects now: 4468.
Memory consumption went from 153.0 MB to 153.0 MB.
Total: 2.487000 ms (FindLiveObjects: 0.264000 ms CreateObjectMapping: 0.189000 ms MarkObjects: 2.011600 ms  DeleteObjects: 0.021600 ms)

AssetImportParameters requested are different than current active one (requested -> active):
  custom:video-decoder-ogg-theora: a1e56fd34408186e4bbccfd4996cb3dc -> 
  custom:container-muxer-webm: aa71ff27fc2769a1b78a27578f13a17b -> 
  custom:container-demuxer-webm: 4f35f7cbe854078d1ac9338744f61a02 -> 
  custom:video-encoder-webm-vp8: eb34c28f22e8b96e1ab97ce403110664 -> 
  custom:video-codec-MediaFoundation-h265: 746d11721c4dcdbdad8f713fa42b33f4 -> 
  custom:CustomObjectIndexerAttribute: bc11b3a6c3213fcdd17b65e7da85e133 -> 
  custom:audio-encoder-webm-vorbis: bf7c407c2cedff20999df2af8eb42d56 -> 
  custom:framework-win-MediaFoundation: 216162199b28c13a410421893ffa2e32 -> 
  custom:SearchIndexIgnoredProperties: e643bd26f0fe6173181afceb89e7c659 -> 
  custom:container-demuxer-ogg: 62fdf1f143b41e24485cea50d1cbac27 -> 
  custom:video-decoder-webm-vp8: 9c59270c3fd7afecdb556c50c9e8de78 -> 
  custom:audio-decoder-ogg-vorbis: bf7c407c2cedff20999df2af8eb42d56 -> 
========================================================================
Received Prepare
Registering precompiled user dll's ...
Registered in 0.003703 seconds.
Begin MonoManager ReloadAssembly
Native extension for WindowsStandalone target not found
Native extension for Android target not found
Native extension for WebGL target not found
Refreshing native plugins compatible for Editor in 0.66 ms, found 4 plugins.
Preloading 0 native plugins for Editor in 0.00 ms.
[Package Manager] Server::EnsureServerProcessIsRunning -- launch failed, reason: Unity was launched with the -noUpm command-line argument
[Package Manager] Cannot connect to Unity Package Manager local server
Mono: successfully reloaded assembly
- Completed reload, in  1.283 seconds
Domain Reload Profiling:
	ReloadAssembly (1284ms)
		BeginReloadAssembly (115ms)
			ExecutionOrderSort (0ms)
			DisableScriptedObjects (4ms)
			BackupInstance (0ms)
			ReleaseScriptingObjects (0ms)
			CreateAndSetChildDomain (26ms)
		EndReloadAssembly (1097ms)
			LoadAssemblies (80ms)
			RebuildTransferFunctionScriptingTraits (0ms)
			SetupTypeCache (236ms)
			ReleaseScriptCaches (1ms)
			RebuildScriptCaches (40ms)
			SetupLoadedEditorAssemblies (711ms)
				LogAssemblyErrors (0ms)
				InitializePlatformSupportModulesInManaged (14ms)
				SetLoadedEditorAssemblies (0ms)
				RefreshPlugins (1ms)
				BeforeProcessingInitializeOnLoad (50ms)
				ProcessInitializeOnLoadAttributes (603ms)
				ProcessInitializeOnLoadMethodAttributes (37ms)
				AfterProcessingInitializeOnLoad (5ms)
				EditorAssembliesLoaded (0ms)
			ExecutionOrderSort2 (0ms)
			AwakeInstancesAfterBackupRestoration (7ms)
Platform modules already initialized, skipping
Refreshing native plugins compatible for Editor in 0.52 ms, found 4 plugins.
Preloading 0 native plugins for Editor in 0.00 ms.
Unloading 3889 Unused Serialized files (Serialized files now loaded: 0)
Unloading 27 unused Assets / (23.0 KB). Loaded Objects now: 4471.
Memory consumption went from 153.0 MB to 153.0 MB.
Total: 2.611800 ms (FindLiveObjects: 0.244600 ms CreateObjectMapping: 0.133200 ms MarkObjects: 2.204700 ms  DeleteObjects: 0.028400 ms)

AssetImportParameters requested are different than current active one (requested -> active):
  custom:video-decoder-ogg-theora: a1e56fd34408186e4bbccfd4996cb3dc -> 
  custom:container-muxer-webm: aa71ff27fc2769a1b78a27578f13a17b -> 
  custom:container-demuxer-webm: 4f35f7cbe854078d1ac9338744f61a02 -> 
  custom:video-encoder-webm-vp8: eb34c28f22e8b96e1ab97ce403110664 -> 
  custom:video-codec-MediaFoundation-h265: 746d11721c4dcdbdad8f713fa42b33f4 -> 
  custom:CustomObjectIndexerAttribute: bc11b3a6c3213fcdd17b65e7da85e133 -> 
  custom:audio-encoder-webm-vorbis: bf7c407c2cedff20999df2af8eb42d56 -> 
  custom:framework-win-MediaFoundation: 216162199b28c13a410421893ffa2e32 -> 
  custom:SearchIndexIgnoredProperties: e643bd26f0fe6173181afceb89e7c659 -> 
  custom:container-demuxer-ogg: 62fdf1f143b41e24485cea50d1cbac27 -> 
  custom:video-decoder-webm-vp8: 9c59270c3fd7afecdb556c50c9e8de78 -> 
  custom:audio-decoder-ogg-vorbis: bf7c407c2cedff20999df2af8eb42d56 -> 
========================================================================
Received Prepare
Registering precompiled user dll's ...
Registered in 0.003606 seconds.
Begin MonoManager ReloadAssembly
Native extension for WindowsStandalone target not found
Native extension for Android target not found
Native extension for WebGL target not found
Refreshing native plugins compatible for Editor in 0.79 ms, found 4 plugins.
Preloading 0 native plugins for Editor in 0.00 ms.
[Package Manager] Server::EnsureServerProcessIsRunning -- launch failed, reason: Unity was launched with the -noUpm command-line argument
[Package Manager] Cannot connect to Unity Package Manager local server
Mono: successfully reloaded assembly
- Completed reload, in  1.220 seconds
Domain Reload Profiling:
	ReloadAssembly (1221ms)
		BeginReloadAssembly (120ms)
			ExecutionOrderSort (0ms)
			DisableScriptedObjects (5ms)
			BackupInstance (0ms)
			ReleaseScriptingObjects (0ms)
			CreateAndSetChildDomain (25ms)
		EndReloadAssembly (1021ms)
			LoadAssemblies (83ms)
			RebuildTransferFunctionScriptingTraits (0ms)
			SetupTypeCache (227ms)
			ReleaseScriptCaches (1ms)
			RebuildScriptCaches (38ms)
			SetupLoadedEditorAssemblies (660ms)
				LogAssemblyErrors (0ms)
				InitializePlatformSupportModulesInManaged (13ms)
				SetLoadedEditorAssemblies (0ms)
				RefreshPlugins (1ms)
				BeforeProcessingInitializeOnLoad (52ms)
				ProcessInitializeOnLoadAttributes (563ms)
				ProcessInitializeOnLoadMethodAttributes (26ms)
				AfterProcessingInitializeOnLoad (4ms)
				EditorAssembliesLoaded (0ms)
			ExecutionOrderSort2 (0ms)
			AwakeInstancesAfterBackupRestoration (5ms)
Platform modules already initialized, skipping
Refreshing native plugins compatible for Editor in 0.51 ms, found 4 plugins.
Preloading 0 native plugins for Editor in 0.00 ms.
Unloading 3889 Unused Serialized files (Serialized files now loaded: 0)
Unloading 27 unused Assets / (22.0 KB). Loaded Objects now: 4474.
Memory consumption went from 153.0 MB to 153.0 MB.
Total: 2.453400 ms (FindLiveObjects: 0.218000 ms CreateObjectMapping: 0.112700 ms MarkObjects: 2.104300 ms  DeleteObjects: 0.017800 ms)

AssetImportParameters requested are different than current active one (requested -> active):
  custom:video-decoder-ogg-theora: a1e56fd34408186e4bbccfd4996cb3dc -> 
  custom:container-muxer-webm: aa71ff27fc2769a1b78a27578f13a17b -> 
  custom:container-demuxer-webm: 4f35f7cbe854078d1ac9338744f61a02 -> 
  custom:video-encoder-webm-vp8: eb34c28f22e8b96e1ab97ce403110664 -> 
  custom:video-codec-MediaFoundation-h265: 746d11721c4dcdbdad8f713fa42b33f4 -> 
  custom:CustomObjectIndexerAttribute: bc11b3a6c3213fcdd17b65e7da85e133 -> 
  custom:audio-encoder-webm-vorbis: bf7c407c2cedff20999df2af8eb42d56 -> 
  custom:framework-win-MediaFoundation: 216162199b28c13a410421893ffa2e32 -> 
  custom:SearchIndexIgnoredProperties: e643bd26f0fe6173181afceb89e7c659 -> 
  custom:container-demuxer-ogg: 62fdf1f143b41e24485cea50d1cbac27 -> 
  custom:video-decoder-webm-vp8: 9c59270c3fd7afecdb556c50c9e8de78 -> 
  custom:audio-decoder-ogg-vorbis: bf7c407c2cedff20999df2af8eb42d56 -> 
========================================================================
Received Prepare
Registering precompiled user dll's ...
Registered in 0.005205 seconds.
Begin MonoManager ReloadAssembly
Native extension for WindowsStandalone target not found
Native extension for Android target not found
Native extension for WebGL target not found
Refreshing native plugins compatible for Editor in 0.55 ms, found 4 plugins.
Preloading 0 native plugins for Editor in 0.00 ms.
[Package Manager] Server::EnsureServerProcessIsRunning -- launch failed, reason: Unity was launched with the -noUpm command-line argument
[Package Manager] Cannot connect to Unity Package Manager local server
Mono: successfully reloaded assembly
- Completed reload, in  1.229 seconds
Domain Reload Profiling:
	ReloadAssembly (1230ms)
		BeginReloadAssembly (112ms)
			ExecutionOrderSort (0ms)
			DisableScriptedObjects (5ms)
			BackupInstance (0ms)
			ReleaseScriptingObjects (0ms)
			CreateAndSetChildDomain (24ms)
		EndReloadAssembly (1047ms)
			LoadAssemblies (80ms)
			RebuildTransferFunctionScriptingTraits (0ms)
			SetupTypeCache (222ms)
			ReleaseScriptCaches (1ms)
			RebuildScriptCaches (41ms)
			SetupLoadedEditorAssemblies (683ms)
				LogAssemblyErrors (0ms)
				InitializePlatformSupportModulesInManaged (12ms)
				SetLoadedEditorAssemblies (0ms)
				RefreshPlugins (1ms)
				BeforeProcessingInitializeOnLoad (48ms)
				ProcessInitializeOnLoadAttributes (586ms)
				ProcessInitializeOnLoadMethodAttributes (33ms)
				AfterProcessingInitializeOnLoad (3ms)
				EditorAssembliesLoaded (0ms)
			ExecutionOrderSort2 (0ms)
			AwakeInstancesAfterBackupRestoration (5ms)
Platform modules already initialized, skipping
Refreshing native plugins compatible for Editor in 0.62 ms, found 4 plugins.
Preloading 0 native plugins for Editor in 0.00 ms.
Unloading 3889 Unused Serialized files (Serialized files now loaded: 0)
Unloading 27 unused Assets / (22.0 KB). Loaded Objects now: 4477.
Memory consumption went from 153.0 MB to 153.0 MB.
Total: 3.212700 ms (FindLiveObjects: 0.253700 ms CreateObjectMapping: 0.192200 ms MarkObjects: 2.741400 ms  DeleteObjects: 0.024500 ms)

AssetImportParameters requested are different than current active one (requested -> active):
  custom:video-decoder-ogg-theora: a1e56fd34408186e4bbccfd4996cb3dc -> 
  custom:container-muxer-webm: aa71ff27fc2769a1b78a27578f13a17b -> 
  custom:container-demuxer-webm: 4f35f7cbe854078d1ac9338744f61a02 -> 
  custom:video-encoder-webm-vp8: eb34c28f22e8b96e1ab97ce403110664 -> 
  custom:video-codec-MediaFoundation-h265: 746d11721c4dcdbdad8f713fa42b33f4 -> 
  custom:CustomObjectIndexerAttribute: bc11b3a6c3213fcdd17b65e7da85e133 -> 
  custom:audio-encoder-webm-vorbis: bf7c407c2cedff20999df2af8eb42d56 -> 
  custom:framework-win-MediaFoundation: 216162199b28c13a410421893ffa2e32 -> 
  custom:SearchIndexIgnoredProperties: e643bd26f0fe6173181afceb89e7c659 -> 
  custom:container-demuxer-ogg: 62fdf1f143b41e24485cea50d1cbac27 -> 
  custom:video-decoder-webm-vp8: 9c59270c3fd7afecdb556c50c9e8de78 -> 
  custom:audio-decoder-ogg-vorbis: bf7c407c2cedff20999df2af8eb42d56 -> 
========================================================================
Received Import Request.
  Time since last request: 635.870325 seconds.
  path: Assets/Scripts/MovementPhisic.cs
  artifactKey: Guid(1d8d0ace1f8ca294ca6f7dd9203e7ba4) Importer(815301076,1909f56bfc062723c751e8b465ee728b)
Number of updated assets reloaded before import = 0
Start importing Assets/Scripts/MovementPhisic.cs using Guid(1d8d0ace1f8ca294ca6f7dd9203e7ba4) Importer(815301076,1909f56bfc062723c751e8b465ee728b)  -> (artifact id: 'ea5d6d8792d23455ab401ff5dbc552ea') in 0.008035 seconds 
Number of asset objects unloaded after import = 0
========================================================================
Received Import Request.
  Time since last request: 194.225382 seconds.
  path: Assets/Scripts/MovementPhisic.cs
  artifactKey: Guid(1d8d0ace1f8ca294ca6f7dd9203e7ba4) Importer(815301076,1909f56bfc062723c751e8b465ee728b)
Number of updated assets reloaded before import = 0
Start importing Assets/Scripts/MovementPhisic.cs using Guid(1d8d0ace1f8ca294ca6f7dd9203e7ba4) Importer(815301076,1909f56bfc062723c751e8b465ee728b)  -> (artifact id: '86317e4b6224057c8ab82959b04d82be') in 0.005346 seconds 
Number of asset objects unloaded after import = 0
========================================================================
Received Prepare
Registering precompiled user dll's ...
Registered in 0.005816 seconds.
Begin MonoManager ReloadAssembly
Native extension for WindowsStandalone target not found
Native extension for Android target not found
Native extension for WebGL target not found
Refreshing native plugins compatible for Editor in 0.76 ms, found 4 plugins.
Preloading 0 native plugins for Editor in 0.00 ms.
[Package Manager] Server::EnsureServerProcessIsRunning -- launch failed, reason: Unity was launched with the -noUpm command-line argument
[Package Manager] Cannot connect to Unity Package Manager local server
Mono: successfully reloaded assembly
- Completed reload, in  1.501 seconds
Domain Reload Profiling:
	ReloadAssembly (1502ms)
		BeginReloadAssembly (166ms)
			ExecutionOrderSort (0ms)
			DisableScriptedObjects (5ms)
			BackupInstance (0ms)
			ReleaseScriptingObjects (0ms)
			CreateAndSetChildDomain (42ms)
		EndReloadAssembly (1200ms)
			LoadAssemblies (114ms)
			RebuildTransferFunctionScriptingTraits (0ms)
			SetupTypeCache (292ms)
			ReleaseScriptCaches (2ms)
			RebuildScriptCaches (52ms)
			SetupLoadedEditorAssemblies (727ms)
				LogAssemblyErrors (0ms)
				InitializePlatformSupportModulesInManaged (18ms)
				SetLoadedEditorAssemblies (1ms)
				RefreshPlugins (1ms)
				BeforeProcessingInitializeOnLoad (69ms)
				ProcessInitializeOnLoadAttributes (607ms)
				ProcessInitializeOnLoadMethodAttributes (28ms)
				AfterProcessingInitializeOnLoad (3ms)
				EditorAssembliesLoaded (0ms)
			ExecutionOrderSort2 (0ms)
			AwakeInstancesAfterBackupRestoration (5ms)
Platform modules already initialized, skipping
Refreshing native plugins compatible for Editor in 0.42 ms, found 4 plugins.
Preloading 0 native plugins for Editor in 0.00 ms.
Unloading 3889 Unused Serialized files (Serialized files now loaded: 0)
Unloading 27 unused Assets / (22.0 KB). Loaded Objects now: 4480.
Memory consumption went from 153.1 MB to 153.0 MB.
Total: 3.012700 ms (FindLiveObjects: 0.355400 ms CreateObjectMapping: 0.172700 ms MarkObjects: 2.451100 ms  DeleteObjects: 0.032200 ms)

AssetImportParameters requested are different than current active one (requested -> active):
  custom:video-decoder-ogg-theora: a1e56fd34408186e4bbccfd4996cb3dc -> 
  custom:container-muxer-webm: aa71ff27fc2769a1b78a27578f13a17b -> 
  custom:container-demuxer-webm: 4f35f7cbe854078d1ac9338744f61a02 -> 
  custom:video-encoder-webm-vp8: eb34c28f22e8b96e1ab97ce403110664 -> 
  custom:video-codec-MediaFoundation-h265: 746d11721c4dcdbdad8f713fa42b33f4 -> 
  custom:CustomObjectIndexerAttribute: bc11b3a6c3213fcdd17b65e7da85e133 -> 
  custom:audio-encoder-webm-vorbis: bf7c407c2cedff20999df2af8eb42d56 -> 
  custom:framework-win-MediaFoundation: 216162199b28c13a410421893ffa2e32 -> 
  custom:SearchIndexIgnoredProperties: e643bd26f0fe6173181afceb89e7c659 -> 
  custom:container-demuxer-ogg: 62fdf1f143b41e24485cea50d1cbac27 -> 
  custom:video-decoder-webm-vp8: 9c59270c3fd7afecdb556c50c9e8de78 -> 
  custom:audio-decoder-ogg-vorbis: bf7c407c2cedff20999df2af8eb42d56 -> 
========================================================================
Received Prepare
Registering precompiled user dll's ...
Registered in 0.004106 seconds.
Begin MonoManager ReloadAssembly
Native extension for WindowsStandalone target not found
Native extension for Android target not found
Native extension for WebGL target not found
Refreshing native plugins compatible for Editor in 0.98 ms, found 4 plugins.
Preloading 0 native plugins for Editor in 0.00 ms.
[Package Manager] Server::EnsureServerProcessIsRunning -- launch failed, reason: Unity was launched with the -noUpm command-line argument
[Package Manager] Cannot connect to Unity Package Manager local server
Mono: successfully reloaded assembly
- Completed reload, in  1.285 seconds
Domain Reload Profiling:
	ReloadAssembly (1285ms)
		BeginReloadAssembly (129ms)
			ExecutionOrderSort (0ms)
			DisableScriptedObjects (5ms)
			BackupInstance (0ms)
			ReleaseScriptingObjects (0ms)
			CreateAndSetChildDomain (31ms)
		EndReloadAssembly (1086ms)
			LoadAssemblies (90ms)
			RebuildTransferFunctionScriptingTraits (0ms)
			SetupTypeCache (232ms)
			ReleaseScriptCaches (2ms)
			RebuildScriptCaches (40ms)
			SetupLoadedEditorAssemblies (705ms)
				LogAssemblyErrors (0ms)
				InitializePlatformSupportModulesInManaged (13ms)
				SetLoadedEditorAssemblies (0ms)
				RefreshPlugins (1ms)
				BeforeProcessingInitializeOnLoad (52ms)
				ProcessInitializeOnLoadAttributes (604ms)
				ProcessInitializeOnLoadMethodAttributes (31ms)
				AfterProcessingInitializeOnLoad (3ms)
				EditorAssembliesLoaded (0ms)
			ExecutionOrderSort2 (0ms)
			AwakeInstancesAfterBackupRestoration (5ms)
Platform modules already initialized, skipping
Refreshing native plugins compatible for Editor in 0.54 ms, found 4 plugins.
Preloading 0 native plugins for Editor in 0.00 ms.
Unloading 3889 Unused Serialized files (Serialized files now loaded: 0)
Unloading 27 unused Assets / (21.9 KB). Loaded Objects now: 4483.
Memory consumption went from 153.1 MB to 153.0 MB.
Total: 2.398300 ms (FindLiveObjects: 0.242400 ms CreateObjectMapping: 0.140200 ms MarkObjects: 1.995600 ms  DeleteObjects: 0.019300 ms)

AssetImportParameters requested are different than current active one (requested -> active):
  custom:video-decoder-ogg-theora: a1e56fd34408186e4bbccfd4996cb3dc -> 
  custom:container-muxer-webm: aa71ff27fc2769a1b78a27578f13a17b -> 
  custom:container-demuxer-webm: 4f35f7cbe854078d1ac9338744f61a02 -> 
  custom:video-encoder-webm-vp8: eb34c28f22e8b96e1ab97ce403110664 -> 
  custom:video-codec-MediaFoundation-h265: 746d11721c4dcdbdad8f713fa42b33f4 -> 
  custom:CustomObjectIndexerAttribute: bc11b3a6c3213fcdd17b65e7da85e133 -> 
  custom:audio-encoder-webm-vorbis: bf7c407c2cedff20999df2af8eb42d56 -> 
  custom:framework-win-MediaFoundation: 216162199b28c13a410421893ffa2e32 -> 
  custom:SearchIndexIgnoredProperties: e643bd26f0fe6173181afceb89e7c659 -> 
  custom:container-demuxer-ogg: 62fdf1f143b41e24485cea50d1cbac27 -> 
  custom:video-decoder-webm-vp8: 9c59270c3fd7afecdb556c50c9e8de78 -> 
  custom:audio-decoder-ogg-vorbis: bf7c407c2cedff20999df2af8eb42d56 -> 
========================================================================
Received Prepare
Registering precompiled user dll's ...
Registered in 0.004542 seconds.
Begin MonoManager ReloadAssembly
Native extension for WindowsStandalone target not found
Native extension for Android target not found
Native extension for WebGL target not found
Refreshing native plugins compatible for Editor in 0.84 ms, found 4 plugins.
Preloading 0 native plugins for Editor in 0.00 ms.
[Package Manager] Server::EnsureServerProcessIsRunning -- launch failed, reason: Unity was launched with the -noUpm command-line argument
[Package Manager] Cannot connect to Unity Package Manager local server
Mono: successfully reloaded assembly
- Completed reload, in  1.401 seconds
Domain Reload Profiling:
	ReloadAssembly (1402ms)
		BeginReloadAssembly (154ms)
			ExecutionOrderSort (0ms)
			DisableScriptedObjects (5ms)
			BackupInstance (0ms)
			ReleaseScriptingObjects (0ms)
			CreateAndSetChildDomain (40ms)
		EndReloadAssembly (1157ms)
			LoadAssemblies (105ms)
			RebuildTransferFunctionScriptingTraits (0ms)
			SetupTypeCache (261ms)
			ReleaseScriptCaches (1ms)
			RebuildScriptCaches (40ms)
			SetupLoadedEditorAssemblies (734ms)
				LogAssemblyErrors (0ms)
				InitializePlatformSupportModulesInManaged (18ms)
				SetLoadedEditorAssemblies (0ms)
				RefreshPlugins (1ms)
				BeforeProcessingInitializeOnLoad (61ms)
				ProcessInitializeOnLoadAttributes (620ms)
				ProcessInitializeOnLoadMethodAttributes (30ms)
				AfterProcessingInitializeOnLoad (4ms)
				EditorAssembliesLoaded (0ms)
			ExecutionOrderSort2 (0ms)
			AwakeInstancesAfterBackupRestoration (9ms)
Platform modules already initialized, skipping
Refreshing native plugins compatible for Editor in 0.57 ms, found 4 plugins.
Preloading 0 native plugins for Editor in 0.00 ms.
Unloading 3889 Unused Serialized files (Serialized files now loaded: 0)
Unloading 27 unused Assets / (22.0 KB). Loaded Objects now: 4486.
Memory consumption went from 153.1 MB to 153.0 MB.
Total: 2.410300 ms (FindLiveObjects: 0.214300 ms CreateObjectMapping: 0.090500 ms MarkObjects: 2.084300 ms  DeleteObjects: 0.019300 ms)

AssetImportParameters requested are different than current active one (requested -> active):
  custom:video-decoder-ogg-theora: a1e56fd34408186e4bbccfd4996cb3dc -> 
  custom:container-muxer-webm: aa71ff27fc2769a1b78a27578f13a17b -> 
  custom:container-demuxer-webm: 4f35f7cbe854078d1ac9338744f61a02 -> 
  custom:video-encoder-webm-vp8: eb34c28f22e8b96e1ab97ce403110664 -> 
  custom:video-codec-MediaFoundation-h265: 746d11721c4dcdbdad8f713fa42b33f4 -> 
  custom:CustomObjectIndexerAttribute: bc11b3a6c3213fcdd17b65e7da85e133 -> 
  custom:audio-encoder-webm-vorbis: bf7c407c2cedff20999df2af8eb42d56 -> 
  custom:framework-win-MediaFoundation: 216162199b28c13a410421893ffa2e32 -> 
  custom:SearchIndexIgnoredProperties: e643bd26f0fe6173181afceb89e7c659 -> 
  custom:container-demuxer-ogg: 62fdf1f143b41e24485cea50d1cbac27 -> 
  custom:video-decoder-webm-vp8: 9c59270c3fd7afecdb556c50c9e8de78 -> 
  custom:audio-decoder-ogg-vorbis: bf7c407c2cedff20999df2af8eb42d56 -> 
========================================================================
Received Import Request.
  Time since last request: 104.008439 seconds.
  path: Assets/Scripts/MovementPhisic.cs
  artifactKey: Guid(1d8d0ace1f8ca294ca6f7dd9203e7ba4) Importer(815301076,1909f56bfc062723c751e8b465ee728b)
Number of updated assets reloaded before import = 0
Start importing Assets/Scripts/MovementPhisic.cs using Guid(1d8d0ace1f8ca294ca6f7dd9203e7ba4) Importer(815301076,1909f56bfc062723c751e8b465ee728b)  -> (artifact id: '4cf89011f2839aaae802ec995d62f8d5') in 0.007046 seconds 
Number of asset objects unloaded after import = 0
========================================================================
Received Import Request.
  Time since last request: 0.592244 seconds.
  path: Assets/Scripts/DamagePlayer.cs
  artifactKey: Guid(64f04fb9563f0654597c3a4f179a999d) Importer(815301076,1909f56bfc062723c751e8b465ee728b)
Number of updated assets reloaded before import = 0
Start importing Assets/Scripts/DamagePlayer.cs using Guid(64f04fb9563f0654597c3a4f179a999d) Importer(815301076,1909f56bfc062723c751e8b465ee728b)  -> (artifact id: '33a0173e6d2d044353f00d515180dfc2') in 0.002123 seconds 
Number of asset objects unloaded after import = 0
========================================================================
Received Prepare
Registering precompiled user dll's ...
Registered in 0.003961 seconds.
Begin MonoManager ReloadAssembly
Native extension for WindowsStandalone target not found
Native extension for Android target not found
Native extension for WebGL target not found
Refreshing native plugins compatible for Editor in 0.55 ms, found 4 plugins.
Preloading 0 native plugins for Editor in 0.00 ms.
[Package Manager] Server::EnsureServerProcessIsRunning -- launch failed, reason: Unity was launched with the -noUpm command-line argument
[Package Manager] Cannot connect to Unity Package Manager local server
Mono: successfully reloaded assembly
- Completed reload, in  1.273 seconds
Domain Reload Profiling:
	ReloadAssembly (1273ms)
		BeginReloadAssembly (136ms)
			ExecutionOrderSort (0ms)
			DisableScriptedObjects (6ms)
			BackupInstance (0ms)
			ReleaseScriptingObjects (0ms)
			CreateAndSetChildDomain (31ms)
		EndReloadAssembly (1059ms)
			LoadAssemblies (93ms)
			RebuildTransferFunctionScriptingTraits (0ms)
			SetupTypeCache (228ms)
			ReleaseScriptCaches (1ms)
			RebuildScriptCaches (38ms)
			SetupLoadedEditorAssemblies (692ms)
				LogAssemblyErrors (0ms)
				InitializePlatformSupportModulesInManaged (12ms)
				SetLoadedEditorAssemblies (0ms)
				RefreshPlugins (1ms)
				BeforeProcessingInitializeOnLoad (59ms)
				ProcessInitializeOnLoadAttributes (585ms)
				ProcessInitializeOnLoadMethodAttributes (32ms)
				AfterProcessingInitializeOnLoad (4ms)
				EditorAssembliesLoaded (0ms)
			ExecutionOrderSort2 (0ms)
			AwakeInstancesAfterBackupRestoration (5ms)
Platform modules already initialized, skipping
Refreshing native plugins compatible for Editor in 0.59 ms, found 4 plugins.
Preloading 0 native plugins for Editor in 0.00 ms.
Unloading 3889 Unused Serialized files (Serialized files now loaded: 0)
Unloading 27 unused Assets / (21.9 KB). Loaded Objects now: 4489.
Memory consumption went from 153.1 MB to 153.1 MB.
Total: 2.317800 ms (FindLiveObjects: 0.207900 ms CreateObjectMapping: 0.094800 ms MarkObjects: 1.992000 ms  DeleteObjects: 0.021500 ms)

AssetImportParameters requested are different than current active one (requested -> active):
  custom:video-decoder-ogg-theora: a1e56fd34408186e4bbccfd4996cb3dc -> 
  custom:container-muxer-webm: aa71ff27fc2769a1b78a27578f13a17b -> 
  custom:container-demuxer-webm: 4f35f7cbe854078d1ac9338744f61a02 -> 
  custom:video-encoder-webm-vp8: eb34c28f22e8b96e1ab97ce403110664 -> 
  custom:video-codec-MediaFoundation-h265: 746d11721c4dcdbdad8f713fa42b33f4 -> 
  custom:CustomObjectIndexerAttribute: bc11b3a6c3213fcdd17b65e7da85e133 -> 
  custom:audio-encoder-webm-vorbis: bf7c407c2cedff20999df2af8eb42d56 -> 
  custom:framework-win-MediaFoundation: 216162199b28c13a410421893ffa2e32 -> 
  custom:SearchIndexIgnoredProperties: e643bd26f0fe6173181afceb89e7c659 -> 
  custom:container-demuxer-ogg: 62fdf1f143b41e24485cea50d1cbac27 -> 
  custom:video-decoder-webm-vp8: 9c59270c3fd7afecdb556c50c9e8de78 -> 
  custom:audio-decoder-ogg-vorbis: bf7c407c2cedff20999df2af8eb42d56 -> 
========================================================================
Received Prepare
Registering precompiled user dll's ...
Registered in 0.004692 seconds.
Begin MonoManager ReloadAssembly
Native extension for WindowsStandalone target not found
Native extension for Android target not found
Native extension for WebGL target not found
Refreshing native plugins compatible for Editor in 0.57 ms, found 4 plugins.
Preloading 0 native plugins for Editor in 0.00 ms.
[Package Manager] Server::EnsureServerProcessIsRunning -- launch failed, reason: Unity was launched with the -noUpm command-line argument
[Package Manager] Cannot connect to Unity Package Manager local server
Mono: successfully reloaded assembly
- Completed reload, in  1.283 seconds
Domain Reload Profiling:
	ReloadAssembly (1284ms)
		BeginReloadAssembly (121ms)
			ExecutionOrderSort (0ms)
			DisableScriptedObjects (5ms)
			BackupInstance (0ms)
			ReleaseScriptingObjects (0ms)
			CreateAndSetChildDomain (30ms)
		EndReloadAssembly (1088ms)
			LoadAssemblies (87ms)
			RebuildTransferFunctionScriptingTraits (0ms)
			SetupTypeCache (236ms)
			ReleaseScriptCaches (1ms)
			RebuildScriptCaches (40ms)
			SetupLoadedEditorAssemblies (699ms)
				LogAssemblyErrors (0ms)
				InitializePlatformSupportModulesInManaged (13ms)
				SetLoadedEditorAssemblies (0ms)
				RefreshPlugins (1ms)
				BeforeProcessingInitializeOnLoad (52ms)
				ProcessInitializeOnLoadAttributes (598ms)
				ProcessInitializeOnLoadMethodAttributes (30ms)
				AfterProcessingInitializeOnLoad (4ms)
				EditorAssembliesLoaded (0ms)
			ExecutionOrderSort2 (0ms)
			AwakeInstancesAfterBackupRestoration (5ms)
Platform modules already initialized, skipping
Refreshing native plugins compatible for Editor in 0.58 ms, found 4 plugins.
Preloading 0 native plugins for Editor in 0.00 ms.
Unloading 3889 Unused Serialized files (Serialized files now loaded: 0)
Unloading 27 unused Assets / (21.9 KB). Loaded Objects now: 4492.
Memory consumption went from 153.1 MB to 153.1 MB.
Total: 3.027400 ms (FindLiveObjects: 0.215100 ms CreateObjectMapping: 0.099100 ms MarkObjects: 2.676800 ms  DeleteObjects: 0.034900 ms)

AssetImportParameters requested are different than current active one (requested -> active):
  custom:video-decoder-ogg-theora: a1e56fd34408186e4bbccfd4996cb3dc -> 
  custom:container-muxer-webm: aa71ff27fc2769a1b78a27578f13a17b -> 
  custom:container-demuxer-webm: 4f35f7cbe854078d1ac9338744f61a02 -> 
  custom:video-encoder-webm-vp8: eb34c28f22e8b96e1ab97ce403110664 -> 
  custom:video-codec-MediaFoundation-h265: 746d11721c4dcdbdad8f713fa42b33f4 -> 
  custom:CustomObjectIndexerAttribute: bc11b3a6c3213fcdd17b65e7da85e133 -> 
  custom:audio-encoder-webm-vorbis: bf7c407c2cedff20999df2af8eb42d56 -> 
  custom:framework-win-MediaFoundation: 216162199b28c13a410421893ffa2e32 -> 
  custom:SearchIndexIgnoredProperties: e643bd26f0fe6173181afceb89e7c659 -> 
  custom:container-demuxer-ogg: 62fdf1f143b41e24485cea50d1cbac27 -> 
  custom:video-decoder-webm-vp8: 9c59270c3fd7afecdb556c50c9e8de78 -> 
  custom:audio-decoder-ogg-vorbis: bf7c407c2cedff20999df2af8eb42d56 -> 
========================================================================
Received Import Request.
  Time since last request: 168.761768 seconds.
  path: Assets/Assets/Tilesetv3_0.asset
  artifactKey: Guid(95e4340af1fe15b4c8adb870f4d816ed) Importer(815301076,1909f56bfc062723c751e8b465ee728b)
Number of updated assets reloaded before import = 0
Start importing Assets/Assets/Tilesetv3_0.asset using Guid(95e4340af1fe15b4c8adb870f4d816ed) Importer(815301076,1909f56bfc062723c751e8b465ee728b)  -> (artifact id: 'd5cf7e3d7fe307da98d4ec2276a5e5c7') in 0.051826 seconds 
Number of asset objects unloaded after import = 3
========================================================================
Received Import Request.
  Time since last request: 0.000027 seconds.
  path: Assets/Assets/Tilesetv3_20.asset
  artifactKey: Guid(521b7b977dbf0f34abc570a2da9f62dc) Importer(815301076,1909f56bfc062723c751e8b465ee728b)
Number of updated assets reloaded before import = 0
Start importing Assets/Assets/Tilesetv3_20.asset using Guid(521b7b977dbf0f34abc570a2da9f62dc) Importer(815301076,1909f56bfc062723c751e8b465ee728b)  -> (artifact id: '0491fc3c3c4ad47c30f02c70ea0698c8') in 0.013180 seconds 
Number of asset objects unloaded after import = 3
========================================================================
Received Import Request.
  Time since last request: 0.000019 seconds.
  path: Assets/Assets/Tilesetv3_10.asset
  artifactKey: Guid(67e4b66f4b0f45c4f99e965531f5bb40) Importer(815301076,1909f56bfc062723c751e8b465ee728b)
Number of updated assets reloaded before import = 0
Start importing Assets/Assets/Tilesetv3_10.asset using Guid(67e4b66f4b0f45c4f99e965531f5bb40) Importer(815301076,1909f56bfc062723c751e8b465ee728b)  -> (artifact id: '274871202cd07f5214d5f22b87d015b0') in 0.012147 seconds 
Number of asset objects unloaded after import = 3
========================================================================
Received Import Request.
  Time since last request: 0.000020 seconds.
  path: Assets/Assets/Tilesetv3_19.asset
  artifactKey: Guid(90791f46a4bfbbb4c8a5fe94b387241c) Importer(815301076,1909f56bfc062723c751e8b465ee728b)
Number of updated assets reloaded before import = 0
Start importing Assets/Assets/Tilesetv3_19.asset using Guid(90791f46a4bfbbb4c8a5fe94b387241c) Importer(815301076,1909f56bfc062723c751e8b465ee728b)  -> (artifact id: '4e4d0a0e9acc2cf99e8da6977de2e7b4') in 0.011081 seconds 
Number of asset objects unloaded after import = 3
========================================================================
Received Import Request.
  Time since last request: 0.000022 seconds.
  path: Assets/Assets/Tilesetv3_8.asset
  artifactKey: Guid(fd25079555c91cd43b0f59e8bb99ea01) Importer(815301076,1909f56bfc062723c751e8b465ee728b)
Number of updated assets reloaded before import = 0
Start importing Assets/Assets/Tilesetv3_8.asset using Guid(fd25079555c91cd43b0f59e8bb99ea01) Importer(815301076,1909f56bfc062723c751e8b465ee728b)  -> (artifact id: 'fd053edafd36e5e42b56e0399927f458') in 0.010858 seconds 
Number of asset objects unloaded after import = 3
========================================================================
Received Import Request.
  Time since last request: 0.000015 seconds.
  path: Assets/Assets/Tilesetv3_21.asset
  artifactKey: Guid(ec24484822fc36f47b809cab58428dea) Importer(815301076,1909f56bfc062723c751e8b465ee728b)
Number of updated assets reloaded before import = 0
Start importing Assets/Assets/Tilesetv3_21.asset using Guid(ec24484822fc36f47b809cab58428dea) Importer(815301076,1909f56bfc062723c751e8b465ee728b)  -> (artifact id: 'b7e2d354e9c6dd757ae80116f940f49b') in 0.010320 seconds 
Number of asset objects unloaded after import = 3
========================================================================
Received Import Request.
  Time since last request: 0.000018 seconds.
  path: Assets/Assets/Tilesetv3_17.asset
  artifactKey: Guid(19acf55c04356224ba9ce8a14ac5e2dd) Importer(815301076,1909f56bfc062723c751e8b465ee728b)
Number of updated assets reloaded before import = 0
Start importing Assets/Assets/Tilesetv3_17.asset using Guid(19acf55c04356224ba9ce8a14ac5e2dd) Importer(815301076,1909f56bfc062723c751e8b465ee728b)  -> (artifact id: '9c75ebabbf684ad405f35d9d373f6f13') in 0.008970 seconds 
Number of asset objects unloaded after import = 3
========================================================================
Received Import Request.
  Time since last request: 0.000025 seconds.
  path: Assets/Assets/Tilesetv3_6.asset
  artifactKey: Guid(b3771065fa1ca0741b6e9cb222b3cda3) Importer(815301076,1909f56bfc062723c751e8b465ee728b)
Number of updated assets reloaded before import = 0
Start importing Assets/Assets/Tilesetv3_6.asset using Guid(b3771065fa1ca0741b6e9cb222b3cda3) Importer(815301076,1909f56bfc062723c751e8b465ee728b)  -> (artifact id: '01e09aeb1c07726734676ab4fc5bc483') in 0.011256 seconds 
Number of asset objects unloaded after import = 3
========================================================================
Received Import Request.
  Time since last request: 0.000019 seconds.
  path: Assets/Assets/Tilesetv3_5.asset
  artifactKey: Guid(08c4d203503aa3a4c8bebe8026015f14) Importer(815301076,1909f56bfc062723c751e8b465ee728b)
Number of updated assets reloaded before import = 0
Start importing Assets/Assets/Tilesetv3_5.asset using Guid(08c4d203503aa3a4c8bebe8026015f14) Importer(815301076,1909f56bfc062723c751e8b465ee728b)  -> (artifact id: '7ff4bb6d68d047bed9aed3682f409bb8') in 0.008231 seconds 
Number of asset objects unloaded after import = 3
========================================================================
Received Import Request.
  Time since last request: 0.000014 seconds.
  path: Assets/Assets/Tilesetv3_11.asset
  artifactKey: Guid(ee05946e092bfa542b94dc65cf954567) Importer(815301076,1909f56bfc062723c751e8b465ee728b)
Number of updated assets reloaded before import = 0
Start importing Assets/Assets/Tilesetv3_11.asset using Guid(ee05946e092bfa542b94dc65cf954567) Importer(815301076,1909f56bfc062723c751e8b465ee728b)  -> (artifact id: '2c70a32924f382e962de712add4fbaea') in 0.004312 seconds 
Number of asset objects unloaded after import = 3
========================================================================
Received Import Request.
  Time since last request: 0.000015 seconds.
  path: Assets/Assets/Tilesetv3_13.asset
  artifactKey: Guid(2c8c6a0fb1152f64982231112246d831) Importer(815301076,1909f56bfc062723c751e8b465ee728b)
Number of updated assets reloaded before import = 0
Start importing Assets/Assets/Tilesetv3_13.asset using Guid(2c8c6a0fb1152f64982231112246d831) Importer(815301076,1909f56bfc062723c751e8b465ee728b)  -> (artifact id: 'a096dd5afa65da9b21ea09033f0e7076') in 0.011670 seconds 
Number of asset objects unloaded after import = 3
========================================================================
Received Import Request.
  Time since last request: 0.139381 seconds.
  path: Assets/Assets/Tilesetv3_23.asset
  artifactKey: Guid(adaab82892b606d4ea18ae20209d6e56) Importer(815301076,1909f56bfc062723c751e8b465ee728b)
Number of updated assets reloaded before import = 0
Start importing Assets/Assets/Tilesetv3_23.asset using Guid(adaab82892b606d4ea18ae20209d6e56) Importer(815301076,1909f56bfc062723c751e8b465ee728b)  -> (artifact id: 'e92cd3a29b7f64760f8e837c75ab0655') in 0.012663 seconds 
Number of asset objects unloaded after import = 3
========================================================================
Received Import Request.
  Time since last request: 0.000019 seconds.
  path: Assets/Assets/Tilesetv3_36.asset
  artifactKey: Guid(50b99123f873bbe4f95025e6506996f8) Importer(815301076,1909f56bfc062723c751e8b465ee728b)
Number of updated assets reloaded before import = 0
Start importing Assets/Assets/Tilesetv3_36.asset using Guid(50b99123f873bbe4f95025e6506996f8) Importer(815301076,1909f56bfc062723c751e8b465ee728b)  -> (artifact id: '3788461d3e7805f7bfaefeebd8e26672') in 0.005156 seconds 
Number of asset objects unloaded after import = 3
========================================================================
Received Import Request.
  Time since last request: 0.000086 seconds.
  path: Assets/Assets/Tilesetv3_46.asset
  artifactKey: Guid(1a841b6bc0d87b94a9ed7015f2697ac3) Importer(815301076,1909f56bfc062723c751e8b465ee728b)
Number of updated assets reloaded before import = 0
Start importing Assets/Assets/Tilesetv3_46.asset using Guid(1a841b6bc0d87b94a9ed7015f2697ac3) Importer(815301076,1909f56bfc062723c751e8b465ee728b)  -> (artifact id: 'fbf53917b15cb33976c25af7b8168494') in 0.012226 seconds 
Number of asset objects unloaded after import = 3
========================================================================
Received Import Request.
  Time since last request: 0.000018 seconds.
  path: Assets/Assets/Tilesetv3_42.asset
  artifactKey: Guid(8b005e8958208444192b40c8666794e4) Importer(815301076,1909f56bfc062723c751e8b465ee728b)
Number of updated assets reloaded before import = 0
Start importing Assets/Assets/Tilesetv3_42.asset using Guid(8b005e8958208444192b40c8666794e4) Importer(815301076,1909f56bfc062723c751e8b465ee728b)  -> (artifact id: '8df8a0bf6406ef94a414c0f7b2e9c97e') in 0.010903 seconds 
Number of asset objects unloaded after import = 3
========================================================================
Received Import Request.
  Time since last request: 0.000017 seconds.
  path: Assets/Assets/Tilesetv3_51.asset
  artifactKey: Guid(0feee39070920c34e9b49543b823018a) Importer(815301076,1909f56bfc062723c751e8b465ee728b)
Number of updated assets reloaded before import = 0
Start importing Assets/Assets/Tilesetv3_51.asset using Guid(0feee39070920c34e9b49543b823018a) Importer(815301076,1909f56bfc062723c751e8b465ee728b)  -> (artifact id: '42909dcb894116bac508147005c658b1') in 0.006207 seconds 
Number of asset objects unloaded after import = 3
========================================================================
Received Import Request.
  Time since last request: 0.000017 seconds.
  path: Assets/Assets/Tilesetv3_64.asset
  artifactKey: Guid(ea57488a47558ce4faa31eac5f33341b) Importer(815301076,1909f56bfc062723c751e8b465ee728b)
Number of updated assets reloaded before import = 0
Start importing Assets/Assets/Tilesetv3_64.asset using Guid(ea57488a47558ce4faa31eac5f33341b) Importer(815301076,1909f56bfc062723c751e8b465ee728b)  -> (artifact id: '5ffbf5f8efb58518fcfae9f1914b708c') in 0.004758 seconds 
Number of asset objects unloaded after import = 3
========================================================================
Received Import Request.
  Time since last request: 0.000014 seconds.
  path: Assets/Assets/Tilesetv3_65.asset
  artifactKey: Guid(52717ef68b617684187674fc75747162) Importer(815301076,1909f56bfc062723c751e8b465ee728b)
Number of updated assets reloaded before import = 0
Start importing Assets/Assets/Tilesetv3_65.asset using Guid(52717ef68b617684187674fc75747162) Importer(815301076,1909f56bfc062723c751e8b465ee728b)  -> (artifact id: '328dcc838f6f5c560cdd9250df245f08') in 0.010223 seconds 
Number of asset objects unloaded after import = 3
========================================================================
Received Import Request.
  Time since last request: 0.000018 seconds.
  path: Assets/Assets/Tilesetv3_76.asset
  artifactKey: Guid(ac64bdfb49cc13945ae19196433c12bb) Importer(815301076,1909f56bfc062723c751e8b465ee728b)
Number of updated assets reloaded before import = 0
Start importing Assets/Assets/Tilesetv3_76.asset using Guid(ac64bdfb49cc13945ae19196433c12bb) Importer(815301076,1909f56bfc062723c751e8b465ee728b)  -> (artifact id: '41ea327e08f4de9cef8b6ff6ee9bc74e') in 0.004698 seconds 
Number of asset objects unloaded after import = 3
========================================================================
Received Import Request.
  Time since last request: 0.000014 seconds.
  path: Assets/Assets/Tilesetv3_77.asset
  artifactKey: Guid(0a16aee722a7f20489af531210bd315e) Importer(815301076,1909f56bfc062723c751e8b465ee728b)
Number of updated assets reloaded before import = 0
Start importing Assets/Assets/Tilesetv3_77.asset using Guid(0a16aee722a7f20489af531210bd315e) Importer(815301076,1909f56bfc062723c751e8b465ee728b)  -> (artifact id: 'a02ad8b80582996caed11481360116f0') in 0.014120 seconds 
Number of asset objects unloaded after import = 3
========================================================================
Received Import Request.
  Time since last request: 0.000021 seconds.
  path: Assets/Assets/Tilesetv3_74.asset
  artifactKey: Guid(719f95262f2329243831148a7b4083c4) Importer(815301076,1909f56bfc062723c751e8b465ee728b)
Number of updated assets reloaded before import = 0
Start importing Assets/Assets/Tilesetv3_74.asset using Guid(719f95262f2329243831148a7b4083c4) Importer(815301076,1909f56bfc062723c751e8b465ee728b)  -> (artifact id: '22ccb1e8f943c85c53454eb9f120298f') in 0.004597 seconds 
Number of asset objects unloaded after import = 3
========================================================================
Received Import Request.
  Time since last request: 0.000016 seconds.
  path: Assets/Assets/Tilesetv3_53.asset
  artifactKey: Guid(16a75a7b82d3acf4ca5959e9fce68dcd) Importer(815301076,1909f56bfc062723c751e8b465ee728b)
Number of updated assets reloaded before import = 0
Start importing Assets/Assets/Tilesetv3_53.asset using Guid(16a75a7b82d3acf4ca5959e9fce68dcd) Importer(815301076,1909f56bfc062723c751e8b465ee728b)  -> (artifact id: 'cd4a0d3fb0725b5a0c47fd6259057831') in 0.011871 seconds 
Number of asset objects unloaded after import = 3
========================================================================
Received Import Request.
  Time since last request: 0.000018 seconds.
  path: Assets/Assets/Tilesetv3_68.asset
  artifactKey: Guid(c7c29a70925c40e479d70dc02ff79daa) Importer(815301076,1909f56bfc062723c751e8b465ee728b)
Number of updated assets reloaded before import = 0
Start importing Assets/Assets/Tilesetv3_68.asset using Guid(c7c29a70925c40e479d70dc02ff79daa) Importer(815301076,1909f56bfc062723c751e8b465ee728b)  -> (artifact id: '30d735bbdefde2ffc3895392ff7934db') in 0.005020 seconds 
Number of asset objects unloaded after import = 3
========================================================================
Received Import Request.
  Time since last request: 0.000017 seconds.
  path: Assets/Assets/Tilesetv3_26.asset
  artifactKey: Guid(d84649bc17372704ea66f66c69e2f86e) Importer(815301076,1909f56bfc062723c751e8b465ee728b)
Number of updated assets reloaded before import = 0
Start importing Assets/Assets/Tilesetv3_26.asset using Guid(d84649bc17372704ea66f66c69e2f86e) Importer(815301076,1909f56bfc062723c751e8b465ee728b)  -> (artifact id: 'c2bb4c4fafe08f26373bbbc2ac03cc54') in 0.010094 seconds 
Number of asset objects unloaded after import = 3
========================================================================
Received Import Request.
  Time since last request: 0.000016 seconds.
  path: Assets/Assets/Tilesetv3_45.asset
  artifactKey: Guid(b1517912436f0fc49ab62e8172e14e45) Importer(815301076,1909f56bfc062723c751e8b465ee728b)
Number of updated assets reloaded before import = 0
Start importing Assets/Assets/Tilesetv3_45.asset using Guid(b1517912436f0fc49ab62e8172e14e45) Importer(815301076,1909f56bfc062723c751e8b465ee728b)  -> (artifact id: '1daf0e929efdd12740f865da74f93c0e') in 0.011844 seconds 
Number of asset objects unloaded after import = 3
========================================================================
Received Import Request.
  Time since last request: 0.000018 seconds.
  path: Assets/Assets/Tilesetv3_39.asset
  artifactKey: Guid(853f3a3883e51ad44aa123f004b260a4) Importer(815301076,1909f56bfc062723c751e8b465ee728b)
Number of updated assets reloaded before import = 0
Start importing Assets/Assets/Tilesetv3_39.asset using Guid(853f3a3883e51ad44aa123f004b260a4) Importer(815301076,1909f56bfc062723c751e8b465ee728b)  -> (artifact id: '18b602551905fcd07f5397ff59e540b4') in 0.005277 seconds 
Number of asset objects unloaded after import = 3
========================================================================
Received Import Request.
  Time since last request: 0.000021 seconds.
  path: Assets/Assets/Tilesetv3_75.asset
  artifactKey: Guid(57d653a76e7c6fe4bb80e5e90f277e90) Importer(815301076,1909f56bfc062723c751e8b465ee728b)
Number of updated assets reloaded before import = 0
Start importing Assets/Assets/Tilesetv3_75.asset using Guid(57d653a76e7c6fe4bb80e5e90f277e90) Importer(815301076,1909f56bfc062723c751e8b465ee728b)  -> (artifact id: '96084681ff1093c1589e2ba5557bc5bf') in 0.011502 seconds 
Number of asset objects unloaded after import = 3
========================================================================
Received Import Request.
  Time since last request: 0.000016 seconds.
  path: Assets/Assets/Tilesetv3_41.asset
  artifactKey: Guid(08f4167068acc874d9ea00a50345a36b) Importer(815301076,1909f56bfc062723c751e8b465ee728b)
Number of updated assets reloaded before import = 0
Start importing Assets/Assets/Tilesetv3_41.asset using Guid(08f4167068acc874d9ea00a50345a36b) Importer(815301076,1909f56bfc062723c751e8b465ee728b)  -> (artifact id: '3b1145ec2b2fdf36d2e6b56eda065e31') in 0.010108 seconds 
Number of asset objects unloaded after import = 3
========================================================================
Received Import Request.
  Time since last request: 0.000016 seconds.
  path: Assets/Assets/Tilesetv3_78.asset
  artifactKey: Guid(e87a9fabf2b51e842bfe6342e0f2c7b6) Importer(815301076,1909f56bfc062723c751e8b465ee728b)
Number of updated assets reloaded before import = 0
Start importing Assets/Assets/Tilesetv3_78.asset using Guid(e87a9fabf2b51e842bfe6342e0f2c7b6) Importer(815301076,1909f56bfc062723c751e8b465ee728b)  -> (artifact id: 'de5b7022f4f65960d5789336ffbf2ea8') in 0.011940 seconds 
Number of asset objects unloaded after import = 3
========================================================================
Received Import Request.
  Time since last request: 0.000017 seconds.
  path: Assets/Assets/Tilesetv3_80.asset
  artifactKey: Guid(fe7045781b2dc2247a2f81cc44ac9178) Importer(815301076,1909f56bfc062723c751e8b465ee728b)
Number of updated assets reloaded before import = 0
Start importing Assets/Assets/Tilesetv3_80.asset using Guid(fe7045781b2dc2247a2f81cc44ac9178) Importer(815301076,1909f56bfc062723c751e8b465ee728b)  -> (artifact id: 'c3443fc71cec39a00f24a7134d38972e') in 0.010072 seconds 
Number of asset objects unloaded after import = 3
========================================================================
Received Import Request.
  Time since last request: 0.000024 seconds.
  path: Assets/Assets/Tilesetv3_61.asset
  artifactKey: Guid(f32727cce26339f4496ad4745abd8ccb) Importer(815301076,1909f56bfc062723c751e8b465ee728b)
Number of updated assets reloaded before import = 0
Start importing Assets/Assets/Tilesetv3_61.asset using Guid(f32727cce26339f4496ad4745abd8ccb) Importer(815301076,1909f56bfc062723c751e8b465ee728b)  -> (artifact id: 'fb891e1c4922747e7ddb8b84afcfe808') in 0.011523 seconds 
Number of asset objects unloaded after import = 3
========================================================================
Received Import Request.
  Time since last request: 0.000034 seconds.
  path: Assets/Assets/Tilesetv3_55.asset
  artifactKey: Guid(11fd22d093c30f04ead7f94e2ea94a8a) Importer(815301076,1909f56bfc062723c751e8b465ee728b)
Number of updated assets reloaded before import = 0
Start importing Assets/Assets/Tilesetv3_55.asset using Guid(11fd22d093c30f04ead7f94e2ea94a8a) Importer(815301076,1909f56bfc062723c751e8b465ee728b)  -> (artifact id: 'b2474b282ab9dae64aaab7aaf58a2163') in 0.013495 seconds 
Number of asset objects unloaded after import = 3
========================================================================
Received Import Request.
  Time since last request: 0.000016 seconds.
  path: Assets/Assets/Tilesetv3_56.asset
  artifactKey: Guid(538a40de4dc51a34994b7a3ddb7a29e6) Importer(815301076,1909f56bfc062723c751e8b465ee728b)
Number of updated assets reloaded before import = 0
Start importing Assets/Assets/Tilesetv3_56.asset using Guid(538a40de4dc51a34994b7a3ddb7a29e6) Importer(815301076,1909f56bfc062723c751e8b465ee728b)  -> (artifact id: 'e88bc689d7993c68a8432cd5ecb64852') in 0.011187 seconds 
Number of asset objects unloaded after import = 3
========================================================================
Received Import Request.
  Time since last request: 0.000018 seconds.
  path: Assets/Assets/Tilesetv3_48.asset
  artifactKey: Guid(7484d17f566c04e4a8c4f078d40b6e90) Importer(815301076,1909f56bfc062723c751e8b465ee728b)
Number of updated assets reloaded before import = 0
Start importing Assets/Assets/Tilesetv3_48.asset using Guid(7484d17f566c04e4a8c4f078d40b6e90) Importer(815301076,1909f56bfc062723c751e8b465ee728b)  -> (artifact id: 'd12bcac12586cc2dbb5b799c155e301a') in 0.010900 seconds 
Number of asset objects unloaded after import = 3
========================================================================
Received Import Request.
  Time since last request: 0.000016 seconds.
  path: Assets/Assets/Tilesetv3_59.asset
  artifactKey: Guid(c4888fa1fd9ccff439b93c5302ab0a0c) Importer(815301076,1909f56bfc062723c751e8b465ee728b)
Number of updated assets reloaded before import = 0
Start importing Assets/Assets/Tilesetv3_59.asset using Guid(c4888fa1fd9ccff439b93c5302ab0a0c) Importer(815301076,1909f56bfc062723c751e8b465ee728b)  -> (artifact id: '10323d350e7eac1021a40befafb3c176') in 0.004655 seconds 
Number of asset objects unloaded after import = 3
========================================================================
Received Import Request.
  Time since last request: 0.000014 seconds.
  path: Assets/Assets/Tilesetv3_52.asset
  artifactKey: Guid(1db564406c91b364093d189cfdc8ab2b) Importer(815301076,1909f56bfc062723c751e8b465ee728b)
Number of updated assets reloaded before import = 0
Start importing Assets/Assets/Tilesetv3_52.asset using Guid(1db564406c91b364093d189cfdc8ab2b) Importer(815301076,1909f56bfc062723c751e8b465ee728b)  -> (artifact id: 'a70df9b3da4eda516d1822a2dabaab39') in 0.009856 seconds 
Number of asset objects unloaded after import = 3
========================================================================
Received Import Request.
  Time since last request: 0.000014 seconds.
  path: Assets/Assets/Tilesetv3_34.asset
  artifactKey: Guid(e00889b63bed87748bc07e426bad3c1b) Importer(815301076,1909f56bfc062723c751e8b465ee728b)
Number of updated assets reloaded before import = 0
Start importing Assets/Assets/Tilesetv3_34.asset using Guid(e00889b63bed87748bc07e426bad3c1b) Importer(815301076,1909f56bfc062723c751e8b465ee728b)  -> (artifact id: '6d0c13115081d9d629f123460699cf02') in 0.009552 seconds 
Number of asset objects unloaded after import = 3
========================================================================
Received Import Request.
  Time since last request: 0.000017 seconds.
  path: Assets/Assets/Tilesetv3_44.asset
  artifactKey: Guid(b4777413cba982941be3e8d2f377debb) Importer(815301076,1909f56bfc062723c751e8b465ee728b)
Number of updated assets reloaded before import = 0
Start importing Assets/Assets/Tilesetv3_44.asset using Guid(b4777413cba982941be3e8d2f377debb) Importer(815301076,1909f56bfc062723c751e8b465ee728b)  -> (artifact id: 'd515b17bb11d7f32ba3c79f81188f6dd') in 0.011018 seconds 
Number of asset objects unloaded after import = 3
========================================================================
Received Import Request.
  Time since last request: 0.000014 seconds.
  path: Assets/Assets/Tilesetv3_40.asset
  artifactKey: Guid(f3e1d10a957b355478e2bfb91e2fcbef) Importer(815301076,1909f56bfc062723c751e8b465ee728b)
Number of updated assets reloaded before import = 0
Start importing Assets/Assets/Tilesetv3_40.asset using Guid(f3e1d10a957b355478e2bfb91e2fcbef) Importer(815301076,1909f56bfc062723c751e8b465ee728b)  -> (artifact id: 'cbda5ccc2062ac2030f157d1367efe99') in 0.009757 seconds 
Number of asset objects unloaded after import = 3
========================================================================
Received Import Request.
  Time since last request: 0.000017 seconds.
  path: Assets/Assets/Tilesetv3_54.asset
  artifactKey: Guid(08e263d5376703943a762dcfd7e8b166) Importer(815301076,1909f56bfc062723c751e8b465ee728b)
Number of updated assets reloaded before import = 0
Start importing Assets/Assets/Tilesetv3_54.asset using Guid(08e263d5376703943a762dcfd7e8b166) Importer(815301076,1909f56bfc062723c751e8b465ee728b)  -> (artifact id: '15bd36dea9248c4e81aaa9a3d1a12d85') in 0.010641 seconds 
Number of asset objects unloaded after import = 3
========================================================================
Received Import Request.
  Time since last request: 0.046995 seconds.
  path: Assets/Assets/Tilesetv3_83.asset
  artifactKey: Guid(25ab9cab47f17a24783190636dc78ffa) Importer(815301076,1909f56bfc062723c751e8b465ee728b)
Number of updated assets reloaded before import = 0
Start importing Assets/Assets/Tilesetv3_83.asset using Guid(25ab9cab47f17a24783190636dc78ffa) Importer(815301076,1909f56bfc062723c751e8b465ee728b)  -> (artifact id: '9ba50fc901ab3f1cea6b07eacd19df84') in 0.005802 seconds 
Number of asset objects unloaded after import = 3
========================================================================
Received Import Request.
  Time since last request: 0.000017 seconds.
  path: Assets/Assets/Tilesetv3_88.asset
  artifactKey: Guid(01935cc16b3b0674e9157aca7261403b) Importer(815301076,1909f56bfc062723c751e8b465ee728b)
Number of updated assets reloaded before import = 0
Start importing Assets/Assets/Tilesetv3_88.asset using Guid(01935cc16b3b0674e9157aca7261403b) Importer(815301076,1909f56bfc062723c751e8b465ee728b)  -> (artifact id: 'bbbb9c6b916a4b01d22861137685dd71') in 0.005606 seconds 
Number of asset objects unloaded after import = 3
========================================================================
Received Import Request.
  Time since last request: 0.000020 seconds.
  path: Assets/Assets/Tilesetv3_86.asset
  artifactKey: Guid(19c3dd7471d248b4aacdeecba5388a11) Importer(815301076,1909f56bfc062723c751e8b465ee728b)
Number of updated assets reloaded before import = 0
Start importing Assets/Assets/Tilesetv3_86.asset using Guid(19c3dd7471d248b4aacdeecba5388a11) Importer(815301076,1909f56bfc062723c751e8b465ee728b)  -> (artifact id: '0428bf7763dbaf25f57044bbb99ae939') in 0.015808 seconds 
Number of asset objects unloaded after import = 3
========================================================================
Received Import Request.
  Time since last request: 0.000021 seconds.
  path: Assets/Assets/Tilesetv3_94.asset
  artifactKey: Guid(ee0c024656957b74f8704539f4f10ffc) Importer(815301076,1909f56bfc062723c751e8b465ee728b)
Number of updated assets reloaded before import = 0
Start importing Assets/Assets/Tilesetv3_94.asset using Guid(ee0c024656957b74f8704539f4f10ffc) Importer(815301076,1909f56bfc062723c751e8b465ee728b)  -> (artifact id: 'caa331f77232af8e92895a6830cdc9c2') in 0.012606 seconds 
Number of asset objects unloaded after import = 3
========================================================================
Received Import Request.
  Time since last request: 0.000016 seconds.
  path: Assets/Assets/Tilesetv3_96.asset
  artifactKey: Guid(1ce0373a0ac783343aced95ed926068d) Importer(815301076,1909f56bfc062723c751e8b465ee728b)
Number of updated assets reloaded before import = 0
Start importing Assets/Assets/Tilesetv3_96.asset using Guid(1ce0373a0ac783343aced95ed926068d) Importer(815301076,1909f56bfc062723c751e8b465ee728b)  -> (artifact id: '57c699c63a500884be4fc1258cbd5655') in 0.004926 seconds 
Number of asset objects unloaded after import = 3
========================================================================
Received Import Request.
  Time since last request: 0.000026 seconds.
  path: Assets/Assets/Tilesetv3_97.asset
  artifactKey: Guid(b70a27926cea08e4da8178c89e32259f) Importer(815301076,1909f56bfc062723c751e8b465ee728b)
Number of updated assets reloaded before import = 0
Start importing Assets/Assets/Tilesetv3_97.asset using Guid(b70a27926cea08e4da8178c89e32259f) Importer(815301076,1909f56bfc062723c751e8b465ee728b)  -> (artifact id: '70978be064f9ab0787b4b6afc87d0603') in 0.013764 seconds 
Number of asset objects unloaded after import = 3
========================================================================
Received Import Request.
  Time since last request: 0.000025 seconds.
  path: Assets/Assets/Tilesetv3_110.asset
  artifactKey: Guid(3d980fb4588c4a046acbe0598e326e80) Importer(815301076,1909f56bfc062723c751e8b465ee728b)
Number of updated assets reloaded before import = 0
Start importing Assets/Assets/Tilesetv3_110.asset using Guid(3d980fb4588c4a046acbe0598e326e80) Importer(815301076,1909f56bfc062723c751e8b465ee728b)  -> (artifact id: '4beccb5d29e540f3a45d1ae793db8e5d') in 0.005091 seconds 
Number of asset objects unloaded after import = 3
========================================================================
Received Import Request.
  Time since last request: 0.000027 seconds.
  path: Assets/Assets/Tilesetv3_124.asset
  artifactKey: Guid(54b3ca00cee302c4f8908ca8701e7ee0) Importer(815301076,1909f56bfc062723c751e8b465ee728b)
Number of updated assets reloaded before import = 0
Start importing Assets/Assets/Tilesetv3_124.asset using Guid(54b3ca00cee302c4f8908ca8701e7ee0) Importer(815301076,1909f56bfc062723c751e8b465ee728b)  -> (artifact id: 'dccc53e785d588316ef10c3eb90f2d51') in 0.004941 seconds 
Number of asset objects unloaded after import = 3
========================================================================
Received Import Request.
  Time since last request: 0.000013 seconds.
  path: Assets/Assets/Tilesetv3_129.asset
  artifactKey: Guid(4774864d768ad414881e0f7c36c89beb) Importer(815301076,1909f56bfc062723c751e8b465ee728b)
Number of updated assets reloaded before import = 0
Start importing Assets/Assets/Tilesetv3_129.asset using Guid(4774864d768ad414881e0f7c36c89beb) Importer(815301076,1909f56bfc062723c751e8b465ee728b)  -> (artifact id: 'ac608babf05d2f4426dce4733ee18e45') in 0.004428 seconds 
Number of asset objects unloaded after import = 3
========================================================================
Received Import Request.
  Time since last request: 0.000014 seconds.
  path: Assets/Assets/Tilesetv3_109.asset
  artifactKey: Guid(2f91b229a0a2cb04f807c4573e7e4bce) Importer(815301076,1909f56bfc062723c751e8b465ee728b)
Number of updated assets reloaded before import = 0
Start importing Assets/Assets/Tilesetv3_109.asset using Guid(2f91b229a0a2cb04f807c4573e7e4bce) Importer(815301076,1909f56bfc062723c751e8b465ee728b)  -> (artifact id: 'c8519cc0fab7acc6624e6d31218b4a76') in 0.004423 seconds 
Number of asset objects unloaded after import = 3
========================================================================
Received Import Request.
  Time since last request: 0.000018 seconds.
  path: Assets/Assets/Tilesetv3_117.asset
  artifactKey: Guid(9701400640975c74eab9b8c282f41d87) Importer(815301076,1909f56bfc062723c751e8b465ee728b)
Number of updated assets reloaded before import = 0
Start importing Assets/Assets/Tilesetv3_117.asset using Guid(9701400640975c74eab9b8c282f41d87) Importer(815301076,1909f56bfc062723c751e8b465ee728b)  -> (artifact id: '56fbedb4f36d938f5c7e7cfa599ce2b9') in 0.009624 seconds 
Number of asset objects unloaded after import = 3
========================================================================
Received Import Request.
  Time since last request: 0.000015 seconds.
  path: Assets/Assets/Tilesetv3_125.asset
  artifactKey: Guid(bd65d4842dcde144a81329f2d606ed5e) Importer(815301076,1909f56bfc062723c751e8b465ee728b)
Number of updated assets reloaded before import = 0
Start importing Assets/Assets/Tilesetv3_125.asset using Guid(bd65d4842dcde144a81329f2d606ed5e) Importer(815301076,1909f56bfc062723c751e8b465ee728b)  -> (artifact id: '53b19ffd9308a6779a27c2510151f66e') in 0.009519 seconds 
Number of asset objects unloaded after import = 3
========================================================================
Received Import Request.
  Time since last request: 0.000016 seconds.
  path: Assets/Assets/Tilesetv3_95.asset
  artifactKey: Guid(984122db2a6e0354abb147d3d58e9ddf) Importer(815301076,1909f56bfc062723c751e8b465ee728b)
Number of updated assets reloaded before import = 0
Start importing Assets/Assets/Tilesetv3_95.asset using Guid(984122db2a6e0354abb147d3d58e9ddf) Importer(815301076,1909f56bfc062723c751e8b465ee728b)  -> (artifact id: 'b5367e5f93d0ca3f4f0b4655c68e7368') in 0.011589 seconds 
Number of asset objects unloaded after import = 3
========================================================================
Received Import Request.
  Time since last request: 0.000016 seconds.
  path: Assets/Assets/Tilesetv3_120.asset
  artifactKey: Guid(14de9db5194704f428639b4a7db14c48) Importer(815301076,1909f56bfc062723c751e8b465ee728b)
Number of updated assets reloaded before import = 0
Start importing Assets/Assets/Tilesetv3_120.asset using Guid(14de9db5194704f428639b4a7db14c48) Importer(815301076,1909f56bfc062723c751e8b465ee728b)  -> (artifact id: 'f56ff44811b4857f5ce61db4c0279770') in 0.010748 seconds 
Number of asset objects unloaded after import = 3
========================================================================
Received Import Request.
  Time since last request: 0.000014 seconds.
  path: Assets/Assets/Tilesetv3_98.asset
  artifactKey: Guid(f41699e0873b3dc45b51ced655bc021a) Importer(815301076,1909f56bfc062723c751e8b465ee728b)
Number of updated assets reloaded before import = 0
Start importing Assets/Assets/Tilesetv3_98.asset using Guid(f41699e0873b3dc45b51ced655bc021a) Importer(815301076,1909f56bfc062723c751e8b465ee728b)  -> (artifact id: '07fea28f69db6e6f627076cce73aef24') in 0.004764 seconds 
Number of asset objects unloaded after import = 3
========================================================================
Received Import Request.
  Time since last request: 0.000013 seconds.
  path: Assets/Assets/Tilesetv3_106.asset
  artifactKey: Guid(30d4330800f51174f9aafda8d87bfba3) Importer(815301076,1909f56bfc062723c751e8b465ee728b)
Number of updated assets reloaded before import = 0
Start importing Assets/Assets/Tilesetv3_106.asset using Guid(30d4330800f51174f9aafda8d87bfba3) Importer(815301076,1909f56bfc062723c751e8b465ee728b)  -> (artifact id: 'd0c4a12e2cd2d1db454613751184a6e4') in 0.004495 seconds 
Number of asset objects unloaded after import = 3
========================================================================
Received Import Request.
  Time since last request: 0.000018 seconds.
  path: Assets/Assets/Tilesetv3_108.asset
  artifactKey: Guid(3d28d9ff168b5ac4cb9b700cfbaecee1) Importer(815301076,1909f56bfc062723c751e8b465ee728b)
Number of updated assets reloaded before import = 0
Start importing Assets/Assets/Tilesetv3_108.asset using Guid(3d28d9ff168b5ac4cb9b700cfbaecee1) Importer(815301076,1909f56bfc062723c751e8b465ee728b)  -> (artifact id: '63b2bf551bb18c1228006478fbeb840f') in 0.004566 seconds 
Number of asset objects unloaded after import = 3
========================================================================
Received Import Request.
  Time since last request: 0.000017 seconds.
  path: Assets/Assets/Tilesetv3_99.asset
  artifactKey: Guid(d428fa70b07bc6641812b463cd0f76df) Importer(815301076,1909f56bfc062723c751e8b465ee728b)
Number of updated assets reloaded before import = 0
Start importing Assets/Assets/Tilesetv3_99.asset using Guid(d428fa70b07bc6641812b463cd0f76df) Importer(815301076,1909f56bfc062723c751e8b465ee728b)  -> (artifact id: '9148fd74e8dea832737136078e17070f') in 0.005218 seconds 
Number of asset objects unloaded after import = 3
========================================================================
Received Import Request.
  Time since last request: 0.000020 seconds.
  path: Assets/Assets/Tilesetv3_121.asset
  artifactKey: Guid(30a0bf8604e11e94e9c015b4ec3b3a2f) Importer(815301076,1909f56bfc062723c751e8b465ee728b)
Number of updated assets reloaded before import = 0
Start importing Assets/Assets/Tilesetv3_121.asset using Guid(30a0bf8604e11e94e9c015b4ec3b3a2f) Importer(815301076,1909f56bfc062723c751e8b465ee728b)  -> (artifact id: 'f5a9e0be00892728d4ef2c06f246fed1') in 0.010907 seconds 
Number of asset objects unloaded after import = 3
========================================================================
Received Import Request.
  Time since last request: 0.000021 seconds.
  path: Assets/Assets/Tilesetv3_116.asset
  artifactKey: Guid(98e756f142bcc564aa7e768883125331) Importer(815301076,1909f56bfc062723c751e8b465ee728b)
Number of updated assets reloaded before import = 0
Start importing Assets/Assets/Tilesetv3_116.asset using Guid(98e756f142bcc564aa7e768883125331) Importer(815301076,1909f56bfc062723c751e8b465ee728b)  -> (artifact id: '4c75484b74ed59b2db9d9c959b901a46') in 0.008438 seconds 
Number of asset objects unloaded after import = 3
========================================================================
Received Import Request.
  Time since last request: 0.000022 seconds.
  path: Assets/Assets/Tilesetv3_101.asset
  artifactKey: Guid(a16f406e00eb7fd44b73de7e0edd627e) Importer(815301076,1909f56bfc062723c751e8b465ee728b)
Number of updated assets reloaded before import = 0
Start importing Assets/Assets/Tilesetv3_101.asset using Guid(a16f406e00eb7fd44b73de7e0edd627e) Importer(815301076,1909f56bfc062723c751e8b465ee728b)  -> (artifact id: '7975bd4f320246051f53887a31052736') in 0.007838 seconds 
Number of asset objects unloaded after import = 3
========================================================================
Received Import Request.
  Time since last request: 0.000017 seconds.
  path: Assets/Assets/Tilesetv3_113.asset
  artifactKey: Guid(b10a4e5d9b81a0241b997bf875d4ea9e) Importer(815301076,1909f56bfc062723c751e8b465ee728b)
Number of updated assets reloaded before import = 0
Start importing Assets/Assets/Tilesetv3_113.asset using Guid(b10a4e5d9b81a0241b997bf875d4ea9e) Importer(815301076,1909f56bfc062723c751e8b465ee728b)  -> (artifact id: 'a9d0a54d27faab1018ff962cd4a1c316') in 0.012339 seconds 
Number of asset objects unloaded after import = 3
========================================================================
Received Import Request.
  Time since last request: 0.000014 seconds.
  path: Assets/Assets/Tilesetv3_126.asset
  artifactKey: Guid(606c1d31903670e44ae5ecb1005803c1) Importer(815301076,1909f56bfc062723c751e8b465ee728b)
Number of updated assets reloaded before import = 0
Start importing Assets/Assets/Tilesetv3_126.asset using Guid(606c1d31903670e44ae5ecb1005803c1) Importer(815301076,1909f56bfc062723c751e8b465ee728b)  -> (artifact id: '3e4db2ec8ec2af5692f6ac94735956ce') in 0.012316 seconds 
Number of asset objects unloaded after import = 3
========================================================================
Received Import Request.
  Time since last request: 0.000020 seconds.
  path: Assets/Assets/Tilesetv3_87.asset
  artifactKey: Guid(dc889c7cca26b444c86ab103522a9989) Importer(815301076,1909f56bfc062723c751e8b465ee728b)
Number of updated assets reloaded before import = 0
Start importing Assets/Assets/Tilesetv3_87.asset using Guid(dc889c7cca26b444c86ab103522a9989) Importer(815301076,1909f56bfc062723c751e8b465ee728b)  -> (artifact id: '4cf1999eab13017d4cb910570b1b08b5') in 0.013200 seconds 
Number of asset objects unloaded after import = 3
========================================================================
Received Import Request.
  Time since last request: 0.000018 seconds.
  path: Assets/Assets/Tilesetv3_114.asset
  artifactKey: Guid(ab395f156499a014894a076d803b9ae4) Importer(815301076,1909f56bfc062723c751e8b465ee728b)
Number of updated assets reloaded before import = 0
Start importing Assets/Assets/Tilesetv3_114.asset using Guid(ab395f156499a014894a076d803b9ae4) Importer(815301076,1909f56bfc062723c751e8b465ee728b)  -> (artifact id: '22ffda9bb057b149c66ea0620494e384') in 0.005622 seconds 
Number of asset objects unloaded after import = 3
========================================================================
Received Import Request.
  Time since last request: 0.000020 seconds.
  path: Assets/Assets/Tilesetv3_102.asset
  artifactKey: Guid(c8d8314a291aa11479d7a712c69262c1) Importer(815301076,1909f56bfc062723c751e8b465ee728b)
Number of updated assets reloaded before import = 0
Start importing Assets/Assets/Tilesetv3_102.asset using Guid(c8d8314a291aa11479d7a712c69262c1) Importer(815301076,1909f56bfc062723c751e8b465ee728b)  -> (artifact id: 'd9b1cbab1635066d5dedb1c6634d9000') in 0.004615 seconds 
Number of asset objects unloaded after import = 3
========================================================================
Received Import Request.
  Time since last request: 0.121973 seconds.
  path: Assets/Assets/Tilesetv3_131.asset
  artifactKey: Guid(13057eff06c2a1b4e81e574b5384e349) Importer(815301076,1909f56bfc062723c751e8b465ee728b)
Number of updated assets reloaded before import = 0
Start importing Assets/Assets/Tilesetv3_131.asset using Guid(13057eff06c2a1b4e81e574b5384e349) Importer(815301076,1909f56bfc062723c751e8b465ee728b)  -> (artifact id: '2688724711c092b224e422a51f3843df') in 0.017639 seconds 
Number of asset objects unloaded after import = 3
========================================================================
Received Import Request.
  Time since last request: 0.000015 seconds.
  path: Assets/Assets/Tilesetv3_135.asset
  artifactKey: Guid(ff0622e3d727b6740b200c8960dc77a2) Importer(815301076,1909f56bfc062723c751e8b465ee728b)
Number of updated assets reloaded before import = 0
Start importing Assets/Assets/Tilesetv3_135.asset using Guid(ff0622e3d727b6740b200c8960dc77a2) Importer(815301076,1909f56bfc062723c751e8b465ee728b)  -> (artifact id: 'df00e611e781f21a29d16004fd384eb6') in 0.011939 seconds 
Number of asset objects unloaded after import = 3
========================================================================
Received Import Request.
  Time since last request: 0.000017 seconds.
  path: Assets/Assets/Tilesetv3_141.asset
  artifactKey: Guid(8abb16b56fc3fbb4b8edb70fa821610b) Importer(815301076,1909f56bfc062723c751e8b465ee728b)
Number of updated assets reloaded before import = 0
Start importing Assets/Assets/Tilesetv3_141.asset using Guid(8abb16b56fc3fbb4b8edb70fa821610b) Importer(815301076,1909f56bfc062723c751e8b465ee728b)  -> (artifact id: '3f247a447094f9c67ab1fd265b090084') in 0.011015 seconds 
Number of asset objects unloaded after import = 3
========================================================================
Received Import Request.
  Time since last request: 0.000017 seconds.
  path: Assets/Assets/Tilesetv3_146.asset
  artifactKey: Guid(01720972fbf4a2043b66f6b2040e1229) Importer(815301076,1909f56bfc062723c751e8b465ee728b)
Number of updated assets reloaded before import = 0
Start importing Assets/Assets/Tilesetv3_146.asset using Guid(01720972fbf4a2043b66f6b2040e1229) Importer(815301076,1909f56bfc062723c751e8b465ee728b)  -> (artifact id: '0c26a67b2b7fcccdc82e5a2a2a5bb74d') in 0.010503 seconds 
Number of asset objects unloaded after import = 3
========================================================================
Received Import Request.
  Time since last request: 0.000024 seconds.
  path: Assets/Assets/Tilesetv3_160.asset
  artifactKey: Guid(902d7324c2c8b734988c393ad2a4736b) Importer(815301076,1909f56bfc062723c751e8b465ee728b)
Number of updated assets reloaded before import = 0
Start importing Assets/Assets/Tilesetv3_160.asset using Guid(902d7324c2c8b734988c393ad2a4736b) Importer(815301076,1909f56bfc062723c751e8b465ee728b)  -> (artifact id: '623264d754522804b811e3c17e6be124') in 0.005634 seconds 
Number of asset objects unloaded after import = 3
========================================================================
Received Import Request.
  Time since last request: 0.000016 seconds.
  path: Assets/Assets/Tilesetv3_163.asset
  artifactKey: Guid(62a5b553d70881245b4e47e8756eb649) Importer(815301076,1909f56bfc062723c751e8b465ee728b)
Number of updated assets reloaded before import = 0
Start importing Assets/Assets/Tilesetv3_163.asset using Guid(62a5b553d70881245b4e47e8756eb649) Importer(815301076,1909f56bfc062723c751e8b465ee728b)  -> (artifact id: 'b4bbd9ef5520d567695d9e2726cc8b84') in 0.009630 seconds 
Number of asset objects unloaded after import = 3
========================================================================
Received Import Request.
  Time since last request: 0.000021 seconds.
  path: Assets/Assets/Tilesetv3_166.asset
  artifactKey: Guid(d8e7e5de6a01a1f4cbcc59b9921a5a50) Importer(815301076,1909f56bfc062723c751e8b465ee728b)
Number of updated assets reloaded before import = 0
Start importing Assets/Assets/Tilesetv3_166.asset using Guid(d8e7e5de6a01a1f4cbcc59b9921a5a50) Importer(815301076,1909f56bfc062723c751e8b465ee728b)  -> (artifact id: '8647aa84bc62a872f328967f6382fdd5') in 0.004981 seconds 
Number of asset objects unloaded after import = 3
========================================================================
Received Import Request.
  Time since last request: 0.000014 seconds.
  path: Assets/Assets/Tilesetv3_171.asset
  artifactKey: Guid(1ebf5512d19980c44908d2d881fae675) Importer(815301076,1909f56bfc062723c751e8b465ee728b)
Number of updated assets reloaded before import = 0
Start importing Assets/Assets/Tilesetv3_171.asset using Guid(1ebf5512d19980c44908d2d881fae675) Importer(815301076,1909f56bfc062723c751e8b465ee728b)  -> (artifact id: '3e4e6cc824d016338cbd76463f402e82') in 0.004103 seconds 
Number of asset objects unloaded after import = 3
========================================================================
Received Import Request.
  Time since last request: 0.000014 seconds.
  path: Assets/Assets/Tilesetv3_159.asset
  artifactKey: Guid(0ced5c3aa008f834cb93b1b1c666cc08) Importer(815301076,1909f56bfc062723c751e8b465ee728b)
Number of updated assets reloaded before import = 0
Start importing Assets/Assets/Tilesetv3_159.asset using Guid(0ced5c3aa008f834cb93b1b1c666cc08) Importer(815301076,1909f56bfc062723c751e8b465ee728b)  -> (artifact id: '485020c01f83fb209f046e7a14822d6c') in 0.004607 seconds 
Number of asset objects unloaded after import = 3
========================================================================
Received Import Request.
  Time since last request: 0.000014 seconds.
  path: Assets/Assets/Tilesetv3_150.asset
  artifactKey: Guid(0f3d6f888800d574d8353a164e3b2ca7) Importer(815301076,1909f56bfc062723c751e8b465ee728b)
Number of updated assets reloaded before import = 0
Start importing Assets/Assets/Tilesetv3_150.asset using Guid(0f3d6f888800d574d8353a164e3b2ca7) Importer(815301076,1909f56bfc062723c751e8b465ee728b)  -> (artifact id: '2b6c4092f7e26a0c8c536304f2584cd9') in 0.004138 seconds 
Number of asset objects unloaded after import = 3
========================================================================
Received Import Request.
  Time since last request: 0.000015 seconds.
  path: Assets/Assets/Tilesetv3_174.asset
  artifactKey: Guid(9c26728cd021bd743bb6ddc56e71d349) Importer(815301076,1909f56bfc062723c751e8b465ee728b)
Number of updated assets reloaded before import = 0
Start importing Assets/Assets/Tilesetv3_174.asset using Guid(9c26728cd021bd743bb6ddc56e71d349) Importer(815301076,1909f56bfc062723c751e8b465ee728b)  -> (artifact id: '85fa9c831c93dca83847f4b77f7f97dc') in 0.004225 seconds 
Number of asset objects unloaded after import = 3
========================================================================
Received Import Request.
  Time since last request: 0.000017 seconds.
  path: Assets/Assets/Tilesetv3_154.asset
  artifactKey: Guid(725bd2a5bfa6c754a82ae98a80e49506) Importer(815301076,1909f56bfc062723c751e8b465ee728b)
Number of updated assets reloaded before import = 0
Start importing Assets/Assets/Tilesetv3_154.asset using Guid(725bd2a5bfa6c754a82ae98a80e49506) Importer(815301076,1909f56bfc062723c751e8b465ee728b)  -> (artifact id: 'f7a9cebdfea5e161708c8fa479296d88') in 0.006242 seconds 
Number of asset objects unloaded after import = 3
========================================================================
Received Import Request.
  Time since last request: 0.000023 seconds.
  path: Assets/Assets/Tilesetv3_136.asset
  artifactKey: Guid(fa7ccd8e321574c44b12663a0a25b8f7) Importer(815301076,1909f56bfc062723c751e8b465ee728b)
Number of updated assets reloaded before import = 0
Start importing Assets/Assets/Tilesetv3_136.asset using Guid(fa7ccd8e321574c44b12663a0a25b8f7) Importer(815301076,1909f56bfc062723c751e8b465ee728b)  -> (artifact id: '60723ebfa9b8d2924f9293d37fd0c898') in 0.005203 seconds 
Number of asset objects unloaded after import = 3
========================================================================
Received Import Request.
  Time since last request: 0.000019 seconds.
  path: Assets/Assets/Tilesetv3_169.asset
  artifactKey: Guid(cdbfffca42e67a747bba78d435cda56b) Importer(815301076,1909f56bfc062723c751e8b465ee728b)
Number of updated assets reloaded before import = 0
Start importing Assets/Assets/Tilesetv3_169.asset using Guid(cdbfffca42e67a747bba78d435cda56b) Importer(815301076,1909f56bfc062723c751e8b465ee728b)  -> (artifact id: 'd45645c783deeb2a670fff8eeccf162e') in 0.004235 seconds 
Number of asset objects unloaded after import = 3
========================================================================
Received Import Request.
  Time since last request: 0.000023 seconds.
  path: Assets/Assets/Tilesetv3_175.asset
  artifactKey: Guid(848ba81ff3f67e449a18cdaa6e7a04a3) Importer(815301076,1909f56bfc062723c751e8b465ee728b)
Number of updated assets reloaded before import = 0
Start importing Assets/Assets/Tilesetv3_175.asset using Guid(848ba81ff3f67e449a18cdaa6e7a04a3) Importer(815301076,1909f56bfc062723c751e8b465ee728b)  -> (artifact id: '65f6c067d064f4c60f55ed2c298a1110') in 0.012114 seconds 
Number of asset objects unloaded after import = 3
========================================================================
Received Import Request.
  Time since last request: 0.000016 seconds.
  path: Assets/Assets/Tilesetv3_162.asset
  artifactKey: Guid(ff8fab42fce123f4290a3d56223f7c0b) Importer(815301076,1909f56bfc062723c751e8b465ee728b)
Number of updated assets reloaded before import = 0
Start importing Assets/Assets/Tilesetv3_162.asset using Guid(ff8fab42fce123f4290a3d56223f7c0b) Importer(815301076,1909f56bfc062723c751e8b465ee728b)  -> (artifact id: '6cd91f0e615d40ce9757b1b256d77fe8') in 0.007150 seconds 
Number of asset objects unloaded after import = 3
========================================================================
Received Import Request.
  Time since last request: 0.000013 seconds.
  path: Assets/Assets/Tilesetv3_161.asset
  artifactKey: Guid(db0be6e43f5a7594e9406cffb60c38dd) Importer(815301076,1909f56bfc062723c751e8b465ee728b)
Number of updated assets reloaded before import = 0
Start importing Assets/Assets/Tilesetv3_161.asset using Guid(db0be6e43f5a7594e9406cffb60c38dd) Importer(815301076,1909f56bfc062723c751e8b465ee728b)  -> (artifact id: 'a6b975d9cb89b403c8906f6ae96ec0a3') in 0.004527 seconds 
Number of asset objects unloaded after import = 3
========================================================================
Received Import Request.
  Time since last request: 0.000013 seconds.
  path: Assets/Assets/Tilesetv3_172.asset
  artifactKey: Guid(e7a34a4c42df2e445a44d66811c26537) Importer(815301076,1909f56bfc062723c751e8b465ee728b)
Number of updated assets reloaded before import = 0
Start importing Assets/Assets/Tilesetv3_172.asset using Guid(e7a34a4c42df2e445a44d66811c26537) Importer(815301076,1909f56bfc062723c751e8b465ee728b)  -> (artifact id: '33ba063ff2dfc36e41819c4d29a90787') in 0.009633 seconds 
Number of asset objects unloaded after import = 3
========================================================================
Received Import Request.
  Time since last request: 0.000016 seconds.
  path: Assets/Assets/Tilesetv3_178.asset
  artifactKey: Guid(df61f59202749a64b8a8b609c0faa905) Importer(815301076,1909f56bfc062723c751e8b465ee728b)
Number of updated assets reloaded before import = 0
Start importing Assets/Assets/Tilesetv3_178.asset using Guid(df61f59202749a64b8a8b609c0faa905) Importer(815301076,1909f56bfc062723c751e8b465ee728b)  -> (artifact id: '201f190eee598d225701e3e009a028ed') in 0.012086 seconds 
Number of asset objects unloaded after import = 3
========================================================================
Received Import Request.
  Time since last request: 0.000015 seconds.
  path: Assets/Assets/Tilesetv3_151.asset
  artifactKey: Guid(176014f331c8fbd4aaebab19b62886be) Importer(815301076,1909f56bfc062723c751e8b465ee728b)
Number of updated assets reloaded before import = 0
Start importing Assets/Assets/Tilesetv3_151.asset using Guid(176014f331c8fbd4aaebab19b62886be) Importer(815301076,1909f56bfc062723c751e8b465ee728b)  -> (artifact id: '60b3f44d16dd43cb72fb652226f27646') in 0.004496 seconds 
Number of asset objects unloaded after import = 3
========================================================================
Received Import Request.
  Time since last request: 0.000015 seconds.
  path: Assets/Assets/Tilesetv3_164.asset
  artifactKey: Guid(56b037b274f6e5d44800c423f31a278c) Importer(815301076,1909f56bfc062723c751e8b465ee728b)
Number of updated assets reloaded before import = 0
Start importing Assets/Assets/Tilesetv3_164.asset using Guid(56b037b274f6e5d44800c423f31a278c) Importer(815301076,1909f56bfc062723c751e8b465ee728b)  -> (artifact id: 'c4ad8e24ee08929d22e6cc10d89b5c62') in 0.012480 seconds 
Number of asset objects unloaded after import = 3
========================================================================
Received Import Request.
  Time since last request: 0.000021 seconds.
  path: Assets/Assets/Tilesetv3_167.asset
  artifactKey: Guid(3353aa6024536e64891aece8f4b3e3b4) Importer(815301076,1909f56bfc062723c751e8b465ee728b)
Number of updated assets reloaded before import = 0
Start importing Assets/Assets/Tilesetv3_167.asset using Guid(3353aa6024536e64891aece8f4b3e3b4) Importer(815301076,1909f56bfc062723c751e8b465ee728b)  -> (artifact id: 'ae2e0ed9749458e7cc0504c2c12aa339') in 0.012835 seconds 
Number of asset objects unloaded after import = 3
========================================================================
Received Import Request.
  Time since last request: 0.000026 seconds.
  path: Assets/Assets/Tilesetv3_177.asset
  artifactKey: Guid(b388e13759fe9984d9404b728cbcb4b9) Importer(815301076,1909f56bfc062723c751e8b465ee728b)
Number of updated assets reloaded before import = 0
Start importing Assets/Assets/Tilesetv3_177.asset using Guid(b388e13759fe9984d9404b728cbcb4b9) Importer(815301076,1909f56bfc062723c751e8b465ee728b)  -> (artifact id: '48c1c54560ea1a0d79d6230d4186e1fd') in 0.007838 seconds 
Number of asset objects unloaded after import = 3
========================================================================
Received Import Request.
  Time since last request: 0.321709 seconds.
  path: Assets/Assets/Tilesetv3_179.asset
  artifactKey: Guid(c2b06861b9918e14ba80e0918431c055) Importer(815301076,1909f56bfc062723c751e8b465ee728b)
Number of updated assets reloaded before import = 0
Start importing Assets/Assets/Tilesetv3_179.asset using Guid(c2b06861b9918e14ba80e0918431c055) Importer(815301076,1909f56bfc062723c751e8b465ee728b)  -> (artifact id: '83fc227fb91501a1b448992823e17230') in 0.011569 seconds 
Number of asset objects unloaded after import = 3
========================================================================
Received Import Request.
  Time since last request: 0.000015 seconds.
  path: Assets/Assets/Tilesetv3_181.asset
  artifactKey: Guid(5d4f5de61e02892408ca02830d2b76ef) Importer(815301076,1909f56bfc062723c751e8b465ee728b)
Number of updated assets reloaded before import = 0
Start importing Assets/Assets/Tilesetv3_181.asset using Guid(5d4f5de61e02892408ca02830d2b76ef) Importer(815301076,1909f56bfc062723c751e8b465ee728b)  -> (artifact id: '4f70de4bbb993f3d633072dccd60aa8a') in 0.008037 seconds 
Number of asset objects unloaded after import = 3
========================================================================
Received Import Request.
  Time since last request: 0.000018 seconds.
  path: Assets/Assets/Tilesetv3_182.asset
  artifactKey: Guid(b03997a139e0a1a4cb812c72d4654b34) Importer(815301076,1909f56bfc062723c751e8b465ee728b)
Number of updated assets reloaded before import = 0
Start importing Assets/Assets/Tilesetv3_182.asset using Guid(b03997a139e0a1a4cb812c72d4654b34) Importer(815301076,1909f56bfc062723c751e8b465ee728b)  -> (artifact id: 'caf6190612a1e91e004a04765c9e3eba') in 0.006236 seconds 
Number of asset objects unloaded after import = 3
========================================================================
Received Import Request.
  Time since last request: 0.000020 seconds.
  path: Assets/Assets/Tilesetv3_202.asset
  artifactKey: Guid(9618c3ed7e4f7e549b845222f677447d) Importer(815301076,1909f56bfc062723c751e8b465ee728b)
Number of updated assets reloaded before import = 0
Start importing Assets/Assets/Tilesetv3_202.asset using Guid(9618c3ed7e4f7e549b845222f677447d) Importer(815301076,1909f56bfc062723c751e8b465ee728b)  -> (artifact id: '6d8be5885f39b66151f1fcd0f81635bc') in 0.012646 seconds 
Number of asset objects unloaded after import = 3
========================================================================
Received Import Request.
  Time since last request: 0.000015 seconds.
  path: Assets/Assets/Tilesetv3_187.asset
  artifactKey: Guid(34445649c2cbdc94a94567dbc5ba182b) Importer(815301076,1909f56bfc062723c751e8b465ee728b)
Number of updated assets reloaded before import = 0
Start importing Assets/Assets/Tilesetv3_187.asset using Guid(34445649c2cbdc94a94567dbc5ba182b) Importer(815301076,1909f56bfc062723c751e8b465ee728b)  -> (artifact id: '88683c1be6b890a76be268905261a47a') in 0.014827 seconds 
Number of asset objects unloaded after import = 3
========================================================================
Received Import Request.
  Time since last request: 0.000016 seconds.
  path: Assets/Assets/Tilesetv3_219.asset
  artifactKey: Guid(64873d87d1e405f4980a6a0d1ad08742) Importer(815301076,1909f56bfc062723c751e8b465ee728b)
Number of updated assets reloaded before import = 0
Start importing Assets/Assets/Tilesetv3_219.asset using Guid(64873d87d1e405f4980a6a0d1ad08742) Importer(815301076,1909f56bfc062723c751e8b465ee728b)  -> (artifact id: '5cc8753ada5c1e936f18a5ab87bdf118') in 0.011062 seconds 
Number of asset objects unloaded after import = 3
========================================================================
Received Import Request.
  Time since last request: 0.000024 seconds.
  path: Assets/Assets/Tilesetv3_224.asset
  artifactKey: Guid(d458ec3587c0d6d44a86e73ea000b15e) Importer(815301076,1909f56bfc062723c751e8b465ee728b)
Number of updated assets reloaded before import = 0
Start importing Assets/Assets/Tilesetv3_224.asset using Guid(d458ec3587c0d6d44a86e73ea000b15e) Importer(815301076,1909f56bfc062723c751e8b465ee728b)  -> (artifact id: 'ef142314955ad9246ca152882cde794d') in 0.006232 seconds 
Number of asset objects unloaded after import = 3
========================================================================
Received Import Request.
  Time since last request: 0.000017 seconds.
  path: Assets/Assets/Tilesetv3_210.asset
  artifactKey: Guid(93d58bdd82876ec478fbfb2af22b0f77) Importer(815301076,1909f56bfc062723c751e8b465ee728b)
Number of updated assets reloaded before import = 0
Start importing Assets/Assets/Tilesetv3_210.asset using Guid(93d58bdd82876ec478fbfb2af22b0f77) Importer(815301076,1909f56bfc062723c751e8b465ee728b)  -> (artifact id: 'cd9ffa8d25b707cfca0b1b167582245c') in 0.006726 seconds 
Number of asset objects unloaded after import = 3
========================================================================
Received Import Request.
  Time since last request: 0.000018 seconds.
  path: Assets/Assets/Tilesetv3_216.asset
  artifactKey: Guid(fcbed0d3fb9f61a40b9a752330cd5d40) Importer(815301076,1909f56bfc062723c751e8b465ee728b)
Number of updated assets reloaded before import = 0
Start importing Assets/Assets/Tilesetv3_216.asset using Guid(fcbed0d3fb9f61a40b9a752330cd5d40) Importer(815301076,1909f56bfc062723c751e8b465ee728b)  -> (artifact id: 'cf2bb06782d69be23f711b70a4145938') in 0.004371 seconds 
Number of asset objects unloaded after import = 3
========================================================================
Received Import Request.
  Time since last request: 0.000014 seconds.
  path: Assets/Assets/Tilesetv3_215.asset
  artifactKey: Guid(cc3a4808e0d76df4386b7663b5e9fc38) Importer(815301076,1909f56bfc062723c751e8b465ee728b)
Number of updated assets reloaded before import = 0
Start importing Assets/Assets/Tilesetv3_215.asset using Guid(cc3a4808e0d76df4386b7663b5e9fc38) Importer(815301076,1909f56bfc062723c751e8b465ee728b)  -> (artifact id: '050d75432f979ab27075dccf0e8245c6') in 0.004246 seconds 
Number of asset objects unloaded after import = 3
========================================================================
Received Import Request.
  Time since last request: 0.000019 seconds.
  path: Assets/Assets/Tilesetv3_221.asset
  artifactKey: Guid(e2a93c3f84bea924e987c6ba995829d1) Importer(815301076,1909f56bfc062723c751e8b465ee728b)
Number of updated assets reloaded before import = 0
Start importing Assets/Assets/Tilesetv3_221.asset using Guid(e2a93c3f84bea924e987c6ba995829d1) Importer(815301076,1909f56bfc062723c751e8b465ee728b)  -> (artifact id: 'b7c9c4ea60d57e1c3e0458b8d4cecb75') in 0.005414 seconds 
Number of asset objects unloaded after import = 3
========================================================================
Received Import Request.
  Time since last request: 0.000020 seconds.
  path: Assets/Assets/Tilesetv3_222.asset
  artifactKey: Guid(2a98c303efc6f3f4286a8ecc791b1994) Importer(815301076,1909f56bfc062723c751e8b465ee728b)
Number of updated assets reloaded before import = 0
Start importing Assets/Assets/Tilesetv3_222.asset using Guid(2a98c303efc6f3f4286a8ecc791b1994) Importer(815301076,1909f56bfc062723c751e8b465ee728b)  -> (artifact id: '50d0aacb7adf02062aa0c91d5b14c7c0') in 0.012178 seconds 
Number of asset objects unloaded after import = 3
========================================================================
Received Import Request.
  Time since last request: 0.000019 seconds.
  path: Assets/Assets/Tilesetv3_223.asset
  artifactKey: Guid(979893bf5631abd41a870c618f0ed33b) Importer(815301076,1909f56bfc062723c751e8b465ee728b)
Number of updated assets reloaded before import = 0
Start importing Assets/Assets/Tilesetv3_223.asset using Guid(979893bf5631abd41a870c618f0ed33b) Importer(815301076,1909f56bfc062723c751e8b465ee728b)  -> (artifact id: '42fc6ddd49949d3fdd7efac9757c9d53') in 0.005324 seconds 
Number of asset objects unloaded after import = 3
========================================================================
Received Import Request.
  Time since last request: 0.000015 seconds.
  path: Assets/Assets/Tilesetv3_206.asset
  artifactKey: Guid(7d3bc2683832739469338eda1324032e) Importer(815301076,1909f56bfc062723c751e8b465ee728b)
Number of updated assets reloaded before import = 0
Start importing Assets/Assets/Tilesetv3_206.asset using Guid(7d3bc2683832739469338eda1324032e) Importer(815301076,1909f56bfc062723c751e8b465ee728b)  -> (artifact id: '407f84170fedd3274364fb30fbca6b33') in 0.011108 seconds 
Number of asset objects unloaded after import = 3
========================================================================
Received Import Request.
  Time since last request: 0.000027 seconds.
  path: Assets/Assets/Tilesetv3_226.asset
  artifactKey: Guid(c5a8cd72a9fac9a4a922983f12f08639) Importer(815301076,1909f56bfc062723c751e8b465ee728b)
Number of updated assets reloaded before import = 0
Start importing Assets/Assets/Tilesetv3_226.asset using Guid(c5a8cd72a9fac9a4a922983f12f08639) Importer(815301076,1909f56bfc062723c751e8b465ee728b)  -> (artifact id: 'cecbe2c60adc5c55aadcaec44ba955c3') in 0.012367 seconds 
Number of asset objects unloaded after import = 3
========================================================================
Received Import Request.
  Time since last request: 0.000017 seconds.
  path: Assets/Assets/Tilesetv3_209.asset
  artifactKey: Guid(99b80ddd9fc9ee449997479c58f224bd) Importer(815301076,1909f56bfc062723c751e8b465ee728b)
Number of updated assets reloaded before import = 0
Start importing Assets/Assets/Tilesetv3_209.asset using Guid(99b80ddd9fc9ee449997479c58f224bd) Importer(815301076,1909f56bfc062723c751e8b465ee728b)  -> (artifact id: '54147eae5489309eb5e4be38645e5581') in 0.004914 seconds 
Number of asset objects unloaded after import = 3
========================================================================
Received Import Request.
  Time since last request: 0.000020 seconds.
  path: Assets/Assets/Tilesetv3_214.asset
  artifactKey: Guid(0f092a84b1463574781227d457eae500) Importer(815301076,1909f56bfc062723c751e8b465ee728b)
Number of updated assets reloaded before import = 0
Start importing Assets/Assets/Tilesetv3_214.asset using Guid(0f092a84b1463574781227d457eae500) Importer(815301076,1909f56bfc062723c751e8b465ee728b)  -> (artifact id: '6561720045b437fdc5a10af23d7fb442') in 0.014974 seconds 
Number of asset objects unloaded after import = 3
========================================================================
Received Import Request.
  Time since last request: 0.000017 seconds.
  path: Assets/Assets/Tilesetv3_197.asset
  artifactKey: Guid(bf1a41a15e4d9a84ab61a1d2e62fae50) Importer(815301076,1909f56bfc062723c751e8b465ee728b)
Number of updated assets reloaded before import = 0
Start importing Assets/Assets/Tilesetv3_197.asset using Guid(bf1a41a15e4d9a84ab61a1d2e62fae50) Importer(815301076,1909f56bfc062723c751e8b465ee728b)  -> (artifact id: '23abe5c0dbbcc4903d2b7906e15201a0') in 0.014723 seconds 
Number of asset objects unloaded after import = 3
========================================================================
Received Import Request.
  Time since last request: 0.000023 seconds.
  path: Assets/Assets/Tilesetv3_220.asset
  artifactKey: Guid(b2e50e5aa0ba42f4f9f6df2101ccef5f) Importer(815301076,1909f56bfc062723c751e8b465ee728b)
Number of updated assets reloaded before import = 0
Start importing Assets/Assets/Tilesetv3_220.asset using Guid(b2e50e5aa0ba42f4f9f6df2101ccef5f) Importer(815301076,1909f56bfc062723c751e8b465ee728b)  -> (artifact id: '4942bb32b3f83ff90c000de02265d6e0') in 0.004382 seconds 
Number of asset objects unloaded after import = 3
========================================================================
Received Import Request.
  Time since last request: 0.000039 seconds.
  path: Assets/Assets/Tilesetv3_194.asset
  artifactKey: Guid(84608fed1defe144dae8e5c8260e6ecc) Importer(815301076,1909f56bfc062723c751e8b465ee728b)
Number of updated assets reloaded before import = 0
Start importing Assets/Assets/Tilesetv3_194.asset using Guid(84608fed1defe144dae8e5c8260e6ecc) Importer(815301076,1909f56bfc062723c751e8b465ee728b)  -> (artifact id: '0df4294b81cbe55044faa052c717a240') in 0.009652 seconds 
Number of asset objects unloaded after import = 3
========================================================================
Received Import Request.
  Time since last request: 0.000018 seconds.
  path: Assets/Assets/Tilesetv3_188.asset
  artifactKey: Guid(9f671d5dc649ac94fa9fee4842f1f044) Importer(815301076,1909f56bfc062723c751e8b465ee728b)
Number of updated assets reloaded before import = 0
Start importing Assets/Assets/Tilesetv3_188.asset using Guid(9f671d5dc649ac94fa9fee4842f1f044) Importer(815301076,1909f56bfc062723c751e8b465ee728b)  -> (artifact id: '2362ae9dc0bc5152762d9f0f6b642e6e') in 0.011968 seconds 
Number of asset objects unloaded after import = 3
========================================================================
Received Import Request.
  Time since last request: 0.000019 seconds.
  path: Assets/Assets/Tilesetv3_195.asset
  artifactKey: Guid(da8c500178816564889eb6e6c1795544) Importer(815301076,1909f56bfc062723c751e8b465ee728b)
Number of updated assets reloaded before import = 0
Start importing Assets/Assets/Tilesetv3_195.asset using Guid(da8c500178816564889eb6e6c1795544) Importer(815301076,1909f56bfc062723c751e8b465ee728b)  -> (artifact id: 'f48bff97e12968de3b04da9b5534aa7c') in 0.010362 seconds 
Number of asset objects unloaded after import = 3
========================================================================
Received Import Request.
  Time since last request: 0.000017 seconds.
  path: Assets/Assets/Tilesetv3_204.asset
  artifactKey: Guid(f1f4bb66dc4fb404aa361f415212e56b) Importer(815301076,1909f56bfc062723c751e8b465ee728b)
Number of updated assets reloaded before import = 0
Start importing Assets/Assets/Tilesetv3_204.asset using Guid(f1f4bb66dc4fb404aa361f415212e56b) Importer(815301076,1909f56bfc062723c751e8b465ee728b)  -> (artifact id: '1e75e6ff18371b4a1ce5659ea6e683bc') in 0.012710 seconds 
Number of asset objects unloaded after import = 3
========================================================================
Received Import Request.
  Time since last request: 0.000018 seconds.
  path: Assets/Assets/Tilesetv3_189.asset
  artifactKey: Guid(a28efc5ead57c7444a37942a10e3f13c) Importer(815301076,1909f56bfc062723c751e8b465ee728b)
Number of updated assets reloaded before import = 0
Start importing Assets/Assets/Tilesetv3_189.asset using Guid(a28efc5ead57c7444a37942a10e3f13c) Importer(815301076,1909f56bfc062723c751e8b465ee728b)  -> (artifact id: 'b30cde3bf60c11c9dedd4aba09890509') in 0.005593 seconds 
Number of asset objects unloaded after import = 3
========================================================================
Received Import Request.
  Time since last request: 0.051488 seconds.
  path: Assets/Assets/Tilesetv3_227.asset
  artifactKey: Guid(32da049af45543747aa220aebe9a0200) Importer(815301076,1909f56bfc062723c751e8b465ee728b)
Number of updated assets reloaded before import = 0
Start importing Assets/Assets/Tilesetv3_227.asset using Guid(32da049af45543747aa220aebe9a0200) Importer(815301076,1909f56bfc062723c751e8b465ee728b)  -> (artifact id: 'fb670f00c8dbac01232003c50b2221dc') in 0.004460 seconds 
Number of asset objects unloaded after import = 3
========================================================================
Received Import Request.
  Time since last request: 0.000020 seconds.
  path: Assets/Assets/Tilesetv3_237.asset
  artifactKey: Guid(effe9ac988665094fa7fef8c8e8e7120) Importer(815301076,1909f56bfc062723c751e8b465ee728b)
Number of updated assets reloaded before import = 0
Start importing Assets/Assets/Tilesetv3_237.asset using Guid(effe9ac988665094fa7fef8c8e8e7120) Importer(815301076,1909f56bfc062723c751e8b465ee728b)  -> (artifact id: '2e96aaa86e0185814a9b3f24b6129b79') in 0.010399 seconds 
Number of asset objects unloaded after import = 3
========================================================================
Received Import Request.
  Time since last request: 0.000021 seconds.
  path: Assets/Assets/Tilesetv3_236.asset
  artifactKey: Guid(9f352ba3f9ba0da4ea2dc6b95827739b) Importer(815301076,1909f56bfc062723c751e8b465ee728b)
Number of updated assets reloaded before import = 0
Start importing Assets/Assets/Tilesetv3_236.asset using Guid(9f352ba3f9ba0da4ea2dc6b95827739b) Importer(815301076,1909f56bfc062723c751e8b465ee728b)  -> (artifact id: '50dfb69d657c6130659c38b1f3b63081') in 0.011829 seconds 
Number of asset objects unloaded after import = 3
========================================================================
Received Import Request.
  Time since last request: 0.000020 seconds.
  path: Assets/Assets/Tilesetv3_238.asset
  artifactKey: Guid(dea1d6f943f9f46408060a73e468e548) Importer(815301076,1909f56bfc062723c751e8b465ee728b)
Number of updated assets reloaded before import = 0
Start importing Assets/Assets/Tilesetv3_238.asset using Guid(dea1d6f943f9f46408060a73e468e548) Importer(815301076,1909f56bfc062723c751e8b465ee728b)  -> (artifact id: '9a6e0102ed657294f61ab8ae05704988') in 0.004988 seconds 
Number of asset objects unloaded after import = 3
========================================================================
Received Import Request.
  Time since last request: 0.000017 seconds.
  path: Assets/Assets/Tilesetv3_241.asset
  artifactKey: Guid(52e1df293625bdc43a1cb33213cfe323) Importer(815301076,1909f56bfc062723c751e8b465ee728b)
Number of updated assets reloaded before import = 0
Start importing Assets/Assets/Tilesetv3_241.asset using Guid(52e1df293625bdc43a1cb33213cfe323) Importer(815301076,1909f56bfc062723c751e8b465ee728b)  -> (artifact id: 'c418ee838d5387869f7b5dcaf3dfcf7b') in 0.011422 seconds 
Number of asset objects unloaded after import = 3
========================================================================
Received Import Request.
  Time since last request: 0.000015 seconds.
  path: Assets/Assets/Tilesetv3_256.asset
  artifactKey: Guid(98a3fcaff7111a145a40e0f0dbd24b65) Importer(815301076,1909f56bfc062723c751e8b465ee728b)
Number of updated assets reloaded before import = 0
Start importing Assets/Assets/Tilesetv3_256.asset using Guid(98a3fcaff7111a145a40e0f0dbd24b65) Importer(815301076,1909f56bfc062723c751e8b465ee728b)  -> (artifact id: 'ff4b7c74e1435aa975008f67dc999b6d') in 0.012179 seconds 
Number of asset objects unloaded after import = 3
========================================================================
Received Import Request.
  Time since last request: 0.000022 seconds.
  path: Assets/Assets/Tilesetv3_257.asset
  artifactKey: Guid(f5ff404cbca119846a70b68945ffb7d1) Importer(815301076,1909f56bfc062723c751e8b465ee728b)
Number of updated assets reloaded before import = 0
Start importing Assets/Assets/Tilesetv3_257.asset using Guid(f5ff404cbca119846a70b68945ffb7d1) Importer(815301076,1909f56bfc062723c751e8b465ee728b)  -> (artifact id: 'e0936cba602c7cf89a5db31415467755') in 0.011362 seconds 
Number of asset objects unloaded after import = 3
========================================================================
Received Import Request.
  Time since last request: 0.000020 seconds.
  path: Assets/Assets/Tilesetv3_273.asset
  artifactKey: Guid(dc5c48c87c4b84841ba9c5c32bca9785) Importer(815301076,1909f56bfc062723c751e8b465ee728b)
Number of updated assets reloaded before import = 0
Start importing Assets/Assets/Tilesetv3_273.asset using Guid(dc5c48c87c4b84841ba9c5c32bca9785) Importer(815301076,1909f56bfc062723c751e8b465ee728b)  -> (artifact id: '465b26095f646e47f82d74c314ea3437') in 0.013148 seconds 
Number of asset objects unloaded after import = 3
========================================================================
Received Import Request.
  Time since last request: 0.000025 seconds.
  path: Assets/Assets/Tilesetv3_274.asset
  artifactKey: Guid(91c33c36abc5d7e41814817e90c88c9b) Importer(815301076,1909f56bfc062723c751e8b465ee728b)
Number of updated assets reloaded before import = 0
Start importing Assets/Assets/Tilesetv3_274.asset using Guid(91c33c36abc5d7e41814817e90c88c9b) Importer(815301076,1909f56bfc062723c751e8b465ee728b)  -> (artifact id: '5cfe389644a13d596b15cd1071ba9dd5') in 0.011786 seconds 
Number of asset objects unloaded after import = 3
========================================================================
Received Import Request.
  Time since last request: 0.000017 seconds.
  path: Assets/Assets/Tilesetv3_263.asset
  artifactKey: Guid(937913d105db3324e8cabcd10374df78) Importer(815301076,1909f56bfc062723c751e8b465ee728b)
Number of updated assets reloaded before import = 0
Start importing Assets/Assets/Tilesetv3_263.asset using Guid(937913d105db3324e8cabcd10374df78) Importer(815301076,1909f56bfc062723c751e8b465ee728b)  -> (artifact id: 'eab905a87efb91b7ffd7bad086fc8188') in 0.005130 seconds 
Number of asset objects unloaded after import = 3
========================================================================
Received Import Request.
  Time since last request: 0.000025 seconds.
  path: Assets/Assets/Tilesetv3_279.asset
  artifactKey: Guid(97031c33a4d3ecf46aaacd903068fcb5) Importer(815301076,1909f56bfc062723c751e8b465ee728b)
Number of updated assets reloaded before import = 0
Start importing Assets/Assets/Tilesetv3_279.asset using Guid(97031c33a4d3ecf46aaacd903068fcb5) Importer(815301076,1909f56bfc062723c751e8b465ee728b)  -> (artifact id: 'ddd706ba9444b339f5bbd840c6aae312') in 0.011933 seconds 
Number of asset objects unloaded after import = 3
========================================================================
Received Import Request.
  Time since last request: 0.000014 seconds.
  path: Assets/Assets/Tilesetv3_278.asset
  artifactKey: Guid(770117b35a357234fa68b5d527ff264b) Importer(815301076,1909f56bfc062723c751e8b465ee728b)
Number of updated assets reloaded before import = 0
Start importing Assets/Assets/Tilesetv3_278.asset using Guid(770117b35a357234fa68b5d527ff264b) Importer(815301076,1909f56bfc062723c751e8b465ee728b)  -> (artifact id: '6b51a2547405542d79042b7dabd9d6ff') in 0.009213 seconds 
Number of asset objects unloaded after import = 3
========================================================================
Received Import Request.
  Time since last request: 0.000036 seconds.
  path: Assets/Assets/Tilesetv3_267.asset
  artifactKey: Guid(0e741d884c079af478d2f385e82ee3e6) Importer(815301076,1909f56bfc062723c751e8b465ee728b)
Number of updated assets reloaded before import = 0
Start importing Assets/Assets/Tilesetv3_267.asset using Guid(0e741d884c079af478d2f385e82ee3e6) Importer(815301076,1909f56bfc062723c751e8b465ee728b)  -> (artifact id: 'fbc0b2059a1791fc956622f533f0f7f7') in 0.005776 seconds 
Number of asset objects unloaded after import = 3
========================================================================
Received Import Request.
  Time since last request: 0.000018 seconds.
  path: Assets/Assets/Tilesetv3_282.asset
  artifactKey: Guid(6d153ad0c5afdad4dbcc607e440f658e) Importer(815301076,1909f56bfc062723c751e8b465ee728b)
Number of updated assets reloaded before import = 0
Start importing Assets/Assets/Tilesetv3_282.asset using Guid(6d153ad0c5afdad4dbcc607e440f658e) Importer(815301076,1909f56bfc062723c751e8b465ee728b)  -> (artifact id: '16a50738371f640722f74bbc1f00b304') in 0.004424 seconds 
Number of asset objects unloaded after import = 3
========================================================================
Received Import Request.
  Time since last request: 0.000016 seconds.
  path: Assets/Assets/Tilesetv3_272.asset
  artifactKey: Guid(d7cf18d5afc1e7843b090a372025a525) Importer(815301076,1909f56bfc062723c751e8b465ee728b)
Number of updated assets reloaded before import = 0
Start importing Assets/Assets/Tilesetv3_272.asset using Guid(d7cf18d5afc1e7843b090a372025a525) Importer(815301076,1909f56bfc062723c751e8b465ee728b)  -> (artifact id: 'f160a486cab8a7c7822e865aa9f6e630') in 0.004387 seconds 
Number of asset objects unloaded after import = 3
========================================================================
Received Import Request.
  Time since last request: 0.000015 seconds.
  path: Assets/Assets/Tilesetv3_255.asset
  artifactKey: Guid(a6fdb0e0d7809d943b4860be3338459d) Importer(815301076,1909f56bfc062723c751e8b465ee728b)
Number of updated assets reloaded before import = 0
Start importing Assets/Assets/Tilesetv3_255.asset using Guid(a6fdb0e0d7809d943b4860be3338459d) Importer(815301076,1909f56bfc062723c751e8b465ee728b)  -> (artifact id: '00c21bdb93600e4b1e628d687a5b7d8c') in 0.004362 seconds 
Number of asset objects unloaded after import = 3
========================================================================
Received Import Request.
  Time since last request: 0.000017 seconds.
  path: Assets/Assets/Tilesetv3_265.asset
  artifactKey: Guid(c1e508397fe50614a953fabdc2718217) Importer(815301076,1909f56bfc062723c751e8b465ee728b)
Number of updated assets reloaded before import = 0
Start importing Assets/Assets/Tilesetv3_265.asset using Guid(c1e508397fe50614a953fabdc2718217) Importer(815301076,1909f56bfc062723c751e8b465ee728b)  -> (artifact id: 'ce39a7756830aef00edaa13899511ec8') in 0.010300 seconds 
Number of asset objects unloaded after import = 3
========================================================================
Received Import Request.
  Time since last request: 0.000017 seconds.
  path: Assets/Assets/Tilesetv3_277.asset
  artifactKey: Guid(768de6ac62834df42bd259bd1f394c2d) Importer(815301076,1909f56bfc062723c751e8b465ee728b)
Number of updated assets reloaded before import = 0
Start importing Assets/Assets/Tilesetv3_277.asset using Guid(768de6ac62834df42bd259bd1f394c2d) Importer(815301076,1909f56bfc062723c751e8b465ee728b)  -> (artifact id: 'f2bd7a065b45968407336e39ff8c75bd') in 0.010871 seconds 
Number of asset objects unloaded after import = 3
========================================================================
Received Import Request.
  Time since last request: 0.000021 seconds.
  path: Assets/Assets/Tilesetv3_285.asset
  artifactKey: Guid(bde07b3d5e66846479de2d7ff04d8eb0) Importer(815301076,1909f56bfc062723c751e8b465ee728b)
Number of updated assets reloaded before import = 0
Start importing Assets/Assets/Tilesetv3_285.asset using Guid(bde07b3d5e66846479de2d7ff04d8eb0) Importer(815301076,1909f56bfc062723c751e8b465ee728b)  -> (artifact id: 'd045485d38cca7af13ace80ab986597f') in 0.011448 seconds 
Number of asset objects unloaded after import = 3
========================================================================
Received Import Request.
  Time since last request: 0.000015 seconds.
  path: Assets/Assets/Tilesetv3_262.asset
  artifactKey: Guid(ab065748fd885fc4aa7583f53f4de568) Importer(815301076,1909f56bfc062723c751e8b465ee728b)
Number of updated assets reloaded before import = 0
Start importing Assets/Assets/Tilesetv3_262.asset using Guid(ab065748fd885fc4aa7583f53f4de568) Importer(815301076,1909f56bfc062723c751e8b465ee728b)  -> (artifact id: '11d5bb83f64238cf1814ce42c8475c78') in 0.006751 seconds 
Number of asset objects unloaded after import = 3
========================================================================
Received Import Request.
  Time since last request: 0.000021 seconds.
  path: Assets/Assets/Tilesetv3_264.asset
  artifactKey: Guid(e56015a8f3fa62547bcd05d965de64d5) Importer(815301076,1909f56bfc062723c751e8b465ee728b)
Number of updated assets reloaded before import = 0
Start importing Assets/Assets/Tilesetv3_264.asset using Guid(e56015a8f3fa62547bcd05d965de64d5) Importer(815301076,1909f56bfc062723c751e8b465ee728b)  -> (artifact id: 'c0b575c60719a892529543516c2a020d') in 0.011100 seconds 
Number of asset objects unloaded after import = 3
========================================================================
Received Import Request.
  Time since last request: 0.000021 seconds.
  path: Assets/Assets/Tilesetv3_254.asset
  artifactKey: Guid(a9c95e853de753944a44ec3ad5e71a05) Importer(815301076,1909f56bfc062723c751e8b465ee728b)
Number of updated assets reloaded before import = 0
Start importing Assets/Assets/Tilesetv3_254.asset using Guid(a9c95e853de753944a44ec3ad5e71a05) Importer(815301076,1909f56bfc062723c751e8b465ee728b)  -> (artifact id: '7b1ca34850275bd12ac51c3cd7dda245') in 0.010950 seconds 
Number of asset objects unloaded after import = 3
========================================================================
Received Import Request.
  Time since last request: 0.000018 seconds.
  path: Assets/Assets/Tilesetv3_247.asset
  artifactKey: Guid(252e33948d467424784c8ad29e1ceebb) Importer(815301076,1909f56bfc062723c751e8b465ee728b)
Number of updated assets reloaded before import = 0
Start importing Assets/Assets/Tilesetv3_247.asset using Guid(252e33948d467424784c8ad29e1ceebb) Importer(815301076,1909f56bfc062723c751e8b465ee728b)  -> (artifact id: 'a12e9837770c921dc453be0b4ba39fea') in 0.006003 seconds 
Number of asset objects unloaded after import = 3
========================================================================
Received Import Request.
  Time since last request: 0.000020 seconds.
  path: Assets/Assets/Tilesetv3_270.asset
  artifactKey: Guid(15eefcb911554f946ad42581fd91f757) Importer(815301076,1909f56bfc062723c751e8b465ee728b)
Number of updated assets reloaded before import = 0
Start importing Assets/Assets/Tilesetv3_270.asset using Guid(15eefcb911554f946ad42581fd91f757) Importer(815301076,1909f56bfc062723c751e8b465ee728b)  -> (artifact id: '3c8b1271d93befd81606263049d41087') in 0.013361 seconds 
Number of asset objects unloaded after import = 3
========================================================================
Received Import Request.
  Time since last request: 0.000030 seconds.
  path: Assets/Assets/Tilesetv3_283.asset
  artifactKey: Guid(7be53f0dd163455458c98a94facf0078) Importer(815301076,1909f56bfc062723c751e8b465ee728b)
Number of updated assets reloaded before import = 0
Start importing Assets/Assets/Tilesetv3_283.asset using Guid(7be53f0dd163455458c98a94facf0078) Importer(815301076,1909f56bfc062723c751e8b465ee728b)  -> (artifact id: '0b13aa5ab444c93b06c7ce799efacee7') in 0.011762 seconds 
Number of asset objects unloaded after import = 3
========================================================================
Received Import Request.
  Time since last request: 0.000016 seconds.
  path: Assets/Assets/Tilesetv3_234.asset
  artifactKey: Guid(6a586a0a88d6c744ab3d4d749a3b15d8) Importer(815301076,1909f56bfc062723c751e8b465ee728b)
Number of updated assets reloaded before import = 0
Start importing Assets/Assets/Tilesetv3_234.asset using Guid(6a586a0a88d6c744ab3d4d749a3b15d8) Importer(815301076,1909f56bfc062723c751e8b465ee728b)  -> (artifact id: '8fdc38bb58b613b8cfcd8c72bbd28ad6') in 0.004670 seconds 
Number of asset objects unloaded after import = 3
========================================================================
Received Import Request.
  Time since last request: 0.000020 seconds.
  path: Assets/Assets/Tilesetv3_232.asset
  artifactKey: Guid(eb20ce8ea2c2fe047a54f407b7d083f3) Importer(815301076,1909f56bfc062723c751e8b465ee728b)
Number of updated assets reloaded before import = 0
Start importing Assets/Assets/Tilesetv3_232.asset using Guid(eb20ce8ea2c2fe047a54f407b7d083f3) Importer(815301076,1909f56bfc062723c751e8b465ee728b)  -> (artifact id: '356f57a2054385a1a3c3b81606cf07bb') in 0.004777 seconds 
Number of asset objects unloaded after import = 3
========================================================================
Received Import Request.
  Time since last request: 0.000015 seconds.
  path: Assets/Assets/Tilesetv3_230.asset
  artifactKey: Guid(31761a19446367f4cabd6cedb3a72d68) Importer(815301076,1909f56bfc062723c751e8b465ee728b)
Number of updated assets reloaded before import = 0
Start importing Assets/Assets/Tilesetv3_230.asset using Guid(31761a19446367f4cabd6cedb3a72d68) Importer(815301076,1909f56bfc062723c751e8b465ee728b)  -> (artifact id: '5fc20594c4bef6daf48f4c26ab4c52dc') in 0.015346 seconds 
Number of asset objects unloaded after import = 3
========================================================================
Received Import Request.
  Time since last request: 0.000020 seconds.
  path: Assets/Assets/Tilesetv3_245.asset
  artifactKey: Guid(2a02f83035cf7e54ca6e062efa54117f) Importer(815301076,1909f56bfc062723c751e8b465ee728b)
Number of updated assets reloaded before import = 0
Start importing Assets/Assets/Tilesetv3_245.asset using Guid(2a02f83035cf7e54ca6e062efa54117f) Importer(815301076,1909f56bfc062723c751e8b465ee728b)  -> (artifact id: 'd22caefd8982f00eafe9e4f9842172d0') in 0.017756 seconds 
Number of asset objects unloaded after import = 3
========================================================================
Received Import Request.
  Time since last request: 0.000031 seconds.
  path: Assets/Assets/Tilesetv3_240.asset
  artifactKey: Guid(8ff0d04197dcd224d9473588ffa99142) Importer(815301076,1909f56bfc062723c751e8b465ee728b)
Number of updated assets reloaded before import = 0
Start importing Assets/Assets/Tilesetv3_240.asset using Guid(8ff0d04197dcd224d9473588ffa99142) Importer(815301076,1909f56bfc062723c751e8b465ee728b)  -> (artifact id: '9e9238f29d8ce5869d5ddea4353eec27') in 0.009421 seconds 
Number of asset objects unloaded after import = 3
========================================================================
Received Import Request.
  Time since last request: 0.000027 seconds.
  path: Assets/Assets/Tilesetv3_258.asset
  artifactKey: Guid(f9a394d85395d9e46bd944a249684a82) Importer(815301076,1909f56bfc062723c751e8b465ee728b)
Number of updated assets reloaded before import = 0
Start importing Assets/Assets/Tilesetv3_258.asset using Guid(f9a394d85395d9e46bd944a249684a82) Importer(815301076,1909f56bfc062723c751e8b465ee728b)  -> (artifact id: 'e221b702465ce3269fa8c37054298841') in 0.013805 seconds 
Number of asset objects unloaded after import = 3
========================================================================
Received Import Request.
  Time since last request: 0.000036 seconds.
  path: Assets/Assets/Tilesetv3_291.asset
  artifactKey: Guid(6cbfcfceab0cbae449477ac19ea61b93) Importer(815301076,1909f56bfc062723c751e8b465ee728b)
Number of updated assets reloaded before import = 0
Start importing Assets/Assets/Tilesetv3_291.asset using Guid(6cbfcfceab0cbae449477ac19ea61b93) Importer(815301076,1909f56bfc062723c751e8b465ee728b)  -> (artifact id: '7f251bc0e852ef9cd021ab418277e66e') in 0.014629 seconds 
Number of asset objects unloaded after import = 3
========================================================================
Received Import Request.
  Time since last request: 0.000018 seconds.
  path: Assets/Assets/Tilesetv3_290.asset
  artifactKey: Guid(77d95ab276155514db52ce0d342112de) Importer(815301076,1909f56bfc062723c751e8b465ee728b)
Number of updated assets reloaded before import = 0
Start importing Assets/Assets/Tilesetv3_290.asset using Guid(77d95ab276155514db52ce0d342112de) Importer(815301076,1909f56bfc062723c751e8b465ee728b)  -> (artifact id: '406eef818c39857badb1eab6af1187e6') in 0.014494 seconds 
Number of asset objects unloaded after import = 3
========================================================================
Received Import Request.
  Time since last request: 0.000022 seconds.
  path: Assets/Assets/Tilesetv3_307.asset
  artifactKey: Guid(831ac8ae07d5fdf46b185518cf4e31cf) Importer(815301076,1909f56bfc062723c751e8b465ee728b)
Number of updated assets reloaded before import = 0
Start importing Assets/Assets/Tilesetv3_307.asset using Guid(831ac8ae07d5fdf46b185518cf4e31cf) Importer(815301076,1909f56bfc062723c751e8b465ee728b)  -> (artifact id: '14e36613d8f5183825920315d672bf9c') in 0.005937 seconds 
Number of asset objects unloaded after import = 3
========================================================================
Received Import Request.
  Time since last request: 0.000021 seconds.
  path: Assets/Assets/Tilesetv3_334.asset
  artifactKey: Guid(c411182012218db49b372acdb6b61d72) Importer(815301076,1909f56bfc062723c751e8b465ee728b)
Number of updated assets reloaded before import = 0
Start importing Assets/Assets/Tilesetv3_334.asset using Guid(c411182012218db49b372acdb6b61d72) Importer(815301076,1909f56bfc062723c751e8b465ee728b)  -> (artifact id: '0a160928e48f7b8770b3a92181f7ce4d') in 0.007126 seconds 
Number of asset objects unloaded after import = 3
========================================================================
Received Import Request.
  Time since last request: 0.000018 seconds.
  path: Assets/Assets/Tilesetv3_292.asset
  artifactKey: Guid(7fffbe82a0a2d8746bdd83c9e3d9f663) Importer(815301076,1909f56bfc062723c751e8b465ee728b)
Number of updated assets reloaded before import = 0
Start importing Assets/Assets/Tilesetv3_292.asset using Guid(7fffbe82a0a2d8746bdd83c9e3d9f663) Importer(815301076,1909f56bfc062723c751e8b465ee728b)  -> (artifact id: '66cd33d1f2a76fb426fbf9fa928b18d2') in 0.013708 seconds 
Number of asset objects unloaded after import = 3
========================================================================
Received Import Request.
  Time since last request: 0.000022 seconds.
  path: Assets/Assets/Tilesetv3_304.asset
  artifactKey: Guid(68c496c07af737f418da149f99814e00) Importer(815301076,1909f56bfc062723c751e8b465ee728b)
Number of updated assets reloaded before import = 0
Start importing Assets/Assets/Tilesetv3_304.asset using Guid(68c496c07af737f418da149f99814e00) Importer(815301076,1909f56bfc062723c751e8b465ee728b)  -> (artifact id: '11441d182ebccf69d50198c1d6cb3aad') in 0.008037 seconds 
Number of asset objects unloaded after import = 3
========================================================================
Received Import Request.
  Time since last request: 0.000022 seconds.
  path: Assets/Assets/Tilesetv3_309.asset
  artifactKey: Guid(40ae6afc4ffae924da089fa7580e2329) Importer(815301076,1909f56bfc062723c751e8b465ee728b)
Number of updated assets reloaded before import = 0
Start importing Assets/Assets/Tilesetv3_309.asset using Guid(40ae6afc4ffae924da089fa7580e2329) Importer(815301076,1909f56bfc062723c751e8b465ee728b)  -> (artifact id: '734a2a1c86c81ebcb38e6ee5530d7458') in 0.011594 seconds 
Number of asset objects unloaded after import = 3
========================================================================
Received Import Request.
  Time since last request: 0.000020 seconds.
  path: Assets/Assets/Tilesetv3_302.asset
  artifactKey: Guid(a98e39094ee5ef641ac6950ba30e3e7d) Importer(815301076,1909f56bfc062723c751e8b465ee728b)
Number of updated assets reloaded before import = 0
Start importing Assets/Assets/Tilesetv3_302.asset using Guid(a98e39094ee5ef641ac6950ba30e3e7d) Importer(815301076,1909f56bfc062723c751e8b465ee728b)  -> (artifact id: 'ebc1816297c18ef789d52a2d67f1891d') in 0.011757 seconds 
Number of asset objects unloaded after import = 3
========================================================================
Received Import Request.
  Time since last request: 0.000017 seconds.
  path: Assets/Assets/Tilesetv3_329.asset
  artifactKey: Guid(7cb239cc1f3207a478547c2ccad0ddd6) Importer(815301076,1909f56bfc062723c751e8b465ee728b)
Number of updated assets reloaded before import = 0
Start importing Assets/Assets/Tilesetv3_329.asset using Guid(7cb239cc1f3207a478547c2ccad0ddd6) Importer(815301076,1909f56bfc062723c751e8b465ee728b)  -> (artifact id: '09097623a2c32430c993c7597a48fcd2') in 0.012500 seconds 
Number of asset objects unloaded after import = 3
========================================================================
Received Import Request.
  Time since last request: 0.000018 seconds.
  path: Assets/Assets/Tilesetv3_328.asset
  artifactKey: Guid(600be54d3a623a44cbd4e9118f4a54d8) Importer(815301076,1909f56bfc062723c751e8b465ee728b)
Number of updated assets reloaded before import = 0
Start importing Assets/Assets/Tilesetv3_328.asset using Guid(600be54d3a623a44cbd4e9118f4a54d8) Importer(815301076,1909f56bfc062723c751e8b465ee728b)  -> (artifact id: '3380aff35a04c26bc0140d4520e7fa9d') in 0.011870 seconds 
Number of asset objects unloaded after import = 3
========================================================================
Received Import Request.
  Time since last request: 0.000027 seconds.
  path: Assets/Assets/Tilesetv3_316.asset
  artifactKey: Guid(fc1ac4401ab7fa64bbe404df21cba68f) Importer(815301076,1909f56bfc062723c751e8b465ee728b)
Number of updated assets reloaded before import = 0
Start importing Assets/Assets/Tilesetv3_316.asset using Guid(fc1ac4401ab7fa64bbe404df21cba68f) Importer(815301076,1909f56bfc062723c751e8b465ee728b)  -> (artifact id: '0c9a817ec54b4f7880c36a0a38ab9688') in 0.012446 seconds 
Number of asset objects unloaded after import = 3
========================================================================
Received Import Request.
  Time since last request: 0.000027 seconds.
  path: Assets/Assets/Tilesetv3_321.asset
  artifactKey: Guid(2e4a46b8b15d8004cac247bfc9804069) Importer(815301076,1909f56bfc062723c751e8b465ee728b)
Number of updated assets reloaded before import = 0
Start importing Assets/Assets/Tilesetv3_321.asset using Guid(2e4a46b8b15d8004cac247bfc9804069) Importer(815301076,1909f56bfc062723c751e8b465ee728b)  -> (artifact id: 'fd9eea44678d3c2ecfd8a5084cfe79e0') in 0.012633 seconds 
Number of asset objects unloaded after import = 3
========================================================================
Received Import Request.
  Time since last request: 0.000016 seconds.
  path: Assets/Assets/Tilesetv3_306.asset
  artifactKey: Guid(a79bdedbf0568f64496cb27f9da27a4b) Importer(815301076,1909f56bfc062723c751e8b465ee728b)
Number of updated assets reloaded before import = 0
Start importing Assets/Assets/Tilesetv3_306.asset using Guid(a79bdedbf0568f64496cb27f9da27a4b) Importer(815301076,1909f56bfc062723c751e8b465ee728b)  -> (artifact id: 'cc7f2d19573ba4e2eb10304b9b0942b3') in 0.016509 seconds 
Number of asset objects unloaded after import = 3
========================================================================
Received Import Request.
  Time since last request: 0.000028 seconds.
  path: Assets/Assets/Tilesetv3_297.asset
  artifactKey: Guid(8345892bf8cc55f4c88e957d8315dd41) Importer(815301076,1909f56bfc062723c751e8b465ee728b)
Number of updated assets reloaded before import = 0
Start importing Assets/Assets/Tilesetv3_297.asset using Guid(8345892bf8cc55f4c88e957d8315dd41) Importer(815301076,1909f56bfc062723c751e8b465ee728b)  -> (artifact id: 'b633b565a1bf546bd5d4aafef83cf6a3') in 0.006381 seconds 
Number of asset objects unloaded after import = 3
========================================================================
Received Import Request.
  Time since last request: 0.000022 seconds.
  path: Assets/Assets/Tilesetv3_326.asset
  artifactKey: Guid(88b68694ef1d2b54fbab335cf5d213fe) Importer(815301076,1909f56bfc062723c751e8b465ee728b)
Number of updated assets reloaded before import = 0
Start importing Assets/Assets/Tilesetv3_326.asset using Guid(88b68694ef1d2b54fbab335cf5d213fe) Importer(815301076,1909f56bfc062723c751e8b465ee728b)  -> (artifact id: '5f994e72e98dcbeca70ca4ba511a7c0e') in 0.014912 seconds 
Number of asset objects unloaded after import = 3
========================================================================
Received Import Request.
  Time since last request: 0.000020 seconds.
  path: Assets/Assets/Tilesetv3_318.asset
  artifactKey: Guid(7bb27e848a93aac4dac0268ac428b0e4) Importer(815301076,1909f56bfc062723c751e8b465ee728b)
Number of updated assets reloaded before import = 0
Start importing Assets/Assets/Tilesetv3_318.asset using Guid(7bb27e848a93aac4dac0268ac428b0e4) Importer(815301076,1909f56bfc062723c751e8b465ee728b)  -> (artifact id: '6e665a87374637590716851bdc9e038a') in 0.013925 seconds 
Number of asset objects unloaded after import = 3
========================================================================
Received Import Request.
  Time since last request: 0.000019 seconds.
  path: Assets/Assets/Tilesetv3_296.asset
  artifactKey: Guid(ed4a5c1427b9a1f42b7d15914ec0a50b) Importer(815301076,1909f56bfc062723c751e8b465ee728b)
Number of updated assets reloaded before import = 0
Start importing Assets/Assets/Tilesetv3_296.asset using Guid(ed4a5c1427b9a1f42b7d15914ec0a50b) Importer(815301076,1909f56bfc062723c751e8b465ee728b)  -> (artifact id: '63322222fd04f8eb10c4780c7e813b16') in 0.014772 seconds 
Number of asset objects unloaded after import = 3
========================================================================
Received Import Request.
  Time since last request: 0.000038 seconds.
  path: Assets/Assets/Tilesetv3_319.asset
  artifactKey: Guid(230a4b7dc30b33e42b2c933f9d6e1ce9) Importer(815301076,1909f56bfc062723c751e8b465ee728b)
Number of updated assets reloaded before import = 0
Start importing Assets/Assets/Tilesetv3_319.asset using Guid(230a4b7dc30b33e42b2c933f9d6e1ce9) Importer(815301076,1909f56bfc062723c751e8b465ee728b)  -> (artifact id: '4b4a3ad74020101285b76c6759d11210') in 0.005505 seconds 
Number of asset objects unloaded after import = 3
========================================================================
Received Import Request.
  Time since last request: 0.000015 seconds.
  path: Assets/Assets/Tilesetv3_298.asset
  artifactKey: Guid(f38922d9f5e03844ca0f35cce06437e6) Importer(815301076,1909f56bfc062723c751e8b465ee728b)
Number of updated assets reloaded before import = 0
Start importing Assets/Assets/Tilesetv3_298.asset using Guid(f38922d9f5e03844ca0f35cce06437e6) Importer(815301076,1909f56bfc062723c751e8b465ee728b)  -> (artifact id: 'd51282907b8b8d4d389f6ffb1b2a7b14') in 0.006020 seconds 
Number of asset objects unloaded after import = 3
========================================================================
Received Import Request.
  Time since last request: 0.000017 seconds.
  path: Assets/Assets/Tilesetv3_323.asset
  artifactKey: Guid(78c0af9e7229d5d40908913332e8f612) Importer(815301076,1909f56bfc062723c751e8b465ee728b)
Number of updated assets reloaded before import = 0
Start importing Assets/Assets/Tilesetv3_323.asset using Guid(78c0af9e7229d5d40908913332e8f612) Importer(815301076,1909f56bfc062723c751e8b465ee728b)  -> (artifact id: '5825b07950cd4f3227c77b6a43b48888') in 0.005629 seconds 
Number of asset objects unloaded after import = 3
========================================================================
Received Import Request.
  Time since last request: 0.000020 seconds.
  path: Assets/Assets/Tilesetv3_287.asset
  artifactKey: Guid(0ba4ba99eb9dd3144acbcf7b05c74d57) Importer(815301076,1909f56bfc062723c751e8b465ee728b)
Number of updated assets reloaded before import = 0
Start importing Assets/Assets/Tilesetv3_287.asset using Guid(0ba4ba99eb9dd3144acbcf7b05c74d57) Importer(815301076,1909f56bfc062723c751e8b465ee728b)  -> (artifact id: '5966f9fadda15df32ada75b2e1d840d1') in 0.005630 seconds 
Number of asset objects unloaded after import = 3
========================================================================
Received Import Request.
  Time since last request: 0.000024 seconds.
  path: Assets/Assets/Tilesetv3_313.asset
  artifactKey: Guid(c407da029bccf5440b4c0a471ec8cc75) Importer(815301076,1909f56bfc062723c751e8b465ee728b)
Number of updated assets reloaded before import = 0
Start importing Assets/Assets/Tilesetv3_313.asset using Guid(c407da029bccf5440b4c0a471ec8cc75) Importer(815301076,1909f56bfc062723c751e8b465ee728b)  -> (artifact id: 'ec6958b936ecda8bca30b891b9c4c0b1') in 0.005399 seconds 
Number of asset objects unloaded after import = 3
========================================================================
Received Import Request.
  Time since last request: 0.000021 seconds.
  path: Assets/Assets/Tilesetv3_301.asset
  artifactKey: Guid(8c4c58dc86410cf4896a1fee4067f8b2) Importer(815301076,1909f56bfc062723c751e8b465ee728b)
Number of updated assets reloaded before import = 0
Start importing Assets/Assets/Tilesetv3_301.asset using Guid(8c4c58dc86410cf4896a1fee4067f8b2) Importer(815301076,1909f56bfc062723c751e8b465ee728b)  -> (artifact id: '6ddedc4863b7d2daf771d38276c33366') in 0.005155 seconds 
Number of asset objects unloaded after import = 3
========================================================================
Received Import Request.
  Time since last request: 0.000044 seconds.
  path: Assets/Assets/Tilesetv3_293.asset
  artifactKey: Guid(45d2dcd7346e44e45a61c33cab5cbfcc) Importer(815301076,1909f56bfc062723c751e8b465ee728b)
Number of updated assets reloaded before import = 0
Start importing Assets/Assets/Tilesetv3_293.asset using Guid(45d2dcd7346e44e45a61c33cab5cbfcc) Importer(815301076,1909f56bfc062723c751e8b465ee728b)  -> (artifact id: '4893b0d71b897fa01e6e2af41d126a01') in 0.012512 seconds 
Number of asset objects unloaded after import = 3
========================================================================
Received Import Request.
  Time since last request: 0.000036 seconds.
  path: Assets/Assets/Tilesetv3_336.asset
  artifactKey: Guid(cdd88bb5878caf94081f9f4430da2cbe) Importer(815301076,1909f56bfc062723c751e8b465ee728b)
Number of updated assets reloaded before import = 0
Start importing Assets/Assets/Tilesetv3_336.asset using Guid(cdd88bb5878caf94081f9f4430da2cbe) Importer(815301076,1909f56bfc062723c751e8b465ee728b)  -> (artifact id: '96c0bedb3d6b2eca36ae6c07350d5e9f') in 0.012168 seconds 
Number of asset objects unloaded after import = 3
========================================================================
Received Import Request.
  Time since last request: 0.000019 seconds.
  path: Assets/Assets/Tilesetv3_335.asset
  artifactKey: Guid(a591c72956a1b9846b2cb051d62e0b9b) Importer(815301076,1909f56bfc062723c751e8b465ee728b)
Number of updated assets reloaded before import = 0
Start importing Assets/Assets/Tilesetv3_335.asset using Guid(a591c72956a1b9846b2cb051d62e0b9b) Importer(815301076,1909f56bfc062723c751e8b465ee728b)  -> (artifact id: 'bc7a2584a4b05f244f8a032affd582ea') in 0.011232 seconds 
Number of asset objects unloaded after import = 3
========================================================================
Received Import Request.
  Time since last request: 0.000015 seconds.
  path: Assets/Assets/Tilesetv3_362.asset
  artifactKey: Guid(4024ce141f9945844b4b282985ef6780) Importer(815301076,1909f56bfc062723c751e8b465ee728b)
Number of updated assets reloaded before import = 0
Start importing Assets/Assets/Tilesetv3_362.asset using Guid(4024ce141f9945844b4b282985ef6780) Importer(815301076,1909f56bfc062723c751e8b465ee728b)  -> (artifact id: '244f0e027381c693be9f1c30ea0950bf') in 0.012391 seconds 
Number of asset objects unloaded after import = 3
========================================================================
Received Import Request.
  Time since last request: 0.000020 seconds.
  path: Assets/Assets/Tilesetv3_379.asset
  artifactKey: Guid(3d6403b816c2a1443838f833ce019847) Importer(815301076,1909f56bfc062723c751e8b465ee728b)
Number of updated assets reloaded before import = 0
Start importing Assets/Assets/Tilesetv3_379.asset using Guid(3d6403b816c2a1443838f833ce019847) Importer(815301076,1909f56bfc062723c751e8b465ee728b)  -> (artifact id: 'f96d34c34f52662d06ab5997008374a6') in 0.005213 seconds 
Number of asset objects unloaded after import = 3
========================================================================
Received Import Request.
  Time since last request: 0.000017 seconds.
  path: Assets/Assets/Tilesetv3_343.asset
  artifactKey: Guid(960341e3190e0d04692a5daeba2b600c) Importer(815301076,1909f56bfc062723c751e8b465ee728b)
Number of updated assets reloaded before import = 0
Start importing Assets/Assets/Tilesetv3_343.asset using Guid(960341e3190e0d04692a5daeba2b600c) Importer(815301076,1909f56bfc062723c751e8b465ee728b)  -> (artifact id: '53f4df8d786f3f67c22c941656491bd6') in 0.011980 seconds 
Number of asset objects unloaded after import = 3
========================================================================
Received Import Request.
  Time since last request: 0.000014 seconds.
  path: Assets/Assets/Tilesetv3_365.asset
  artifactKey: Guid(204f68b6712efb746901a5dfb20fecad) Importer(815301076,1909f56bfc062723c751e8b465ee728b)
Number of updated assets reloaded before import = 0
Start importing Assets/Assets/Tilesetv3_365.asset using Guid(204f68b6712efb746901a5dfb20fecad) Importer(815301076,1909f56bfc062723c751e8b465ee728b)  -> (artifact id: '4875593a4e5839aa5c72075553779bee') in 0.011190 seconds 
Number of asset objects unloaded after import = 3
========================================================================
Received Import Request.
  Time since last request: 0.000019 seconds.
  path: Assets/Assets/Tilesetv3_360.asset
  artifactKey: Guid(dc3a98906f52e2940ada702fd573a07c) Importer(815301076,1909f56bfc062723c751e8b465ee728b)
Number of updated assets reloaded before import = 0
Start importing Assets/Assets/Tilesetv3_360.asset using Guid(dc3a98906f52e2940ada702fd573a07c) Importer(815301076,1909f56bfc062723c751e8b465ee728b)  -> (artifact id: '7f2a01f1343371d2b9d203a1fd26bc51') in 0.014336 seconds 
Number of asset objects unloaded after import = 3
========================================================================
Received Import Request.
  Time since last request: 0.000016 seconds.
  path: Assets/Assets/Tilesetv3_372.asset
  artifactKey: Guid(8707848449bf81f45b8dcdedede31b0d) Importer(815301076,1909f56bfc062723c751e8b465ee728b)
Number of updated assets reloaded before import = 0
Start importing Assets/Assets/Tilesetv3_372.asset using Guid(8707848449bf81f45b8dcdedede31b0d) Importer(815301076,1909f56bfc062723c751e8b465ee728b)  -> (artifact id: '32ac6394d0cabb09b9662df252e0bc8f') in 0.014420 seconds 
Number of asset objects unloaded after import = 3
========================================================================
Received Import Request.
  Time since last request: 0.000024 seconds.
  path: Assets/Assets/Tilesetv3_341.asset
  artifactKey: Guid(1ab03b8ee765e654eabb94b24af429ba) Importer(815301076,1909f56bfc062723c751e8b465ee728b)
Number of updated assets reloaded before import = 0
Start importing Assets/Assets/Tilesetv3_341.asset using Guid(1ab03b8ee765e654eabb94b24af429ba) Importer(815301076,1909f56bfc062723c751e8b465ee728b)  -> (artifact id: 'b9d188ac238fae2f8d56d0617d398b57') in 0.013070 seconds 
Number of asset objects unloaded after import = 3
========================================================================
Received Import Request.
  Time since last request: 0.000019 seconds.
  path: Assets/Assets/Tilesetv3_380.asset
  artifactKey: Guid(c8d2e02c4a698984eba11b9e71921125) Importer(815301076,1909f56bfc062723c751e8b465ee728b)
Number of updated assets reloaded before import = 0
Start importing Assets/Assets/Tilesetv3_380.asset using Guid(c8d2e02c4a698984eba11b9e71921125) Importer(815301076,1909f56bfc062723c751e8b465ee728b)  -> (artifact id: '704947c560d862480f481e068b2ba1e6') in 0.005481 seconds 
Number of asset objects unloaded after import = 3
========================================================================
Received Import Request.
  Time since last request: 0.000031 seconds.
  path: Assets/Assets/Tilesetv3_349.asset
  artifactKey: Guid(a47ab65614702c04c842311a6ce905ed) Importer(815301076,1909f56bfc062723c751e8b465ee728b)
Number of updated assets reloaded before import = 0
Start importing Assets/Assets/Tilesetv3_349.asset using Guid(a47ab65614702c04c842311a6ce905ed) Importer(815301076,1909f56bfc062723c751e8b465ee728b)  -> (artifact id: '76fe10d8ddcfa56c448a14f953d4a7e8') in 0.008878 seconds 
Number of asset objects unloaded after import = 3
========================================================================
Received Import Request.
  Time since last request: 0.000015 seconds.
  path: Assets/Assets/Tilesetv3_342.asset
  artifactKey: Guid(1e1917b96d3400049b02f71dd4beeb0f) Importer(815301076,1909f56bfc062723c751e8b465ee728b)
Number of updated assets reloaded before import = 0
Start importing Assets/Assets/Tilesetv3_342.asset using Guid(1e1917b96d3400049b02f71dd4beeb0f) Importer(815301076,1909f56bfc062723c751e8b465ee728b)  -> (artifact id: 'd07f57315c958f555e57ed9ab57d9e49') in 0.005655 seconds 
Number of asset objects unloaded after import = 3
========================================================================
Received Import Request.
  Time since last request: 0.000019 seconds.
  path: Assets/Assets/Tilesetv3_368.asset
  artifactKey: Guid(5627668cca8777547bf1d421cdc361a7) Importer(815301076,1909f56bfc062723c751e8b465ee728b)
Number of updated assets reloaded before import = 0
Start importing Assets/Assets/Tilesetv3_368.asset using Guid(5627668cca8777547bf1d421cdc361a7) Importer(815301076,1909f56bfc062723c751e8b465ee728b)  -> (artifact id: '5bed381f1216fbaed92e7ca09b90cdfb') in 0.007383 seconds 
Number of asset objects unloaded after import = 3
========================================================================
Received Import Request.
  Time since last request: 0.000028 seconds.
  path: Assets/Assets/Tilesetv3_367.asset
  artifactKey: Guid(2154a245a76cde54692057e8ad7001d6) Importer(815301076,1909f56bfc062723c751e8b465ee728b)
Number of updated assets reloaded before import = 0
Start importing Assets/Assets/Tilesetv3_367.asset using Guid(2154a245a76cde54692057e8ad7001d6) Importer(815301076,1909f56bfc062723c751e8b465ee728b)  -> (artifact id: 'd4a078f8d38be2308009115ec33ad41e') in 0.012282 seconds 
Number of asset objects unloaded after import = 3
========================================================================
Received Import Request.
  Time since last request: 0.000055 seconds.
  path: Assets/Assets/Tilesetv3_350.asset
  artifactKey: Guid(1c8060e9197bc7447b547091ead0e073) Importer(815301076,1909f56bfc062723c751e8b465ee728b)
Number of updated assets reloaded before import = 0
Start importing Assets/Assets/Tilesetv3_350.asset using Guid(1c8060e9197bc7447b547091ead0e073) Importer(815301076,1909f56bfc062723c751e8b465ee728b)  -> (artifact id: '8731bcb5abc7fd0c3de540d4c3d31811') in 0.013809 seconds 
Number of asset objects unloaded after import = 3
========================================================================
Received Import Request.
  Time since last request: 0.000019 seconds.
  path: Assets/Assets/Tilesetv3_351.asset
  artifactKey: Guid(ad90df50c5f697942acc52b7f435d743) Importer(815301076,1909f56bfc062723c751e8b465ee728b)
Number of updated assets reloaded before import = 0
Start importing Assets/Assets/Tilesetv3_351.asset using Guid(ad90df50c5f697942acc52b7f435d743) Importer(815301076,1909f56bfc062723c751e8b465ee728b)  -> (artifact id: '444a558143560043460432415b3ed411') in 0.010787 seconds 
Number of asset objects unloaded after import = 3
========================================================================
Received Import Request.
  Time since last request: 0.000022 seconds.
  path: Assets/Assets/Tilesetv3_364.asset
  artifactKey: Guid(2ea1495df20f3a7469d773d9e6f2949c) Importer(815301076,1909f56bfc062723c751e8b465ee728b)
Number of updated assets reloaded before import = 0
Start importing Assets/Assets/Tilesetv3_364.asset using Guid(2ea1495df20f3a7469d773d9e6f2949c) Importer(815301076,1909f56bfc062723c751e8b465ee728b)  -> (artifact id: '73bb6122a326ab0a96a49bc82e9ff638') in 0.012466 seconds 
Number of asset objects unloaded after import = 3
========================================================================
Received Import Request.
  Time since last request: 0.000018 seconds.
  path: Assets/Assets/Tilesetv3_338.asset
  artifactKey: Guid(d064faefde1807c43bb8085de6538647) Importer(815301076,1909f56bfc062723c751e8b465ee728b)
Number of updated assets reloaded before import = 0
Start importing Assets/Assets/Tilesetv3_338.asset using Guid(d064faefde1807c43bb8085de6538647) Importer(815301076,1909f56bfc062723c751e8b465ee728b)  -> (artifact id: '68c6be01a771edb0837285963ccdfbe8') in 0.012143 seconds 
Number of asset objects unloaded after import = 3
========================================================================
Received Import Request.
  Time since last request: 0.000018 seconds.
  path: Assets/Assets/Tilesetv3_369.asset
  artifactKey: Guid(bbc407bc973f5cd44aadffd258ec3e09) Importer(815301076,1909f56bfc062723c751e8b465ee728b)
Number of updated assets reloaded before import = 0
Start importing Assets/Assets/Tilesetv3_369.asset using Guid(bbc407bc973f5cd44aadffd258ec3e09) Importer(815301076,1909f56bfc062723c751e8b465ee728b)  -> (artifact id: 'da9e1950992cb0e698f3f7cc0ac6c369') in 0.010570 seconds 
Number of asset objects unloaded after import = 3
========================================================================
Received Import Request.
  Time since last request: 0.000017 seconds.
  path: Assets/Assets/Tilesetv3_376.asset
  artifactKey: Guid(9703ffe741cc61a42b28b216a48c7a97) Importer(815301076,1909f56bfc062723c751e8b465ee728b)
Number of updated assets reloaded before import = 0
Start importing Assets/Assets/Tilesetv3_376.asset using Guid(9703ffe741cc61a42b28b216a48c7a97) Importer(815301076,1909f56bfc062723c751e8b465ee728b)  -> (artifact id: '450a1c6f1e97afea9383ba9dff4e2eb0') in 0.005330 seconds 
Number of asset objects unloaded after import = 3
========================================================================
Received Import Request.
  Time since last request: 0.000017 seconds.
  path: Assets/Assets/Tilesetv3_373.asset
  artifactKey: Guid(724bb2c23124b494fb1029d907892761) Importer(815301076,1909f56bfc062723c751e8b465ee728b)
Number of updated assets reloaded before import = 0
Start importing Assets/Assets/Tilesetv3_373.asset using Guid(724bb2c23124b494fb1029d907892761) Importer(815301076,1909f56bfc062723c751e8b465ee728b)  -> (artifact id: '67bbbb625962376b1103b7601be16e5b') in 0.012060 seconds 
Number of asset objects unloaded after import = 3
========================================================================
Received Import Request.
  Time since last request: 0.000018 seconds.
  path: Assets/Assets/Tilesetv3_363.asset
  artifactKey: Guid(1883fbdf3fb21c748a6f979ad44cb5e7) Importer(815301076,1909f56bfc062723c751e8b465ee728b)
Number of updated assets reloaded before import = 0
Start importing Assets/Assets/Tilesetv3_363.asset using Guid(1883fbdf3fb21c748a6f979ad44cb5e7) Importer(815301076,1909f56bfc062723c751e8b465ee728b)  -> (artifact id: '387cbe6162eed9dafd183b141c80832d') in 0.012829 seconds 
Number of asset objects unloaded after import = 3
========================================================================
Received Import Request.
  Time since last request: 0.056070 seconds.
  path: Assets/Assets/Tilesetv3_383.asset
  artifactKey: Guid(75119359db55f31428a5ea463b50eb4f) Importer(815301076,1909f56bfc062723c751e8b465ee728b)
Number of updated assets reloaded before import = 0
Start importing Assets/Assets/Tilesetv3_383.asset using Guid(75119359db55f31428a5ea463b50eb4f) Importer(815301076,1909f56bfc062723c751e8b465ee728b)  -> (artifact id: 'b9bdfb3704b6439199453d0a8d83b1fa') in 0.013377 seconds 
Number of asset objects unloaded after import = 3
========================================================================
Received Import Request.
  Time since last request: 0.000018 seconds.
  path: Assets/Assets/Tilesetv3_394.asset
  artifactKey: Guid(a3d26050279daae408b51d0dc365c9d1) Importer(815301076,1909f56bfc062723c751e8b465ee728b)
Number of updated assets reloaded before import = 0
Start importing Assets/Assets/Tilesetv3_394.asset using Guid(a3d26050279daae408b51d0dc365c9d1) Importer(815301076,1909f56bfc062723c751e8b465ee728b)  -> (artifact id: '7a04354d43159c26ebc93bc4c8d7d804') in 0.005406 seconds 
Number of asset objects unloaded after import = 3
========================================================================
Received Import Request.
  Time since last request: 0.000021 seconds.
  path: Assets/Assets/Tilesetv3_388.asset
  artifactKey: Guid(1daa0ddd3fee78a4bb352fc77c7492bf) Importer(815301076,1909f56bfc062723c751e8b465ee728b)
Number of updated assets reloaded before import = 0
Start importing Assets/Assets/Tilesetv3_388.asset using Guid(1daa0ddd3fee78a4bb352fc77c7492bf) Importer(815301076,1909f56bfc062723c751e8b465ee728b)  -> (artifact id: '7d6e8ce9d9f04a5533467f20245b4071') in 0.012421 seconds 
Number of asset objects unloaded after import = 3
========================================================================
Received Import Request.
  Time since last request: 0.000019 seconds.
  path: Assets/Assets/Tilesetv3_405.asset
  artifactKey: Guid(2fca0b73449178f419967c34c5aca8de) Importer(815301076,1909f56bfc062723c751e8b465ee728b)
Number of updated assets reloaded before import = 0
Start importing Assets/Assets/Tilesetv3_405.asset using Guid(2fca0b73449178f419967c34c5aca8de) Importer(815301076,1909f56bfc062723c751e8b465ee728b)  -> (artifact id: 'bd23e567d7406fe37927ee9b26ddee53') in 0.008628 seconds 
Number of asset objects unloaded after import = 3
========================================================================
Received Import Request.
  Time since last request: 0.000026 seconds.
  path: Assets/Assets/Tilesetv3_406.asset
  artifactKey: Guid(1d4bc5f299b9d8f4e979cca7926cbe1b) Importer(815301076,1909f56bfc062723c751e8b465ee728b)
Number of updated assets reloaded before import = 0
Start importing Assets/Assets/Tilesetv3_406.asset using Guid(1d4bc5f299b9d8f4e979cca7926cbe1b) Importer(815301076,1909f56bfc062723c751e8b465ee728b)  -> (artifact id: '58151ac24331b554d36e6e3c5b5dc012') in 0.004245 seconds 
Number of asset objects unloaded after import = 3
========================================================================
Received Import Request.
  Time since last request: 0.000016 seconds.
  path: Assets/Assets/Tilesetv3_387.asset
  artifactKey: Guid(b367825f2e2fee141ae60c8cbecfba30) Importer(815301076,1909f56bfc062723c751e8b465ee728b)
Number of updated assets reloaded before import = 0
Start importing Assets/Assets/Tilesetv3_387.asset using Guid(b367825f2e2fee141ae60c8cbecfba30) Importer(815301076,1909f56bfc062723c751e8b465ee728b)  -> (artifact id: '95b43fb58cbdced8bf3be80c8dc132af') in 0.009214 seconds 
Number of asset objects unloaded after import = 3
========================================================================
Received Import Request.
  Time since last request: 0.000015 seconds.
  path: Assets/Assets/Tilesetv3_411.asset
  artifactKey: Guid(0271edc2a7e8c7e4197f1f685f83ab48) Importer(815301076,1909f56bfc062723c751e8b465ee728b)
Number of updated assets reloaded before import = 0
Start importing Assets/Assets/Tilesetv3_411.asset using Guid(0271edc2a7e8c7e4197f1f685f83ab48) Importer(815301076,1909f56bfc062723c751e8b465ee728b)  -> (artifact id: 'c996814764a7330f41cb17a01784107d') in 0.004329 seconds 
Number of asset objects unloaded after import = 3
========================================================================
Received Import Request.
  Time since last request: 0.000015 seconds.
  path: Assets/Assets/Tilesetv3_416.asset
  artifactKey: Guid(fedd9b603ffe8564c8bd61ef47b6e9aa) Importer(815301076,1909f56bfc062723c751e8b465ee728b)
Number of updated assets reloaded before import = 0
Start importing Assets/Assets/Tilesetv3_416.asset using Guid(fedd9b603ffe8564c8bd61ef47b6e9aa) Importer(815301076,1909f56bfc062723c751e8b465ee728b)  -> (artifact id: '4e097e9b04eee8e0b83e689d8e492f33') in 0.008809 seconds 
Number of asset objects unloaded after import = 3
========================================================================
Received Import Request.
  Time since last request: 0.000017 seconds.
  path: Assets/Assets/Tilesetv3_421.asset
  artifactKey: Guid(4fb6766b835eb5543a077120ec4f8960) Importer(815301076,1909f56bfc062723c751e8b465ee728b)
Number of updated assets reloaded before import = 0
Start importing Assets/Assets/Tilesetv3_421.asset using Guid(4fb6766b835eb5543a077120ec4f8960) Importer(815301076,1909f56bfc062723c751e8b465ee728b)  -> (artifact id: 'e3c053492bd46f54a548f93b649dea78') in 0.010963 seconds 
Number of asset objects unloaded after import = 3
========================================================================
Received Import Request.
  Time since last request: 0.000017 seconds.
  path: Assets/Assets/Tilesetv3_425.asset
  artifactKey: Guid(4e415c75c038f6c4f9a67c5a450d5c9e) Importer(815301076,1909f56bfc062723c751e8b465ee728b)
Number of updated assets reloaded before import = 0
Start importing Assets/Assets/Tilesetv3_425.asset using Guid(4e415c75c038f6c4f9a67c5a450d5c9e) Importer(815301076,1909f56bfc062723c751e8b465ee728b)  -> (artifact id: '84ad93de72b77546a9c0cb882f2b7f15') in 0.008486 seconds 
Number of asset objects unloaded after import = 3
========================================================================
Received Import Request.
  Time since last request: 0.000015 seconds.
  path: Assets/Assets/Tilesetv3_422.asset
  artifactKey: Guid(15dfee5f9625a5c4aa2467f3b654f0ba) Importer(815301076,1909f56bfc062723c751e8b465ee728b)
Number of updated assets reloaded before import = 0
Start importing Assets/Assets/Tilesetv3_422.asset using Guid(15dfee5f9625a5c4aa2467f3b654f0ba) Importer(815301076,1909f56bfc062723c751e8b465ee728b)  -> (artifact id: '059e8ba217121fdbfa26a0baf6ead492') in 0.005155 seconds 
Number of asset objects unloaded after import = 3
========================================================================
Received Import Request.
  Time since last request: 0.000015 seconds.
  path: Assets/Assets/Tilesetv3_395.asset
  artifactKey: Guid(883965ebf439fde43a175954f679d7eb) Importer(815301076,1909f56bfc062723c751e8b465ee728b)
Number of updated assets reloaded before import = 0
Start importing Assets/Assets/Tilesetv3_395.asset using Guid(883965ebf439fde43a175954f679d7eb) Importer(815301076,1909f56bfc062723c751e8b465ee728b)  -> (artifact id: '0571668c39c2f9f7389c9a89a80df894') in 0.013777 seconds 
Number of asset objects unloaded after import = 3
========================================================================
Received Import Request.
  Time since last request: 0.000016 seconds.
  path: Assets/Assets/Tilesetv3_430.asset
  artifactKey: Guid(dcf896a9c1c35974cbb6c2f8031bb98f) Importer(815301076,1909f56bfc062723c751e8b465ee728b)
Number of updated assets reloaded before import = 0
Start importing Assets/Assets/Tilesetv3_430.asset using Guid(dcf896a9c1c35974cbb6c2f8031bb98f) Importer(815301076,1909f56bfc062723c751e8b465ee728b)  -> (artifact id: '7311b4cf3a12113f09774049b6f2b7dd') in 0.009995 seconds 
Number of asset objects unloaded after import = 3
========================================================================
Received Import Request.
  Time since last request: 0.000017 seconds.
  path: Assets/Assets/Tilesetv3_404.asset
  artifactKey: Guid(8621c82e0aa36c841a01d77397efa015) Importer(815301076,1909f56bfc062723c751e8b465ee728b)
Number of updated assets reloaded before import = 0
Start importing Assets/Assets/Tilesetv3_404.asset using Guid(8621c82e0aa36c841a01d77397efa015) Importer(815301076,1909f56bfc062723c751e8b465ee728b)  -> (artifact id: '39c00b21c194db25382e425033de9977') in 0.005052 seconds 
Number of asset objects unloaded after import = 3
========================================================================
Received Import Request.
  Time since last request: 0.000015 seconds.
  path: Assets/Assets/Tilesetv3_429.asset
  artifactKey: Guid(b3c70bcab8b79c049ae214450cc96e92) Importer(815301076,1909f56bfc062723c751e8b465ee728b)
Number of updated assets reloaded before import = 0
Start importing Assets/Assets/Tilesetv3_429.asset using Guid(b3c70bcab8b79c049ae214450cc96e92) Importer(815301076,1909f56bfc062723c751e8b465ee728b)  -> (artifact id: '08e9c8518502ec4f6d0d9c255f42611e') in 0.005130 seconds 
Number of asset objects unloaded after import = 3
========================================================================
Received Import Request.
  Time since last request: 0.000017 seconds.
  path: Assets/Assets/Tilesetv3_418.asset
  artifactKey: Guid(838e0333b10085a4e80de5d884c94b57) Importer(815301076,1909f56bfc062723c751e8b465ee728b)
Number of updated assets reloaded before import = 0
Start importing Assets/Assets/Tilesetv3_418.asset using Guid(838e0333b10085a4e80de5d884c94b57) Importer(815301076,1909f56bfc062723c751e8b465ee728b)  -> (artifact id: '673773b1d67d16bea638e9a4a2b7d3ce') in 0.007611 seconds 
Number of asset objects unloaded after import = 3
========================================================================
Received Import Request.
  Time since last request: 0.000016 seconds.
  path: Assets/Assets/Tilesetv3_417.asset
  artifactKey: Guid(beb0c565eae111e4babcc55a43b8374a) Importer(815301076,1909f56bfc062723c751e8b465ee728b)
Number of updated assets reloaded before import = 0
Start importing Assets/Assets/Tilesetv3_417.asset using Guid(beb0c565eae111e4babcc55a43b8374a) Importer(815301076,1909f56bfc062723c751e8b465ee728b)  -> (artifact id: '8bed8917fd29ef86786d6fc75ba0c52f') in 0.004353 seconds 
Number of asset objects unloaded after import = 3
========================================================================
Received Import Request.
  Time since last request: 0.000015 seconds.
  path: Assets/Assets/Tilesetv3_393.asset
  artifactKey: Guid(a1757f33b73cc0f47987baca10f4c6c8) Importer(815301076,1909f56bfc062723c751e8b465ee728b)
Number of updated assets reloaded before import = 0
Start importing Assets/Assets/Tilesetv3_393.asset using Guid(a1757f33b73cc0f47987baca10f4c6c8) Importer(815301076,1909f56bfc062723c751e8b465ee728b)  -> (artifact id: 'aab909c61ad513c9addf38ede93ad171') in 0.003834 seconds 
Number of asset objects unloaded after import = 3
========================================================================
Received Import Request.
  Time since last request: 0.000014 seconds.
  path: Assets/Assets/Tilesetv3_420.asset
  artifactKey: Guid(854d4ee42a8f85b48a6076f1f1197485) Importer(815301076,1909f56bfc062723c751e8b465ee728b)
Number of updated assets reloaded before import = 0
Start importing Assets/Assets/Tilesetv3_420.asset using Guid(854d4ee42a8f85b48a6076f1f1197485) Importer(815301076,1909f56bfc062723c751e8b465ee728b)  -> (artifact id: '149c66631f39b5ba197472cd8bdcd1cb') in 0.010076 seconds 
Number of asset objects unloaded after import = 3
========================================================================
Received Import Request.
  Time since last request: 0.000022 seconds.
  path: Assets/Assets/Tilesetv3_423.asset
  artifactKey: Guid(0022585c6f75a944aa2fa69abb8993e3) Importer(815301076,1909f56bfc062723c751e8b465ee728b)
Number of updated assets reloaded before import = 0
Start importing Assets/Assets/Tilesetv3_423.asset using Guid(0022585c6f75a944aa2fa69abb8993e3) Importer(815301076,1909f56bfc062723c751e8b465ee728b)  -> (artifact id: 'cb111c1f21c45bdb9533b75aa3e1f1c9') in 0.012852 seconds 
Number of asset objects unloaded after import = 3
========================================================================
Received Import Request.
  Time since last request: 0.000018 seconds.
  path: Assets/Assets/Tilesetv3_419.asset
  artifactKey: Guid(080729a04ec13fa4788215fb0d9c9e9f) Importer(815301076,1909f56bfc062723c751e8b465ee728b)
Number of updated assets reloaded before import = 0
Start importing Assets/Assets/Tilesetv3_419.asset using Guid(080729a04ec13fa4788215fb0d9c9e9f) Importer(815301076,1909f56bfc062723c751e8b465ee728b)  -> (artifact id: '1745e820bb3747d283ded3dc3ab5c099') in 0.011457 seconds 
Number of asset objects unloaded after import = 3
========================================================================
Received Import Request.
  Time since last request: 0.000019 seconds.
  path: Assets/Assets/Tilesetv3_426.asset
  artifactKey: Guid(3247598f60d4a9e48959cd692e9207c5) Importer(815301076,1909f56bfc062723c751e8b465ee728b)
Number of updated assets reloaded before import = 0
Start importing Assets/Assets/Tilesetv3_426.asset using Guid(3247598f60d4a9e48959cd692e9207c5) Importer(815301076,1909f56bfc062723c751e8b465ee728b)  -> (artifact id: 'bc29b120ee8b154f1a697a69c251c35f') in 0.011818 seconds 
Number of asset objects unloaded after import = 3
========================================================================
Received Import Request.
  Time since last request: 0.000022 seconds.
  path: Assets/Assets/Tilesetv3_397.asset
  artifactKey: Guid(4d707d2ba300a51488a0f449c51d7edb) Importer(815301076,1909f56bfc062723c751e8b465ee728b)
Number of updated assets reloaded before import = 0
Start importing Assets/Assets/Tilesetv3_397.asset using Guid(4d707d2ba300a51488a0f449c51d7edb) Importer(815301076,1909f56bfc062723c751e8b465ee728b)  -> (artifact id: 'e64f9f1bcffdb2f5665174be5da3f147') in 0.010644 seconds 
Number of asset objects unloaded after import = 3
========================================================================
Received Import Request.
  Time since last request: 0.096667 seconds.
  path: Assets/Assets/Tilesetv3_431.asset
  artifactKey: Guid(d27248f1f98a0ba41a3e6ebf3daf74ce) Importer(815301076,1909f56bfc062723c751e8b465ee728b)
Number of updated assets reloaded before import = 0
Start importing Assets/Assets/Tilesetv3_431.asset using Guid(d27248f1f98a0ba41a3e6ebf3daf74ce) Importer(815301076,1909f56bfc062723c751e8b465ee728b)  -> (artifact id: '5c1451bf54fc58641afa6a0df37e821f') in 0.014053 seconds 
Number of asset objects unloaded after import = 3
========================================================================
Received Import Request.
  Time since last request: 0.000015 seconds.
  path: Assets/Assets/Tilesetv3_436.asset
  artifactKey: Guid(e2e0abfb13803714594992be41ba9aa3) Importer(815301076,1909f56bfc062723c751e8b465ee728b)
Number of updated assets reloaded before import = 0
Start importing Assets/Assets/Tilesetv3_436.asset using Guid(e2e0abfb13803714594992be41ba9aa3) Importer(815301076,1909f56bfc062723c751e8b465ee728b)  -> (artifact id: 'fb83c166960e7d4f868881bf4d2066f6') in 0.004971 seconds 
Number of asset objects unloaded after import = 3
========================================================================
Received Import Request.
  Time since last request: 0.000018 seconds.
  path: Assets/Assets/Tilesetv3_440.asset
  artifactKey: Guid(c21dd7fd8711f8f47853a50edf9a92d7) Importer(815301076,1909f56bfc062723c751e8b465ee728b)
Number of updated assets reloaded before import = 0
Start importing Assets/Assets/Tilesetv3_440.asset using Guid(c21dd7fd8711f8f47853a50edf9a92d7) Importer(815301076,1909f56bfc062723c751e8b465ee728b)  -> (artifact id: '06a599aea77939340fd310d172eb7529') in 0.014129 seconds 
Number of asset objects unloaded after import = 3
========================================================================
Received Import Request.
  Time since last request: 0.000018 seconds.
  path: Assets/Assets/Tilesetv3_442.asset
  artifactKey: Guid(5409449aa3461854e9ca2b90df694ce3) Importer(815301076,1909f56bfc062723c751e8b465ee728b)
Number of updated assets reloaded before import = 0
Start importing Assets/Assets/Tilesetv3_442.asset using Guid(5409449aa3461854e9ca2b90df694ce3) Importer(815301076,1909f56bfc062723c751e8b465ee728b)  -> (artifact id: '3b26abe3a94326c76617f737d3fe7c6f') in 0.010934 seconds 
Number of asset objects unloaded after import = 3
========================================================================
Received Import Request.
  Time since last request: 0.000022 seconds.
  path: Assets/Assets/Tilesetv3_458.asset
  artifactKey: Guid(91af1d10e7dd35e429641b735cae57b6) Importer(815301076,1909f56bfc062723c751e8b465ee728b)
Number of updated assets reloaded before import = 0
Start importing Assets/Assets/Tilesetv3_458.asset using Guid(91af1d10e7dd35e429641b735cae57b6) Importer(815301076,1909f56bfc062723c751e8b465ee728b)  -> (artifact id: '75365783cf6046a11eaa81da87081001') in 0.013258 seconds 
Number of asset objects unloaded after import = 3
========================================================================
Received Import Request.
  Time since last request: 0.000022 seconds.
  path: Assets/Assets/Tilesetv3_462.asset
  artifactKey: Guid(f1c8661f770a3e64bb0ba68f234fe6a9) Importer(815301076,1909f56bfc062723c751e8b465ee728b)
Number of updated assets reloaded before import = 0
Start importing Assets/Assets/Tilesetv3_462.asset using Guid(f1c8661f770a3e64bb0ba68f234fe6a9) Importer(815301076,1909f56bfc062723c751e8b465ee728b)  -> (artifact id: 'fa5dacbc912fb3f5ac834537cdf3ee93') in 0.011026 seconds 
Number of asset objects unloaded after import = 3
========================================================================
Received Import Request.
  Time since last request: 0.000016 seconds.
  path: Assets/Assets/Tilesetv3_465.asset
  artifactKey: Guid(7fa89d5cc5ed4b74f8eb1ceb9ec99fba) Importer(815301076,1909f56bfc062723c751e8b465ee728b)
Number of updated assets reloaded before import = 0
Start importing Assets/Assets/Tilesetv3_465.asset using Guid(7fa89d5cc5ed4b74f8eb1ceb9ec99fba) Importer(815301076,1909f56bfc062723c751e8b465ee728b)  -> (artifact id: 'ba24ba091085d774272927f1c2a965d3') in 0.004517 seconds 
Number of asset objects unloaded after import = 3
========================================================================
Received Import Request.
  Time since last request: 0.000021 seconds.
  path: Assets/Assets/Tilesetv3_453.asset
  artifactKey: Guid(c467085f2f08ce34f9688251df95a536) Importer(815301076,1909f56bfc062723c751e8b465ee728b)
Number of updated assets reloaded before import = 0
Start importing Assets/Assets/Tilesetv3_453.asset using Guid(c467085f2f08ce34f9688251df95a536) Importer(815301076,1909f56bfc062723c751e8b465ee728b)  -> (artifact id: '2fb040f16cc4a4c5256533470ad7b832') in 0.010619 seconds 
Number of asset objects unloaded after import = 3
========================================================================
Received Import Request.
  Time since last request: 0.000016 seconds.
  path: Assets/Assets/Tilesetv3_449.asset
  artifactKey: Guid(06870d2255f441c4abba978b7b8beb94) Importer(815301076,1909f56bfc062723c751e8b465ee728b)
Number of updated assets reloaded before import = 0
Start importing Assets/Assets/Tilesetv3_449.asset using Guid(06870d2255f441c4abba978b7b8beb94) Importer(815301076,1909f56bfc062723c751e8b465ee728b)  -> (artifact id: '684d80d39688c3ad1ae8d7e13e081f65') in 0.009122 seconds 
Number of asset objects unloaded after import = 3
========================================================================
Received Import Request.
  Time since last request: 0.000018 seconds.
  path: Assets/Assets/Tilesetv3_461.asset
  artifactKey: Guid(53b11190ed63b124aa3a1ce730849f2a) Importer(815301076,1909f56bfc062723c751e8b465ee728b)
Number of updated assets reloaded before import = 0
Start importing Assets/Assets/Tilesetv3_461.asset using Guid(53b11190ed63b124aa3a1ce730849f2a) Importer(815301076,1909f56bfc062723c751e8b465ee728b)  -> (artifact id: 'fb7da99c5ed10e62015667beb2c7f5be') in 0.010130 seconds 
Number of asset objects unloaded after import = 3
========================================================================
Received Import Request.
  Time since last request: 0.000017 seconds.
  path: Assets/Assets/Tilesetv3_454.asset
  artifactKey: Guid(3af3146400b6a994098f19dd4c9a2106) Importer(815301076,1909f56bfc062723c751e8b465ee728b)
Number of updated assets reloaded before import = 0
Start importing Assets/Assets/Tilesetv3_454.asset using Guid(3af3146400b6a994098f19dd4c9a2106) Importer(815301076,1909f56bfc062723c751e8b465ee728b)  -> (artifact id: '75b25f61486f51f085c4e36c644af77d') in 0.011012 seconds 
Number of asset objects unloaded after import = 3
========================================================================
Received Import Request.
  Time since last request: 0.000015 seconds.
  path: Assets/Assets/Tilesetv3_467.asset
  artifactKey: Guid(46572b9c0bb27874b8b036030f1d0224) Importer(815301076,1909f56bfc062723c751e8b465ee728b)
Number of updated assets reloaded before import = 0
Start importing Assets/Assets/Tilesetv3_467.asset using Guid(46572b9c0bb27874b8b036030f1d0224) Importer(815301076,1909f56bfc062723c751e8b465ee728b)  -> (artifact id: 'f19bf1409cdc74d278afad2b893e5144') in 0.012340 seconds 
Number of asset objects unloaded after import = 3
========================================================================
Received Import Request.
  Time since last request: 0.000018 seconds.
  path: Assets/Assets/Tilesetv3_477.asset
  artifactKey: Guid(85856c01bec9925458c5b1e71ab9bd8f) Importer(815301076,1909f56bfc062723c751e8b465ee728b)
Number of updated assets reloaded before import = 0
Start importing Assets/Assets/Tilesetv3_477.asset using Guid(85856c01bec9925458c5b1e71ab9bd8f) Importer(815301076,1909f56bfc062723c751e8b465ee728b)  -> (artifact id: '4b769ce9968cf0bc74def8d89a944d97') in 0.004755 seconds 
Number of asset objects unloaded after import = 3
========================================================================
Received Import Request.
  Time since last request: 0.000034 seconds.
  path: Assets/Assets/Tilesetv3_474.asset
  artifactKey: Guid(e5b12f5b34d170e4b9686686a158e71a) Importer(815301076,1909f56bfc062723c751e8b465ee728b)
Number of updated assets reloaded before import = 0
Start importing Assets/Assets/Tilesetv3_474.asset using Guid(e5b12f5b34d170e4b9686686a158e71a) Importer(815301076,1909f56bfc062723c751e8b465ee728b)  -> (artifact id: '5472f80028d72197a65e3d1a791422bc') in 0.012347 seconds 
Number of asset objects unloaded after import = 3
========================================================================
Received Import Request.
  Time since last request: 0.000013 seconds.
  path: Assets/Assets/Tilesetv3_455.asset
  artifactKey: Guid(d2b218feee4219645ad2d78e86a3b9a3) Importer(815301076,1909f56bfc062723c751e8b465ee728b)
Number of updated assets reloaded before import = 0
Start importing Assets/Assets/Tilesetv3_455.asset using Guid(d2b218feee4219645ad2d78e86a3b9a3) Importer(815301076,1909f56bfc062723c751e8b465ee728b)  -> (artifact id: '944b0a45a66b3e9f733ec760f9bb64e9') in 0.011881 seconds 
Number of asset objects unloaded after import = 3
========================================================================
Received Import Request.
  Time since last request: 0.000021 seconds.
  path: Assets/Assets/Tilesetv3_473.asset
  artifactKey: Guid(e78127af5bfebc44ab1f3e024a68184c) Importer(815301076,1909f56bfc062723c751e8b465ee728b)
Number of updated assets reloaded before import = 0
Start importing Assets/Assets/Tilesetv3_473.asset using Guid(e78127af5bfebc44ab1f3e024a68184c) Importer(815301076,1909f56bfc062723c751e8b465ee728b)  -> (artifact id: 'be88ac57789673030784237cd8113527') in 0.004724 seconds 
Number of asset objects unloaded after import = 3
========================================================================
Received Import Request.
  Time since last request: 0.000019 seconds.
  path: Assets/Assets/Tilesetv3_457.asset
  artifactKey: Guid(7088a8d4b2baa2d40b9216ae20d57a39) Importer(815301076,1909f56bfc062723c751e8b465ee728b)
Number of updated assets reloaded before import = 0
Start importing Assets/Assets/Tilesetv3_457.asset using Guid(7088a8d4b2baa2d40b9216ae20d57a39) Importer(815301076,1909f56bfc062723c751e8b465ee728b)  -> (artifact id: '60045319c92d0f112424676f27746441') in 0.012719 seconds 
Number of asset objects unloaded after import = 3
========================================================================
Received Import Request.
  Time since last request: 0.000019 seconds.
  path: Assets/Assets/Tilesetv3_433.asset
  artifactKey: Guid(6d259b6c1081ee14a8b0d1afd8f454c6) Importer(815301076,1909f56bfc062723c751e8b465ee728b)
Number of updated assets reloaded before import = 0
Start importing Assets/Assets/Tilesetv3_433.asset using Guid(6d259b6c1081ee14a8b0d1afd8f454c6) Importer(815301076,1909f56bfc062723c751e8b465ee728b)  -> (artifact id: '06e16df90e0b642b0fd7e05835a264aa') in 0.011706 seconds 
Number of asset objects unloaded after import = 3
========================================================================
Received Import Request.
  Time since last request: 0.000022 seconds.
  path: Assets/Assets/Tilesetv3_470.asset
  artifactKey: Guid(792616272138f8c40a7fbd6f79cf99b5) Importer(815301076,1909f56bfc062723c751e8b465ee728b)
Number of updated assets reloaded before import = 0
Start importing Assets/Assets/Tilesetv3_470.asset using Guid(792616272138f8c40a7fbd6f79cf99b5) Importer(815301076,1909f56bfc062723c751e8b465ee728b)  -> (artifact id: 'f095f8a00beee1f23b3a3fd1ac4c0e96') in 0.012265 seconds 
Number of asset objects unloaded after import = 3
========================================================================
Received Import Request.
  Time since last request: 0.000023 seconds.
  path: Assets/Assets/Tilesetv3_448.asset
  artifactKey: Guid(f6e8136880dd88a4aab1d4ca6e3496bd) Importer(815301076,1909f56bfc062723c751e8b465ee728b)
Number of updated assets reloaded before import = 0
Start importing Assets/Assets/Tilesetv3_448.asset using Guid(f6e8136880dd88a4aab1d4ca6e3496bd) Importer(815301076,1909f56bfc062723c751e8b465ee728b)  -> (artifact id: '01f7f63837d8921233ebc3d14f21c9e6') in 0.004447 seconds 
Number of asset objects unloaded after import = 3
========================================================================
Received Import Request.
  Time since last request: 0.000016 seconds.
  path: Assets/Assets/Tilesetv3_469.asset
  artifactKey: Guid(e45233db0bff18543acbdb528fffc7c7) Importer(815301076,1909f56bfc062723c751e8b465ee728b)
Number of updated assets reloaded before import = 0
Start importing Assets/Assets/Tilesetv3_469.asset using Guid(e45233db0bff18543acbdb528fffc7c7) Importer(815301076,1909f56bfc062723c751e8b465ee728b)  -> (artifact id: '2c92829f32758ed36bb31ec3436a9cec') in 0.004993 seconds 
Number of asset objects unloaded after import = 3
========================================================================
Received Import Request.
  Time since last request: 0.000017 seconds.
  path: Assets/Assets/Tilesetv3_463.asset
  artifactKey: Guid(84fe41dd69c0dd1499039e5f50dc9078) Importer(815301076,1909f56bfc062723c751e8b465ee728b)
Number of updated assets reloaded before import = 0
Start importing Assets/Assets/Tilesetv3_463.asset using Guid(84fe41dd69c0dd1499039e5f50dc9078) Importer(815301076,1909f56bfc062723c751e8b465ee728b)  -> (artifact id: '80d3b4a9d2cf5f66c2fe3d79eb6dd382') in 0.012424 seconds 
Number of asset objects unloaded after import = 3
========================================================================
Received Import Request.
  Time since last request: 0.000016 seconds.
  path: Assets/Assets/Tilesetv3_451.asset
  artifactKey: Guid(df125845d70b8014889bc89482723090) Importer(815301076,1909f56bfc062723c751e8b465ee728b)
Number of updated assets reloaded before import = 0
Start importing Assets/Assets/Tilesetv3_451.asset using Guid(df125845d70b8014889bc89482723090) Importer(815301076,1909f56bfc062723c751e8b465ee728b)  -> (artifact id: '7a9fee8ae4273fc0f28c0c3b915f8907') in 0.010175 seconds 
Number of asset objects unloaded after import = 3
========================================================================
Received Import Request.
  Time since last request: 0.000016 seconds.
  path: Assets/Assets/Tilesetv3_444.asset
  artifactKey: Guid(525ce9606b27cb34a904a5c2c265ca48) Importer(815301076,1909f56bfc062723c751e8b465ee728b)
Number of updated assets reloaded before import = 0
Start importing Assets/Assets/Tilesetv3_444.asset using Guid(525ce9606b27cb34a904a5c2c265ca48) Importer(815301076,1909f56bfc062723c751e8b465ee728b)  -> (artifact id: 'a81464b172afd52d2a44f13889c5f8f5') in 0.004677 seconds 
Number of asset objects unloaded after import = 3
========================================================================
Received Import Request.
  Time since last request: 0.066001 seconds.
  path: Assets/Assets/Tilesetv3_479.asset
  artifactKey: Guid(8ba2a7d2c96e7934ab99830585c12707) Importer(815301076,1909f56bfc062723c751e8b465ee728b)
Number of updated assets reloaded before import = 0
Start importing Assets/Assets/Tilesetv3_479.asset using Guid(8ba2a7d2c96e7934ab99830585c12707) Importer(815301076,1909f56bfc062723c751e8b465ee728b)  -> (artifact id: '40641066aab80534539e42a7477a9453') in 0.005493 seconds 
Number of asset objects unloaded after import = 3
========================================================================
Received Import Request.
  Time since last request: 0.000028 seconds.
  path: Assets/Assets/Tilesetv3_483.asset
  artifactKey: Guid(0c553421166499b40a6035345f4cb4f6) Importer(815301076,1909f56bfc062723c751e8b465ee728b)
Number of updated assets reloaded before import = 0
Start importing Assets/Assets/Tilesetv3_483.asset using Guid(0c553421166499b40a6035345f4cb4f6) Importer(815301076,1909f56bfc062723c751e8b465ee728b)  -> (artifact id: '0b93e3be2a745291b81ccd0c99b87fa6') in 0.011508 seconds 
Number of asset objects unloaded after import = 3
========================================================================
Received Import Request.
  Time since last request: 0.000022 seconds.
  path: Assets/Assets/Tilesetv3_490.asset
  artifactKey: Guid(fab875bcd022d5f40bd7bcdcd9bad9d6) Importer(815301076,1909f56bfc062723c751e8b465ee728b)
Number of updated assets reloaded before import = 0
Start importing Assets/Assets/Tilesetv3_490.asset using Guid(fab875bcd022d5f40bd7bcdcd9bad9d6) Importer(815301076,1909f56bfc062723c751e8b465ee728b)  -> (artifact id: 'c9550eb49ab9d19bc765c8c278ca3860') in 0.005807 seconds 
Number of asset objects unloaded after import = 3
========================================================================
Received Import Request.
  Time since last request: 0.000032 seconds.
  path: Assets/Assets/Tilesetv3_486.asset
  artifactKey: Guid(118ae930a4c279f49954c4882419e7fd) Importer(815301076,1909f56bfc062723c751e8b465ee728b)
Number of updated assets reloaded before import = 0
Start importing Assets/Assets/Tilesetv3_486.asset using Guid(118ae930a4c279f49954c4882419e7fd) Importer(815301076,1909f56bfc062723c751e8b465ee728b)  -> (artifact id: '0f91e23ce6f6e74236dc7b054303fa73') in 0.013060 seconds 
Number of asset objects unloaded after import = 3
========================================================================
Received Import Request.
  Time since last request: 0.000014 seconds.
  path: Assets/Assets/Tilesetv3_498.asset
  artifactKey: Guid(45e108cfd6618414c9094c4c12c9af16) Importer(815301076,1909f56bfc062723c751e8b465ee728b)
Number of updated assets reloaded before import = 0
Start importing Assets/Assets/Tilesetv3_498.asset using Guid(45e108cfd6618414c9094c4c12c9af16) Importer(815301076,1909f56bfc062723c751e8b465ee728b)  -> (artifact id: '45e9219a8d11f6ab2be5e1c9deebf7fb') in 0.005353 seconds 
Number of asset objects unloaded after import = 3
========================================================================
Received Import Request.
  Time since last request: 0.000019 seconds.
  path: Assets/Assets/Tilesetv3_499.asset
  artifactKey: Guid(7c776c3b7648d2040acf3a60a799eb06) Importer(815301076,1909f56bfc062723c751e8b465ee728b)
Number of updated assets reloaded before import = 0
Start importing Assets/Assets/Tilesetv3_499.asset using Guid(7c776c3b7648d2040acf3a60a799eb06) Importer(815301076,1909f56bfc062723c751e8b465ee728b)  -> (artifact id: 'ede1b1b27fbbd026909b0b887720bb91') in 0.005164 seconds 
Number of asset objects unloaded after import = 3
========================================================================
Received Import Request.
  Time since last request: 0.000024 seconds.
  path: Assets/Assets/Tilesetv3_504.asset
  artifactKey: Guid(639612e966c00ea4494f9ae84fac2083) Importer(815301076,1909f56bfc062723c751e8b465ee728b)
Number of updated assets reloaded before import = 0
Start importing Assets/Assets/Tilesetv3_504.asset using Guid(639612e966c00ea4494f9ae84fac2083) Importer(815301076,1909f56bfc062723c751e8b465ee728b)  -> (artifact id: 'b122aaa189d089a7b6e11ed842e84c6b') in 0.009798 seconds 
Number of asset objects unloaded after import = 3
========================================================================
Received Import Request.
  Time since last request: 0.000018 seconds.
  path: Assets/Assets/Tilesetv3_515.asset
  artifactKey: Guid(1ffbad447d48aee4ea036f1154212bde) Importer(815301076,1909f56bfc062723c751e8b465ee728b)
Number of updated assets reloaded before import = 0
Start importing Assets/Assets/Tilesetv3_515.asset using Guid(1ffbad447d48aee4ea036f1154212bde) Importer(815301076,1909f56bfc062723c751e8b465ee728b)  -> (artifact id: '0bf3c2cb5d15b6cd3b4855e841b8b199') in 0.004559 seconds 
Number of asset objects unloaded after import = 3
========================================================================
Received Import Request.
  Time since last request: 0.000025 seconds.
  path: Assets/Assets/Tilesetv3_520.asset
  artifactKey: Guid(0dfc26c821a92a148b036186fae976bf) Importer(815301076,1909f56bfc062723c751e8b465ee728b)
Number of updated assets reloaded before import = 0
Start importing Assets/Assets/Tilesetv3_520.asset using Guid(0dfc26c821a92a148b036186fae976bf) Importer(815301076,1909f56bfc062723c751e8b465ee728b)  -> (artifact id: '90f3dd34b1af079b36bb83354a1de267') in 0.011444 seconds 
Number of asset objects unloaded after import = 3
========================================================================
Received Import Request.
  Time since last request: 0.000016 seconds.
  path: Assets/Assets/Tilesetv3_519.asset
  artifactKey: Guid(97e9ed61f5cea524490455a01003675d) Importer(815301076,1909f56bfc062723c751e8b465ee728b)
Number of updated assets reloaded before import = 0
Start importing Assets/Assets/Tilesetv3_519.asset using Guid(97e9ed61f5cea524490455a01003675d) Importer(815301076,1909f56bfc062723c751e8b465ee728b)  -> (artifact id: '7192ac6347dc55056ea0d7b6f300cf15') in 0.009866 seconds 
Number of asset objects unloaded after import = 3
========================================================================
Received Import Request.
  Time since last request: 0.000019 seconds.
  path: Assets/Assets/Tilesetv3_508.asset
  artifactKey: Guid(abb67d1dc9d133043bcc1c3b13352716) Importer(815301076,1909f56bfc062723c751e8b465ee728b)
Number of updated assets reloaded before import = 0
Start importing Assets/Assets/Tilesetv3_508.asset using Guid(abb67d1dc9d133043bcc1c3b13352716) Importer(815301076,1909f56bfc062723c751e8b465ee728b)  -> (artifact id: '2c172c059492ff98ce2bf6a6bbe739d3') in 0.011995 seconds 
Number of asset objects unloaded after import = 3
========================================================================
Received Import Request.
  Time since last request: 0.000021 seconds.
  path: Assets/Assets/Tilesetv3_512.asset
  artifactKey: Guid(6784f9f1dd86ade42b3fdc4516f8f914) Importer(815301076,1909f56bfc062723c751e8b465ee728b)
Number of updated assets reloaded before import = 0
Start importing Assets/Assets/Tilesetv3_512.asset using Guid(6784f9f1dd86ade42b3fdc4516f8f914) Importer(815301076,1909f56bfc062723c751e8b465ee728b)  -> (artifact id: '33aadeb3257e0d6e93d75e5d9462362e') in 0.004765 seconds 
Number of asset objects unloaded after import = 3
========================================================================
Received Import Request.
  Time since last request: 0.000016 seconds.
  path: Assets/Assets/Tilesetv3_525.asset
  artifactKey: Guid(357e140679396eb40a2cfdb19b04120f) Importer(815301076,1909f56bfc062723c751e8b465ee728b)
Number of updated assets reloaded before import = 0
Start importing Assets/Assets/Tilesetv3_525.asset using Guid(357e140679396eb40a2cfdb19b04120f) Importer(815301076,1909f56bfc062723c751e8b465ee728b)  -> (artifact id: '3ae4a4fff6dc3ab37e79ae0c33553f60') in 0.013993 seconds 
Number of asset objects unloaded after import = 3
========================================================================
Received Import Request.
  Time since last request: 0.000013 seconds.
  path: Assets/Assets/Tilesetv3_517.asset
  artifactKey: Guid(07fe9d120215b124a8c8a95ba02feed2) Importer(815301076,1909f56bfc062723c751e8b465ee728b)
Number of updated assets reloaded before import = 0
Start importing Assets/Assets/Tilesetv3_517.asset using Guid(07fe9d120215b124a8c8a95ba02feed2) Importer(815301076,1909f56bfc062723c751e8b465ee728b)  -> (artifact id: '6aef5c65885dc28a1120f49db8cb3823') in 0.004325 seconds 
Number of asset objects unloaded after import = 3
========================================================================
Received Import Request.
  Time since last request: 0.000029 seconds.
  path: Assets/Assets/Tilesetv3_518.asset
  artifactKey: Guid(c136208c128bd6c47b656a4377b389d5) Importer(815301076,1909f56bfc062723c751e8b465ee728b)
Number of updated assets reloaded before import = 0
Start importing Assets/Assets/Tilesetv3_518.asset using Guid(c136208c128bd6c47b656a4377b389d5) Importer(815301076,1909f56bfc062723c751e8b465ee728b)  -> (artifact id: '49db469fea7caf4f8e57dcecd55b48cd') in 0.004632 seconds 
Number of asset objects unloaded after import = 3
========================================================================
Received Import Request.
  Time since last request: 0.000018 seconds.
  path: Assets/Assets/Tilesetv3_510.asset
  artifactKey: Guid(dba215d9c83ecdc40ae5b2a924a03fce) Importer(815301076,1909f56bfc062723c751e8b465ee728b)
Number of updated assets reloaded before import = 0
Start importing Assets/Assets/Tilesetv3_510.asset using Guid(dba215d9c83ecdc40ae5b2a924a03fce) Importer(815301076,1909f56bfc062723c751e8b465ee728b)  -> (artifact id: 'a6e1127411a0292448af5d6b2285384e') in 0.005445 seconds 
Number of asset objects unloaded after import = 3
========================================================================
Received Import Request.
  Time since last request: 0.003054 seconds.
  path: Assets/Assets/Tilesetv3_500.asset
  artifactKey: Guid(96685e2f9c75dbf4bbb64c1b79a90298) Importer(815301076,1909f56bfc062723c751e8b465ee728b)
Number of updated assets reloaded before import = 0
Start importing Assets/Assets/Tilesetv3_500.asset using Guid(96685e2f9c75dbf4bbb64c1b79a90298) Importer(815301076,1909f56bfc062723c751e8b465ee728b)  -> (artifact id: '205d064cab72ad248e91ca494554988c') in 0.005694 seconds 
Number of asset objects unloaded after import = 3
========================================================================
Received Import Request.
  Time since last request: 0.000015 seconds.
  path: Assets/Assets/Tilesetv3_489.asset
  artifactKey: Guid(646879ad1ea984f4ca1c52eb4797e41a) Importer(815301076,1909f56bfc062723c751e8b465ee728b)
Number of updated assets reloaded before import = 0
Start importing Assets/Assets/Tilesetv3_489.asset using Guid(646879ad1ea984f4ca1c52eb4797e41a) Importer(815301076,1909f56bfc062723c751e8b465ee728b)  -> (artifact id: 'fcb9ab15506fc6fe32991faa31e290f2') in 0.012175 seconds 
Number of asset objects unloaded after import = 3
========================================================================
Received Import Request.
  Time since last request: 0.000017 seconds.
  path: Assets/Assets/Tilesetv3_502.asset
  artifactKey: Guid(6d51cd3505098384688342bb9bc91467) Importer(815301076,1909f56bfc062723c751e8b465ee728b)
Number of updated assets reloaded before import = 0
Start importing Assets/Assets/Tilesetv3_502.asset using Guid(6d51cd3505098384688342bb9bc91467) Importer(815301076,1909f56bfc062723c751e8b465ee728b)  -> (artifact id: '31152d5b099dede49ecd2488a0a9722d') in 0.004447 seconds 
Number of asset objects unloaded after import = 3
========================================================================
Received Import Request.
  Time since last request: 0.000014 seconds.
  path: Assets/Assets/Tilesetv3_507.asset
  artifactKey: Guid(bfe04885375cd6844ad004db8cab9df3) Importer(815301076,1909f56bfc062723c751e8b465ee728b)
Number of updated assets reloaded before import = 0
Start importing Assets/Assets/Tilesetv3_507.asset using Guid(bfe04885375cd6844ad004db8cab9df3) Importer(815301076,1909f56bfc062723c751e8b465ee728b)  -> (artifact id: '88aa3406262807565b4cf428acdccca6') in 0.012648 seconds 
Number of asset objects unloaded after import = 3
========================================================================
Received Import Request.
  Time since last request: 0.000015 seconds.
  path: Assets/Assets/Tilesetv3_492.asset
  artifactKey: Guid(00b10103e9af8b648838d31dbed8d6d6) Importer(815301076,1909f56bfc062723c751e8b465ee728b)
Number of updated assets reloaded before import = 0
Start importing Assets/Assets/Tilesetv3_492.asset using Guid(00b10103e9af8b648838d31dbed8d6d6) Importer(815301076,1909f56bfc062723c751e8b465ee728b)  -> (artifact id: '56fb1a51c4da7376dc6a9945f688d1fa') in 0.011830 seconds 
Number of asset objects unloaded after import = 3
========================================================================
Received Import Request.
  Time since last request: 0.000017 seconds.
  path: Assets/Assets/Tilesetv3_481.asset
  artifactKey: Guid(c788323eece989947a813caf275386dc) Importer(815301076,1909f56bfc062723c751e8b465ee728b)
Number of updated assets reloaded before import = 0
Start importing Assets/Assets/Tilesetv3_481.asset using Guid(c788323eece989947a813caf275386dc) Importer(815301076,1909f56bfc062723c751e8b465ee728b)  -> (artifact id: 'c13a0245df229798c801fe807e2408d4') in 0.009838 seconds 
Number of asset objects unloaded after import = 3
========================================================================
Received Import Request.
  Time since last request: 0.000018 seconds.
  path: Assets/Assets/Tilesetv3_487.asset
  artifactKey: Guid(10913bf913ab9fb458799310652844a6) Importer(815301076,1909f56bfc062723c751e8b465ee728b)
Number of updated assets reloaded before import = 0
Start importing Assets/Assets/Tilesetv3_487.asset using Guid(10913bf913ab9fb458799310652844a6) Importer(815301076,1909f56bfc062723c751e8b465ee728b)  -> (artifact id: 'ca396537ad75a3fa2ff2ff0bcd6ca73f') in 0.008151 seconds 
Number of asset objects unloaded after import = 3
========================================================================
Received Import Request.
  Time since last request: 0.000018 seconds.
  path: Assets/Assets/Tilesetv3_509.asset
  artifactKey: Guid(1f43f1fac99406a4796b2803a6bac1b9) Importer(815301076,1909f56bfc062723c751e8b465ee728b)
Number of updated assets reloaded before import = 0
Start importing Assets/Assets/Tilesetv3_509.asset using Guid(1f43f1fac99406a4796b2803a6bac1b9) Importer(815301076,1909f56bfc062723c751e8b465ee728b)  -> (artifact id: 'be3e65d5aea9d245adf10adb89d127b0') in 0.005068 seconds 
Number of asset objects unloaded after import = 3
========================================================================
Received Import Request.
  Time since last request: 0.000024 seconds.
  path: Assets/Assets/Tilesetv3_496.asset
  artifactKey: Guid(14b0efa18a7f9de46999aa26faa14c76) Importer(815301076,1909f56bfc062723c751e8b465ee728b)
Number of updated assets reloaded before import = 0
Start importing Assets/Assets/Tilesetv3_496.asset using Guid(14b0efa18a7f9de46999aa26faa14c76) Importer(815301076,1909f56bfc062723c751e8b465ee728b)  -> (artifact id: '2284da1a89c50874ec3044cb7e7213a0') in 0.014885 seconds 
Number of asset objects unloaded after import = 3
========================================================================
Received Import Request.
  Time since last request: 0.119815 seconds.
  path: Assets/Assets/Tilesetv3_527.asset
  artifactKey: Guid(c03e00a27b7c5944cbd3bb49576bf445) Importer(815301076,1909f56bfc062723c751e8b465ee728b)
Number of updated assets reloaded before import = 0
Start importing Assets/Assets/Tilesetv3_527.asset using Guid(c03e00a27b7c5944cbd3bb49576bf445) Importer(815301076,1909f56bfc062723c751e8b465ee728b)  -> (artifact id: '03b01f5623ac485691ea5f5edca3ca00') in 0.005328 seconds 
Number of asset objects unloaded after import = 3
========================================================================
Received Import Request.
  Time since last request: 0.000015 seconds.
  path: Assets/Assets/Tilesetv3_533.asset
  artifactKey: Guid(99ed94ee904a8d34f8480c5a7d7c0102) Importer(815301076,1909f56bfc062723c751e8b465ee728b)
Number of updated assets reloaded before import = 0
Start importing Assets/Assets/Tilesetv3_533.asset using Guid(99ed94ee904a8d34f8480c5a7d7c0102) Importer(815301076,1909f56bfc062723c751e8b465ee728b)  -> (artifact id: '5c7fd45eabbcdbc5768cdd411d80c378') in 0.011395 seconds 
Number of asset objects unloaded after import = 3
========================================================================
Received Import Request.
  Time since last request: 0.000022 seconds.
  path: Assets/Assets/Tilesetv3_534.asset
  artifactKey: Guid(3f59d71b19f91054ea3f6236f6fa8eb6) Importer(815301076,1909f56bfc062723c751e8b465ee728b)
Number of updated assets reloaded before import = 0
Start importing Assets/Assets/Tilesetv3_534.asset using Guid(3f59d71b19f91054ea3f6236f6fa8eb6) Importer(815301076,1909f56bfc062723c751e8b465ee728b)  -> (artifact id: 'b4800811fad988e4144445565e7c5d7a') in 0.013143 seconds 
Number of asset objects unloaded after import = 3
========================================================================
Received Import Request.
  Time since last request: 0.000019 seconds.
  path: Assets/Assets/Tilesetv3_550.asset
  artifactKey: Guid(dc46d967845f1dd42886950867af6359) Importer(815301076,1909f56bfc062723c751e8b465ee728b)
Number of updated assets reloaded before import = 0
Start importing Assets/Assets/Tilesetv3_550.asset using Guid(dc46d967845f1dd42886950867af6359) Importer(815301076,1909f56bfc062723c751e8b465ee728b)  -> (artifact id: '6451f30c2333fe1a22403b2e1ea3535d') in 0.005041 seconds 
Number of asset objects unloaded after import = 3
========================================================================
Received Import Request.
  Time since last request: 0.000022 seconds.
  path: Assets/Assets/Tilesetv3_557.asset
  artifactKey: Guid(f354f29e5ca07894fa37bc8e1ea0a5ca) Importer(815301076,1909f56bfc062723c751e8b465ee728b)
Number of updated assets reloaded before import = 0
Start importing Assets/Assets/Tilesetv3_557.asset using Guid(f354f29e5ca07894fa37bc8e1ea0a5ca) Importer(815301076,1909f56bfc062723c751e8b465ee728b)  -> (artifact id: 'adc2020a537d0c3cfba0fed2c404249f') in 0.010217 seconds 
Number of asset objects unloaded after import = 3
========================================================================
Received Import Request.
  Time since last request: 0.000017 seconds.
  path: Assets/Assets/Tilesetv3_546.asset
  artifactKey: Guid(a02f4cdf212c1334685db1b2c33ba100) Importer(815301076,1909f56bfc062723c751e8b465ee728b)
Number of updated assets reloaded before import = 0
Start importing Assets/Assets/Tilesetv3_546.asset using Guid(a02f4cdf212c1334685db1b2c33ba100) Importer(815301076,1909f56bfc062723c751e8b465ee728b)  -> (artifact id: '4a1eccafeb02d3d11fed1208106f97b5') in 0.004199 seconds 
Number of asset objects unloaded after import = 3
========================================================================
Received Import Request.
  Time since last request: 0.000022 seconds.
  path: Assets/Assets/Tilesetv3_553.asset
  artifactKey: Guid(419cdec5bc4556f4b8c49902a5b9047e) Importer(815301076,1909f56bfc062723c751e8b465ee728b)
Number of updated assets reloaded before import = 0
Start importing Assets/Assets/Tilesetv3_553.asset using Guid(419cdec5bc4556f4b8c49902a5b9047e) Importer(815301076,1909f56bfc062723c751e8b465ee728b)  -> (artifact id: '9f469543e902bafcb8f9634a3c9ec29e') in 0.012938 seconds 
Number of asset objects unloaded after import = 3
========================================================================
Received Import Request.
  Time since last request: 0.000021 seconds.
  path: Assets/Assets/Tilesetv3_578.asset
  artifactKey: Guid(8b461b43580e1f641bb95bb8f2f7a811) Importer(815301076,1909f56bfc062723c751e8b465ee728b)
Number of updated assets reloaded before import = 0
Start importing Assets/Assets/Tilesetv3_578.asset using Guid(8b461b43580e1f641bb95bb8f2f7a811) Importer(815301076,1909f56bfc062723c751e8b465ee728b)  -> (artifact id: '9da109636a4a402723e64323e1450016') in 0.005101 seconds 
Number of asset objects unloaded after import = 3
========================================================================
Received Import Request.
  Time since last request: 0.000016 seconds.
  path: Assets/Assets/Tilesetv3_543.asset
  artifactKey: Guid(6e138c7bd526cae4f8dd821f4c9b1e2c) Importer(815301076,1909f56bfc062723c751e8b465ee728b)
Number of updated assets reloaded before import = 0
Start importing Assets/Assets/Tilesetv3_543.asset using Guid(6e138c7bd526cae4f8dd821f4c9b1e2c) Importer(815301076,1909f56bfc062723c751e8b465ee728b)  -> (artifact id: '06a73a1795e9dc09b131eb3d0ccc2289') in 0.006762 seconds 
Number of asset objects unloaded after import = 3
========================================================================
Received Import Request.
  Time since last request: 0.000018 seconds.
  path: Assets/Assets/Tilesetv3_568.asset
  artifactKey: Guid(a05180cf868a3994b96a649d4d199bd0) Importer(815301076,1909f56bfc062723c751e8b465ee728b)
Number of updated assets reloaded before import = 0
Start importing Assets/Assets/Tilesetv3_568.asset using Guid(a05180cf868a3994b96a649d4d199bd0) Importer(815301076,1909f56bfc062723c751e8b465ee728b)  -> (artifact id: '9d7fbedd17ab05fa8b479e618c4f5384') in 0.010983 seconds 
Number of asset objects unloaded after import = 3
========================================================================
Received Import Request.
  Time since last request: 0.000020 seconds.
  path: Assets/Assets/Tilesetv3_576.asset
  artifactKey: Guid(516a2360d6a24f34ca662a992fecd4a2) Importer(815301076,1909f56bfc062723c751e8b465ee728b)
Number of updated assets reloaded before import = 0
Start importing Assets/Assets/Tilesetv3_576.asset using Guid(516a2360d6a24f34ca662a992fecd4a2) Importer(815301076,1909f56bfc062723c751e8b465ee728b)  -> (artifact id: 'cc983e40a249eb948fd9165015c19893') in 0.011161 seconds 
Number of asset objects unloaded after import = 3
========================================================================
Received Import Request.
  Time since last request: 0.000031 seconds.
  path: Assets/Assets/Tilesetv3_559.asset
  artifactKey: Guid(f7f794ad3eaa386499c6800344922493) Importer(815301076,1909f56bfc062723c751e8b465ee728b)
Number of updated assets reloaded before import = 0
Start importing Assets/Assets/Tilesetv3_559.asset using Guid(f7f794ad3eaa386499c6800344922493) Importer(815301076,1909f56bfc062723c751e8b465ee728b)  -> (artifact id: 'c2c57a4107646901077e126edf46e9b9') in 0.011066 seconds 
Number of asset objects unloaded after import = 3
========================================================================
Received Import Request.
  Time since last request: 0.000023 seconds.
  path: Assets/Assets/Tilesetv3_577.asset
  artifactKey: Guid(f19125efd89bf024ba769e006b848aaa) Importer(815301076,1909f56bfc062723c751e8b465ee728b)
Number of updated assets reloaded before import = 0
Start importing Assets/Assets/Tilesetv3_577.asset using Guid(f19125efd89bf024ba769e006b848aaa) Importer(815301076,1909f56bfc062723c751e8b465ee728b)  -> (artifact id: 'e2f7746e49587d495625ed01c8c7f0dd') in 0.010972 seconds 
Number of asset objects unloaded after import = 3
========================================================================
Received Import Request.
  Time since last request: 0.000015 seconds.
  path: Assets/Assets/Tilesetv3_538.asset
  artifactKey: Guid(2c8e15d3461560b44945bbd00c133c15) Importer(815301076,1909f56bfc062723c751e8b465ee728b)
Number of updated assets reloaded before import = 0
Start importing Assets/Assets/Tilesetv3_538.asset using Guid(2c8e15d3461560b44945bbd00c133c15) Importer(815301076,1909f56bfc062723c751e8b465ee728b)  -> (artifact id: '524884d6a7a7cc8e02ec9f52d0117e2c') in 0.013078 seconds 
Number of asset objects unloaded after import = 3
========================================================================
Received Import Request.
  Time since last request: 0.000016 seconds.
  path: Assets/Assets/Tilesetv3_545.asset
  artifactKey: Guid(ae46389757c269b45a90b89cfa057eda) Importer(815301076,1909f56bfc062723c751e8b465ee728b)
Number of updated assets reloaded before import = 0
Start importing Assets/Assets/Tilesetv3_545.asset using Guid(ae46389757c269b45a90b89cfa057eda) Importer(815301076,1909f56bfc062723c751e8b465ee728b)  -> (artifact id: '21727d8d1dfaaa65cd4eb1a9ba50ad83') in 0.011095 seconds 
Number of asset objects unloaded after import = 3
========================================================================
Received Import Request.
  Time since last request: 0.000021 seconds.
  path: Assets/Assets/Tilesetv3_582.asset
  artifactKey: Guid(8b985d503e2e03c49a61bb150df08ae4) Importer(815301076,1909f56bfc062723c751e8b465ee728b)
Number of updated assets reloaded before import = 0
Start importing Assets/Assets/Tilesetv3_582.asset using Guid(8b985d503e2e03c49a61bb150df08ae4) Importer(815301076,1909f56bfc062723c751e8b465ee728b)  -> (artifact id: 'adc899b4b93342d14ddd95163fc34b52') in 0.011424 seconds 
Number of asset objects unloaded after import = 3
========================================================================
Received Import Request.
  Time since last request: 0.000021 seconds.
  path: Assets/Assets/Tilesetv3_542.asset
  artifactKey: Guid(49874c2eebe08da4d93cee557c4737b9) Importer(815301076,1909f56bfc062723c751e8b465ee728b)
Number of updated assets reloaded before import = 0
Start importing Assets/Assets/Tilesetv3_542.asset using Guid(49874c2eebe08da4d93cee557c4737b9) Importer(815301076,1909f56bfc062723c751e8b465ee728b)  -> (artifact id: '94b7e2d745aa13e50f49be7560898244') in 0.010916 seconds 
Number of asset objects unloaded after import = 3
========================================================================
Received Import Request.
  Time since last request: 0.000018 seconds.
  path: Assets/Assets/Tilesetv3_563.asset
  artifactKey: Guid(f9da9a4f6182ed04c9231d75f0f5dd61) Importer(815301076,1909f56bfc062723c751e8b465ee728b)
Number of updated assets reloaded before import = 0
Start importing Assets/Assets/Tilesetv3_563.asset using Guid(f9da9a4f6182ed04c9231d75f0f5dd61) Importer(815301076,1909f56bfc062723c751e8b465ee728b)  -> (artifact id: '5cf09b9b57e57aa599aaa0096e5b4788') in 0.010025 seconds 
Number of asset objects unloaded after import = 3
========================================================================
Received Import Request.
  Time since last request: 0.000025 seconds.
  path: Assets/Assets/Tilesetv3_573.asset
  artifactKey: Guid(e66ee430b87918b40b847b057b85b724) Importer(815301076,1909f56bfc062723c751e8b465ee728b)
Number of updated assets reloaded before import = 0
Start importing Assets/Assets/Tilesetv3_573.asset using Guid(e66ee430b87918b40b847b057b85b724) Importer(815301076,1909f56bfc062723c751e8b465ee728b)  -> (artifact id: '4f0b11e39fcac5399d22bcf9ae3ba2ec') in 0.005009 seconds 
Number of asset objects unloaded after import = 3
========================================================================
Received Import Request.
  Time since last request: 0.000018 seconds.
  path: Assets/Assets/Tilesetv3_584.asset
  artifactKey: Guid(ea0d9a7cf76708f498f09ccbd7114a51) Importer(815301076,1909f56bfc062723c751e8b465ee728b)
Number of updated assets reloaded before import = 0
Start importing Assets/Assets/Tilesetv3_584.asset using Guid(ea0d9a7cf76708f498f09ccbd7114a51) Importer(815301076,1909f56bfc062723c751e8b465ee728b)  -> (artifact id: '8c8f19ead12f7784aacc736a416b731e') in 0.005537 seconds 
Number of asset objects unloaded after import = 3
========================================================================
Received Import Request.
  Time since last request: 0.000016 seconds.
  path: Assets/Assets/Tilesetv3_560.asset
  artifactKey: Guid(62b04ceaf507a8943bf47343e0e9c384) Importer(815301076,1909f56bfc062723c751e8b465ee728b)
Number of updated assets reloaded before import = 0
Start importing Assets/Assets/Tilesetv3_560.asset using Guid(62b04ceaf507a8943bf47343e0e9c384) Importer(815301076,1909f56bfc062723c751e8b465ee728b)  -> (artifact id: 'c6d2514c465db0eaeadeba58dbf6a8f3') in 0.013095 seconds 
Number of asset objects unloaded after import = 3
========================================================================
Received Import Request.
  Time since last request: 0.000019 seconds.
  path: Assets/Assets/Tilesetv3_579.asset
  artifactKey: Guid(8d8a5cbcc4d2f704280765e942736d8c) Importer(815301076,1909f56bfc062723c751e8b465ee728b)
Number of updated assets reloaded before import = 0
Start importing Assets/Assets/Tilesetv3_579.asset using Guid(8d8a5cbcc4d2f704280765e942736d8c) Importer(815301076,1909f56bfc062723c751e8b465ee728b)  -> (artifact id: '20aa7c6161e93d03ed5feca8692d00ad') in 0.010785 seconds 
Number of asset objects unloaded after import = 3
========================================================================
Received Import Request.
  Time since last request: 0.499144 seconds.
  path: Assets/Assets/Tilesetv3_587.asset
  artifactKey: Guid(e8acc0f5a42f6044eb3109b6195f9515) Importer(815301076,1909f56bfc062723c751e8b465ee728b)
Number of updated assets reloaded before import = 0
Start importing Assets/Assets/Tilesetv3_587.asset using Guid(e8acc0f5a42f6044eb3109b6195f9515) Importer(815301076,1909f56bfc062723c751e8b465ee728b)  -> (artifact id: '06cca3f7b709166fe7277bfbeaf3c944') in 0.022826 seconds 
Number of asset objects unloaded after import = 3
========================================================================
Received Import Request.
  Time since last request: 0.000018 seconds.
  path: Assets/Assets/Tilesetv3_599.asset
  artifactKey: Guid(0b816d21d7b20714e813f48f14a16662) Importer(815301076,1909f56bfc062723c751e8b465ee728b)
Number of updated assets reloaded before import = 0
Start importing Assets/Assets/Tilesetv3_599.asset using Guid(0b816d21d7b20714e813f48f14a16662) Importer(815301076,1909f56bfc062723c751e8b465ee728b)  -> (artifact id: 'f5359c1b7a3edf449e5b32186f82d57a') in 0.010286 seconds 
Number of asset objects unloaded after import = 3
========================================================================
Received Import Request.
  Time since last request: 0.000020 seconds.
  path: Assets/Assets/Tilesetv3_609.asset
  artifactKey: Guid(80061fb2977718e40b835548a79fde97) Importer(815301076,1909f56bfc062723c751e8b465ee728b)
Number of updated assets reloaded before import = 0
Start importing Assets/Assets/Tilesetv3_609.asset using Guid(80061fb2977718e40b835548a79fde97) Importer(815301076,1909f56bfc062723c751e8b465ee728b)  -> (artifact id: '754c43613b09fa57d2b21c4920d460c6') in 0.011892 seconds 
Number of asset objects unloaded after import = 3
========================================================================
Received Import Request.
  Time since last request: 0.000015 seconds.
  path: Assets/Assets/Tilesetv3_622.asset
  artifactKey: Guid(735ab8d6db53a134ead023e11f0cab4c) Importer(815301076,1909f56bfc062723c751e8b465ee728b)
Number of updated assets reloaded before import = 0
Start importing Assets/Assets/Tilesetv3_622.asset using Guid(735ab8d6db53a134ead023e11f0cab4c) Importer(815301076,1909f56bfc062723c751e8b465ee728b)  -> (artifact id: 'db60de15f4bd8a099b99de3e79ba578c') in 0.011977 seconds 
Number of asset objects unloaded after import = 3
========================================================================
Received Import Request.
  Time since last request: 0.000014 seconds.
  path: Assets/Assets/Tilesetv3_634.asset
  artifactKey: Guid(aeabce3c7a33c5d48bdc20e5c6057e46) Importer(815301076,1909f56bfc062723c751e8b465ee728b)
Number of updated assets reloaded before import = 0
Start importing Assets/Assets/Tilesetv3_634.asset using Guid(aeabce3c7a33c5d48bdc20e5c6057e46) Importer(815301076,1909f56bfc062723c751e8b465ee728b)  -> (artifact id: '6c558cea3cccf3d9f51d763d80aa915a') in 0.011266 seconds 
Number of asset objects unloaded after import = 3
========================================================================
Received Import Request.
  Time since last request: 0.000017 seconds.
  path: Assets/Assets/Tilesetv3_632.asset
  artifactKey: Guid(720960a558f51a94697f4ebc442b507d) Importer(815301076,1909f56bfc062723c751e8b465ee728b)
Number of updated assets reloaded before import = 0
Start importing Assets/Assets/Tilesetv3_632.asset using Guid(720960a558f51a94697f4ebc442b507d) Importer(815301076,1909f56bfc062723c751e8b465ee728b)  -> (artifact id: '467a5fbf520c8772b5d96c4544b56487') in 0.005029 seconds 
Number of asset objects unloaded after import = 3
========================================================================
Received Import Request.
  Time since last request: 0.000020 seconds.
  path: Assets/Assets/Tilesetv3_615.asset
  artifactKey: Guid(a0fdb017b3f419549a71e77640f42039) Importer(815301076,1909f56bfc062723c751e8b465ee728b)
Number of updated assets reloaded before import = 0
Start importing Assets/Assets/Tilesetv3_615.asset using Guid(a0fdb017b3f419549a71e77640f42039) Importer(815301076,1909f56bfc062723c751e8b465ee728b)  -> (artifact id: 'cf015dde653269fedcdc66807d4b18d4') in 0.011185 seconds 
Number of asset objects unloaded after import = 3
========================================================================
Received Import Request.
  Time since last request: 0.000021 seconds.
  path: Assets/Assets/Tilesetv3_629.asset
  artifactKey: Guid(2aaf21176f0e0b746bcff62155c64524) Importer(815301076,1909f56bfc062723c751e8b465ee728b)
Number of updated assets reloaded before import = 0
Start importing Assets/Assets/Tilesetv3_629.asset using Guid(2aaf21176f0e0b746bcff62155c64524) Importer(815301076,1909f56bfc062723c751e8b465ee728b)  -> (artifact id: '209fae26e74dc6cbfddaffe5ae8d6a7b') in 0.005069 seconds 
Number of asset objects unloaded after import = 3
========================================================================
Received Import Request.
  Time since last request: 0.000021 seconds.
  path: Assets/Assets/Tilesetv3_598.asset
  artifactKey: Guid(130e2a315b29c4d4ab7aadeae49df2a9) Importer(815301076,1909f56bfc062723c751e8b465ee728b)
Number of updated assets reloaded before import = 0
Start importing Assets/Assets/Tilesetv3_598.asset using Guid(130e2a315b29c4d4ab7aadeae49df2a9) Importer(815301076,1909f56bfc062723c751e8b465ee728b)  -> (artifact id: '33faa5ba93f07830d11656690f417ff3') in 0.011133 seconds 
Number of asset objects unloaded after import = 3
========================================================================
Received Import Request.
  Time since last request: 0.000015 seconds.
  path: Assets/Assets/Tilesetv3_631.asset
  artifactKey: Guid(6afc9aa83771bf347b6c76f5b215a2b1) Importer(815301076,1909f56bfc062723c751e8b465ee728b)
Number of updated assets reloaded before import = 0
Start importing Assets/Assets/Tilesetv3_631.asset using Guid(6afc9aa83771bf347b6c76f5b215a2b1) Importer(815301076,1909f56bfc062723c751e8b465ee728b)  -> (artifact id: 'f2d3028b196991fe2380442eebad3c03') in 0.013607 seconds 
Number of asset objects unloaded after import = 3
========================================================================
Received Import Request.
  Time since last request: 0.000024 seconds.
  path: Assets/Assets/Tilesetv3_610.asset
  artifactKey: Guid(6f572355142348c40b3869b3f789f5a4) Importer(815301076,1909f56bfc062723c751e8b465ee728b)
Number of updated assets reloaded before import = 0
Start importing Assets/Assets/Tilesetv3_610.asset using Guid(6f572355142348c40b3869b3f789f5a4) Importer(815301076,1909f56bfc062723c751e8b465ee728b)  -> (artifact id: 'caee4302dda9c1f1557d98b2f1e5441d') in 0.005131 seconds 
Number of asset objects unloaded after import = 3
========================================================================
Received Import Request.
  Time since last request: 0.000014 seconds.
  path: Assets/Assets/Tilesetv3_623.asset
  artifactKey: Guid(1e0c0e831dba41b429f749601e39e7d9) Importer(815301076,1909f56bfc062723c751e8b465ee728b)
Number of updated assets reloaded before import = 0
Start importing Assets/Assets/Tilesetv3_623.asset using Guid(1e0c0e831dba41b429f749601e39e7d9) Importer(815301076,1909f56bfc062723c751e8b465ee728b)  -> (artifact id: '597ac9b2295b534c655b6e4867a175a3') in 0.011681 seconds 
Number of asset objects unloaded after import = 3
========================================================================
Received Import Request.
  Time since last request: 0.000017 seconds.
  path: Assets/Assets/Tilesetv3_607.asset
  artifactKey: Guid(2769173670763174284a0a133dc0b515) Importer(815301076,1909f56bfc062723c751e8b465ee728b)
Number of updated assets reloaded before import = 0
Start importing Assets/Assets/Tilesetv3_607.asset using Guid(2769173670763174284a0a133dc0b515) Importer(815301076,1909f56bfc062723c751e8b465ee728b)  -> (artifact id: '0681507d4a1309c6844b562b1c956c52') in 0.011006 seconds 
Number of asset objects unloaded after import = 3
========================================================================
Received Import Request.
  Time since last request: 0.000017 seconds.
  path: Assets/Assets/Tilesetv3_594.asset
  artifactKey: Guid(8289bb589d749e04185bd42f008dee1f) Importer(815301076,1909f56bfc062723c751e8b465ee728b)
Number of updated assets reloaded before import = 0
Start importing Assets/Assets/Tilesetv3_594.asset using Guid(8289bb589d749e04185bd42f008dee1f) Importer(815301076,1909f56bfc062723c751e8b465ee728b)  -> (artifact id: 'e5719793ecff0f12a851f7624f62d405') in 0.005385 seconds 
Number of asset objects unloaded after import = 3
========================================================================
Received Import Request.
  Time since last request: 0.000017 seconds.
  path: Assets/Assets/Tilesetv3_627.asset
  artifactKey: Guid(e4d44c839a7797f45ab9e4ad2c05f357) Importer(815301076,1909f56bfc062723c751e8b465ee728b)
Number of updated assets reloaded before import = 0
Start importing Assets/Assets/Tilesetv3_627.asset using Guid(e4d44c839a7797f45ab9e4ad2c05f357) Importer(815301076,1909f56bfc062723c751e8b465ee728b)  -> (artifact id: '8ac28e6541fd2fc91e4bc3cc1e194831') in 0.005084 seconds 
Number of asset objects unloaded after import = 3
========================================================================
Received Import Request.
  Time since last request: 0.000025 seconds.
  path: Assets/Assets/Tilesetv3_591.asset
  artifactKey: Guid(5352316e0bf5ca9428a78f99ad19afb0) Importer(815301076,1909f56bfc062723c751e8b465ee728b)
Number of updated assets reloaded before import = 0
Start importing Assets/Assets/Tilesetv3_591.asset using Guid(5352316e0bf5ca9428a78f99ad19afb0) Importer(815301076,1909f56bfc062723c751e8b465ee728b)  -> (artifact id: 'b890789a87cb9c781fb19f7c8fb2e6f7') in 0.004526 seconds 
Number of asset objects unloaded after import = 3
========================================================================
Received Import Request.
  Time since last request: 0.334687 seconds.
  path: Assets/Assets/Tilesetv3_635.asset
  artifactKey: Guid(0c4743232e0617641a9a61f733cef0e7) Importer(815301076,1909f56bfc062723c751e8b465ee728b)
Number of updated assets reloaded before import = 0
Start importing Assets/Assets/Tilesetv3_635.asset using Guid(0c4743232e0617641a9a61f733cef0e7) Importer(815301076,1909f56bfc062723c751e8b465ee728b)  -> (artifact id: 'd5483aebc2b585854ef07edd312b2831') in 0.022014 seconds 
Number of asset objects unloaded after import = 3
========================================================================
Received Import Request.
  Time since last request: 0.000031 seconds.
  path: Assets/Assets/Tilesetv3_651.asset
  artifactKey: Guid(4967a6d6da8c6c94a94b55b9c896feea) Importer(815301076,1909f56bfc062723c751e8b465ee728b)
Number of updated assets reloaded before import = 0
Start importing Assets/Assets/Tilesetv3_651.asset using Guid(4967a6d6da8c6c94a94b55b9c896feea) Importer(815301076,1909f56bfc062723c751e8b465ee728b)  -> (artifact id: 'b851eba236873d84933b742526529a90') in 0.006525 seconds 
Number of asset objects unloaded after import = 3
========================================================================
Received Import Request.
  Time since last request: 0.000021 seconds.
  path: Assets/Assets/Tilesetv3_657.asset
  artifactKey: Guid(90c8627922838d544a6a7a3e42b564b2) Importer(815301076,1909f56bfc062723c751e8b465ee728b)
Number of updated assets reloaded before import = 0
Start importing Assets/Assets/Tilesetv3_657.asset using Guid(90c8627922838d544a6a7a3e42b564b2) Importer(815301076,1909f56bfc062723c751e8b465ee728b)  -> (artifact id: '01669cd9aaa3f1f9d31b977a17d44824') in 0.005339 seconds 
Number of asset objects unloaded after import = 3
========================================================================
Received Import Request.
  Time since last request: 0.000014 seconds.
  path: Assets/Assets/Tilesetv3_642.asset
  artifactKey: Guid(177d19992846c494192f4bdf4db13637) Importer(815301076,1909f56bfc062723c751e8b465ee728b)
Number of updated assets reloaded before import = 0
Start importing Assets/Assets/Tilesetv3_642.asset using Guid(177d19992846c494192f4bdf4db13637) Importer(815301076,1909f56bfc062723c751e8b465ee728b)  -> (artifact id: '32f066af1e06ab856c28448f99845c23') in 0.010596 seconds 
Number of asset objects unloaded after import = 3
========================================================================
Received Import Request.
  Time since last request: 0.000016 seconds.
  path: Assets/Assets/Tilesetv3_653.asset
  artifactKey: Guid(3323bcefed357aa41a04e3a8b46cb0c3) Importer(815301076,1909f56bfc062723c751e8b465ee728b)
Number of updated assets reloaded before import = 0
Start importing Assets/Assets/Tilesetv3_653.asset using Guid(3323bcefed357aa41a04e3a8b46cb0c3) Importer(815301076,1909f56bfc062723c751e8b465ee728b)  -> (artifact id: '56a6933850bc24f55d61122c2f7c23e0') in 0.012320 seconds 
Number of asset objects unloaded after import = 3
========================================================================
Received Import Request.
  Time since last request: 0.000015 seconds.
  path: Assets/Assets/Tilesetv3_677.asset
  artifactKey: Guid(ab0b14dba5f17b148809152d478464f0) Importer(815301076,1909f56bfc062723c751e8b465ee728b)
Number of updated assets reloaded before import = 0
Start importing Assets/Assets/Tilesetv3_677.asset using Guid(ab0b14dba5f17b148809152d478464f0) Importer(815301076,1909f56bfc062723c751e8b465ee728b)  -> (artifact id: 'e647a9ac6d69eadb3f29a6adee69efc2') in 0.011392 seconds 
Number of asset objects unloaded after import = 3
========================================================================
Received Import Request.
  Time since last request: 0.000018 seconds.
  path: Assets/Assets/Tilesetv3_639.asset
  artifactKey: Guid(6544f89068e25974181597a18db6fd91) Importer(815301076,1909f56bfc062723c751e8b465ee728b)
Number of updated assets reloaded before import = 0
Start importing Assets/Assets/Tilesetv3_639.asset using Guid(6544f89068e25974181597a18db6fd91) Importer(815301076,1909f56bfc062723c751e8b465ee728b)  -> (artifact id: 'a9fc5ebeeb772169958e10fc8bb7c528') in 0.004324 seconds 
Number of asset objects unloaded after import = 3
========================================================================
Received Import Request.
  Time since last request: 0.000036 seconds.
  path: Assets/Assets/Tilesetv3_685.asset
  artifactKey: Guid(bea70f881df88414f9154b588b53963d) Importer(815301076,1909f56bfc062723c751e8b465ee728b)
Number of updated assets reloaded before import = 0
Start importing Assets/Assets/Tilesetv3_685.asset using Guid(bea70f881df88414f9154b588b53963d) Importer(815301076,1909f56bfc062723c751e8b465ee728b)  -> (artifact id: '0675ff4a96547c2cd47f19d9462873a1') in 0.013427 seconds 
Number of asset objects unloaded after import = 3
========================================================================
Received Import Request.
  Time since last request: 0.000018 seconds.
  path: Assets/Assets/Tilesetv3_660.asset
  artifactKey: Guid(dd5b551f8027a8643a9c9faa827fcf7d) Importer(815301076,1909f56bfc062723c751e8b465ee728b)
Number of updated assets reloaded before import = 0
Start importing Assets/Assets/Tilesetv3_660.asset using Guid(dd5b551f8027a8643a9c9faa827fcf7d) Importer(815301076,1909f56bfc062723c751e8b465ee728b)  -> (artifact id: '9bd76f4eb7a56c053865ef71a1bec07e') in 0.005293 seconds 
Number of asset objects unloaded after import = 3
========================================================================
Received Import Request.
  Time since last request: 0.000019 seconds.
  path: Assets/Assets/Tilesetv3_690.asset
  artifactKey: Guid(76d78cc0594ac0a4d907e62e72bb4aba) Importer(815301076,1909f56bfc062723c751e8b465ee728b)
Number of updated assets reloaded before import = 0
Start importing Assets/Assets/Tilesetv3_690.asset using Guid(76d78cc0594ac0a4d907e62e72bb4aba) Importer(815301076,1909f56bfc062723c751e8b465ee728b)  -> (artifact id: 'db166ce2b13a692bc12b6ee1b597d6b9') in 0.012062 seconds 
Number of asset objects unloaded after import = 3
========================================================================
Received Import Request.
  Time since last request: 0.000015 seconds.
  path: Assets/Assets/Tilesetv3_641.asset
  artifactKey: Guid(54457e9232773414e9fe096ceab0ac5a) Importer(815301076,1909f56bfc062723c751e8b465ee728b)
Number of updated assets reloaded before import = 0
Start importing Assets/Assets/Tilesetv3_641.asset using Guid(54457e9232773414e9fe096ceab0ac5a) Importer(815301076,1909f56bfc062723c751e8b465ee728b)  -> (artifact id: '564cf13e62d4bf7d19e938e3562a8997') in 0.004891 seconds 
Number of asset objects unloaded after import = 3
========================================================================
Received Import Request.
  Time since last request: 0.000036 seconds.
  path: Assets/Assets/Tilesetv3_665.asset
  artifactKey: Guid(b12baeb3844600c40af8cb8e1bb99e0c) Importer(815301076,1909f56bfc062723c751e8b465ee728b)
Number of updated assets reloaded before import = 0
Start importing Assets/Assets/Tilesetv3_665.asset using Guid(b12baeb3844600c40af8cb8e1bb99e0c) Importer(815301076,1909f56bfc062723c751e8b465ee728b)  -> (artifact id: '530485ffaebbdae04178551fbb509bac') in 0.011853 seconds 
Number of asset objects unloaded after import = 3
========================================================================
Received Import Request.
  Time since last request: 0.000019 seconds.
  path: Assets/Assets/Tilesetv3_680.asset
  artifactKey: Guid(5a81de5d3fd504c42beb82e7708f8967) Importer(815301076,1909f56bfc062723c751e8b465ee728b)
Number of updated assets reloaded before import = 0
Start importing Assets/Assets/Tilesetv3_680.asset using Guid(5a81de5d3fd504c42beb82e7708f8967) Importer(815301076,1909f56bfc062723c751e8b465ee728b)  -> (artifact id: 'b860b95302d5eee9e924ef30d92e9f5a') in 0.008575 seconds 
Number of asset objects unloaded after import = 3
========================================================================
Received Import Request.
  Time since last request: 0.000019 seconds.
  path: Assets/Assets/Tilesetv3_661.asset
  artifactKey: Guid(bdcdc4f80e6d8994cb30a2c6e31dbc4c) Importer(815301076,1909f56bfc062723c751e8b465ee728b)
Number of updated assets reloaded before import = 0
Start importing Assets/Assets/Tilesetv3_661.asset using Guid(bdcdc4f80e6d8994cb30a2c6e31dbc4c) Importer(815301076,1909f56bfc062723c751e8b465ee728b)  -> (artifact id: '9f6c0e39fb21e1a09866df9d5fd51456') in 0.005518 seconds 
Number of asset objects unloaded after import = 3
========================================================================
Received Import Request.
  Time since last request: 0.000031 seconds.
  path: Assets/Assets/Tilesetv3_682.asset
  artifactKey: Guid(e4cf6f73368726b4da6875abfb93cf64) Importer(815301076,1909f56bfc062723c751e8b465ee728b)
Number of updated assets reloaded before import = 0
Start importing Assets/Assets/Tilesetv3_682.asset using Guid(e4cf6f73368726b4da6875abfb93cf64) Importer(815301076,1909f56bfc062723c751e8b465ee728b)  -> (artifact id: 'c7c3966616b63ec77bc98ba4ab2a4e72') in 0.011485 seconds 
Number of asset objects unloaded after import = 3
========================================================================
Received Import Request.
  Time since last request: 0.000015 seconds.
  path: Assets/Assets/Tilesetv3_691.asset
  artifactKey: Guid(27c53fad613d30b4d903280fd73fb17a) Importer(815301076,1909f56bfc062723c751e8b465ee728b)
Number of updated assets reloaded before import = 0
Start importing Assets/Assets/Tilesetv3_691.asset using Guid(27c53fad613d30b4d903280fd73fb17a) Importer(815301076,1909f56bfc062723c751e8b465ee728b)  -> (artifact id: 'b2d2c9dee9aa6cdab68257e2abfcc2fd') in 0.009716 seconds 
Number of asset objects unloaded after import = 3
========================================================================
Received Import Request.
  Time since last request: 0.000015 seconds.
  path: Assets/Assets/Tilesetv3_687.asset
  artifactKey: Guid(9444cdfdf96208c4c8a13a2a662419fe) Importer(815301076,1909f56bfc062723c751e8b465ee728b)
Number of updated assets reloaded before import = 0
Start importing Assets/Assets/Tilesetv3_687.asset using Guid(9444cdfdf96208c4c8a13a2a662419fe) Importer(815301076,1909f56bfc062723c751e8b465ee728b)  -> (artifact id: '4a84b58567238d7fc98f413d5e51f90a') in 0.004870 seconds 
Number of asset objects unloaded after import = 3
========================================================================
Received Import Request.
  Time since last request: 0.000019 seconds.
  path: Assets/Assets/Tilesetv3_650.asset
  artifactKey: Guid(5c55b3ab77cc5f34fa67ac752c134c65) Importer(815301076,1909f56bfc062723c751e8b465ee728b)
Number of updated assets reloaded before import = 0
Start importing Assets/Assets/Tilesetv3_650.asset using Guid(5c55b3ab77cc5f34fa67ac752c134c65) Importer(815301076,1909f56bfc062723c751e8b465ee728b)  -> (artifact id: 'a0a55a5881b6a1cb93b2865a072273c9') in 0.005175 seconds 
Number of asset objects unloaded after import = 3
========================================================================
Received Import Request.
  Time since last request: 0.000018 seconds.
  path: Assets/Assets/Tilesetv3_654.asset
  artifactKey: Guid(778eacc9f8f75694fa31f7f5a5fffc1e) Importer(815301076,1909f56bfc062723c751e8b465ee728b)
Number of updated assets reloaded before import = 0
Start importing Assets/Assets/Tilesetv3_654.asset using Guid(778eacc9f8f75694fa31f7f5a5fffc1e) Importer(815301076,1909f56bfc062723c751e8b465ee728b)  -> (artifact id: 'ea9de9b30fb93a1c674e4ff4bdedf43d') in 0.010104 seconds 
Number of asset objects unloaded after import = 3
========================================================================
Received Import Request.
  Time since last request: 0.000015 seconds.
  path: Assets/Assets/Tilesetv3_648.asset
  artifactKey: Guid(1f276b23b140d1c4ba1165f4ec9e6e44) Importer(815301076,1909f56bfc062723c751e8b465ee728b)
Number of updated assets reloaded before import = 0
Start importing Assets/Assets/Tilesetv3_648.asset using Guid(1f276b23b140d1c4ba1165f4ec9e6e44) Importer(815301076,1909f56bfc062723c751e8b465ee728b)  -> (artifact id: '6e923993d1326b184ae41d510a9c8342') in 0.010401 seconds 
Number of asset objects unloaded after import = 3
========================================================================
Received Import Request.
  Time since last request: 419.424268 seconds.
  path: Assets/Assets/dungeon_sidescroller-Raou/Tilesetv3_185.asset
  artifactKey: Guid(b8ba1fc38828b5045a1c20a119d51a08) Importer(815301076,1909f56bfc062723c751e8b465ee728b)
Number of updated assets reloaded before import = 0
Start importing Assets/Assets/dungeon_sidescroller-Raou/Tilesetv3_185.asset using Guid(b8ba1fc38828b5045a1c20a119d51a08) Importer(815301076,1909f56bfc062723c751e8b465ee728b)  -> (artifact id: '7d47fa8b32da66d8d638b65932d71e05') in 0.013789 seconds 
Number of asset objects unloaded after import = 3
========================================================================
Received Import Request.
  Time since last request: 398.616339 seconds.
  path: Assets/Scripts/AddScore.cs
  artifactKey: Guid(f70f6b27db4038d4e80f339aede6bb48) Importer(815301076,1909f56bfc062723c751e8b465ee728b)
Number of updated assets reloaded before import = 0
Start importing Assets/Scripts/AddScore.cs using Guid(f70f6b27db4038d4e80f339aede6bb48) Importer(815301076,1909f56bfc062723c751e8b465ee728b)  -> (artifact id: '74c09a03b9da639fac2c15528e8a04cd') in 0.008958 seconds 
Number of asset objects unloaded after import = 0
========================================================================
Received Prepare
Registering precompiled user dll's ...
Registered in 0.003447 seconds.
Begin MonoManager ReloadAssembly
Native extension for WindowsStandalone target not found
Native extension for Android target not found
Native extension for WebGL target not found
Refreshing native plugins compatible for Editor in 0.49 ms, found 4 plugins.
Preloading 0 native plugins for Editor in 0.00 ms.
[Package Manager] Server::EnsureServerProcessIsRunning -- launch failed, reason: Unity was launched with the -noUpm command-line argument
[Package Manager] Cannot connect to Unity Package Manager local server
Mono: successfully reloaded assembly
- Completed reload, in  1.267 seconds
Domain Reload Profiling:
	ReloadAssembly (1268ms)
		BeginReloadAssembly (123ms)
			ExecutionOrderSort (0ms)
			DisableScriptedObjects (5ms)
			BackupInstance (0ms)
			ReleaseScriptingObjects (0ms)
			CreateAndSetChildDomain (30ms)
		EndReloadAssembly (1077ms)
			LoadAssemblies (77ms)
			RebuildTransferFunctionScriptingTraits (0ms)
			SetupTypeCache (222ms)
			ReleaseScriptCaches (1ms)
			RebuildScriptCaches (35ms)
			SetupLoadedEditorAssemblies (723ms)
				LogAssemblyErrors (0ms)
				InitializePlatformSupportModulesInManaged (10ms)
				SetLoadedEditorAssemblies (0ms)
				RefreshPlugins (1ms)
				BeforeProcessingInitializeOnLoad (44ms)
				ProcessInitializeOnLoadAttributes (636ms)
				ProcessInitializeOnLoadMethodAttributes (28ms)
				AfterProcessingInitializeOnLoad (4ms)
				EditorAssembliesLoaded (0ms)
			ExecutionOrderSort2 (0ms)
			AwakeInstancesAfterBackupRestoration (5ms)
Platform modules already initialized, skipping
Refreshing native plugins compatible for Editor in 0.69 ms, found 4 plugins.
Preloading 0 native plugins for Editor in 0.00 ms.
Unloading 3890 Unused Serialized files (Serialized files now loaded: 0)
Unloading 27 unused Assets / (22.0 KB). Loaded Objects now: 4497.
Memory consumption went from 153.3 MB to 153.3 MB.
Total: 2.819900 ms (FindLiveObjects: 0.217400 ms CreateObjectMapping: 0.097700 ms MarkObjects: 2.472300 ms  DeleteObjects: 0.031500 ms)

AssetImportParameters requested are different than current active one (requested -> active):
  custom:video-decoder-ogg-theora: a1e56fd34408186e4bbccfd4996cb3dc -> 
  custom:container-muxer-webm: aa71ff27fc2769a1b78a27578f13a17b -> 
  custom:container-demuxer-webm: 4f35f7cbe854078d1ac9338744f61a02 -> 
  custom:video-encoder-webm-vp8: eb34c28f22e8b96e1ab97ce403110664 -> 
  custom:video-codec-MediaFoundation-h265: 746d11721c4dcdbdad8f713fa42b33f4 -> 
  custom:CustomObjectIndexerAttribute: bc11b3a6c3213fcdd17b65e7da85e133 -> 
  custom:audio-encoder-webm-vorbis: bf7c407c2cedff20999df2af8eb42d56 -> 
  custom:framework-win-MediaFoundation: 216162199b28c13a410421893ffa2e32 -> 
  custom:SearchIndexIgnoredProperties: e643bd26f0fe6173181afceb89e7c659 -> 
  custom:container-demuxer-ogg: 62fdf1f143b41e24485cea50d1cbac27 -> 
  custom:video-decoder-webm-vp8: 9c59270c3fd7afecdb556c50c9e8de78 -> 
  custom:audio-decoder-ogg-vorbis: bf7c407c2cedff20999df2af8eb42d56 -> 
========================================================================
Received Prepare
Registering precompiled user dll's ...
Registered in 0.009066 seconds.
Begin MonoManager ReloadAssembly
Native extension for WindowsStandalone target not found
Native extension for Android target not found
Native extension for WebGL target not found
Refreshing native plugins compatible for Editor in 0.52 ms, found 4 plugins.
Preloading 0 native plugins for Editor in 0.00 ms.
[Package Manager] Server::EnsureServerProcessIsRunning -- launch failed, reason: Unity was launched with the -noUpm command-line argument
[Package Manager] Cannot connect to Unity Package Manager local server
Mono: successfully reloaded assembly
- Completed reload, in  1.397 seconds
Domain Reload Profiling:
	ReloadAssembly (1398ms)
		BeginReloadAssembly (150ms)
			ExecutionOrderSort (0ms)
			DisableScriptedObjects (7ms)
			BackupInstance (0ms)
			ReleaseScriptingObjects (0ms)
			CreateAndSetChildDomain (36ms)
		EndReloadAssembly (1163ms)
			LoadAssemblies (105ms)
			RebuildTransferFunctionScriptingTraits (0ms)
			SetupTypeCache (257ms)
			ReleaseScriptCaches (1ms)
			RebuildScriptCaches (42ms)
			SetupLoadedEditorAssemblies (735ms)
				LogAssemblyErrors (0ms)
				InitializePlatformSupportModulesInManaged (12ms)
				SetLoadedEditorAssemblies (0ms)
				RefreshPlugins (1ms)
				BeforeProcessingInitializeOnLoad (67ms)
				ProcessInitializeOnLoadAttributes (625ms)
				ProcessInitializeOnLoadMethodAttributes (27ms)
				AfterProcessingInitializeOnLoad (4ms)
				EditorAssembliesLoaded (0ms)
			ExecutionOrderSort2 (0ms)
			AwakeInstancesAfterBackupRestoration (6ms)
Platform modules already initialized, skipping
Refreshing native plugins compatible for Editor in 0.81 ms, found 4 plugins.
Preloading 0 native plugins for Editor in 0.00 ms.
Unloading 3890 Unused Serialized files (Serialized files now loaded: 0)
Unloading 27 unused Assets / (22.0 KB). Loaded Objects now: 4500.
Memory consumption went from 153.3 MB to 153.3 MB.
Total: 2.475700 ms (FindLiveObjects: 0.213300 ms CreateObjectMapping: 0.093600 ms MarkObjects: 2.145000 ms  DeleteObjects: 0.022600 ms)

AssetImportParameters requested are different than current active one (requested -> active):
  custom:video-decoder-ogg-theora: a1e56fd34408186e4bbccfd4996cb3dc -> 
  custom:container-muxer-webm: aa71ff27fc2769a1b78a27578f13a17b -> 
  custom:container-demuxer-webm: 4f35f7cbe854078d1ac9338744f61a02 -> 
  custom:video-encoder-webm-vp8: eb34c28f22e8b96e1ab97ce403110664 -> 
  custom:video-codec-MediaFoundation-h265: 746d11721c4dcdbdad8f713fa42b33f4 -> 
  custom:CustomObjectIndexerAttribute: bc11b3a6c3213fcdd17b65e7da85e133 -> 
  custom:audio-encoder-webm-vorbis: bf7c407c2cedff20999df2af8eb42d56 -> 
  custom:framework-win-MediaFoundation: 216162199b28c13a410421893ffa2e32 -> 
  custom:SearchIndexIgnoredProperties: e643bd26f0fe6173181afceb89e7c659 -> 
  custom:container-demuxer-ogg: 62fdf1f143b41e24485cea50d1cbac27 -> 
  custom:video-decoder-webm-vp8: 9c59270c3fd7afecdb556c50c9e8de78 -> 
  custom:audio-decoder-ogg-vorbis: bf7c407c2cedff20999df2af8eb42d56 -> 
========================================================================
Received Prepare
Registering precompiled user dll's ...
Registered in 0.004244 seconds.
Begin MonoManager ReloadAssembly
Native extension for WindowsStandalone target not found
Native extension for Android target not found
Native extension for WebGL target not found
Refreshing native plugins compatible for Editor in 0.60 ms, found 4 plugins.
Preloading 0 native plugins for Editor in 0.00 ms.
[Package Manager] Server::EnsureServerProcessIsRunning -- launch failed, reason: Unity was launched with the -noUpm command-line argument
[Package Manager] Cannot connect to Unity Package Manager local server
Mono: successfully reloaded assembly
- Completed reload, in  1.263 seconds
Domain Reload Profiling:
	ReloadAssembly (1264ms)
		BeginReloadAssembly (118ms)
			ExecutionOrderSort (0ms)
			DisableScriptedObjects (4ms)
			BackupInstance (0ms)
			ReleaseScriptingObjects (0ms)
			CreateAndSetChildDomain (24ms)
		EndReloadAssembly (1076ms)
			LoadAssemblies (84ms)
			RebuildTransferFunctionScriptingTraits (0ms)
			SetupTypeCache (216ms)
			ReleaseScriptCaches (1ms)
			RebuildScriptCaches (35ms)
			SetupLoadedEditorAssemblies (719ms)
				LogAssemblyErrors (0ms)
				InitializePlatformSupportModulesInManaged (16ms)
				SetLoadedEditorAssemblies (0ms)
				RefreshPlugins (1ms)
				BeforeProcessingInitializeOnLoad (54ms)
				ProcessInitializeOnLoadAttributes (617ms)
				ProcessInitializeOnLoadMethodAttributes (28ms)
				AfterProcessingInitializeOnLoad (3ms)
				EditorAssembliesLoaded (0ms)
			ExecutionOrderSort2 (0ms)
			AwakeInstancesAfterBackupRestoration (5ms)
Platform modules already initialized, skipping
Refreshing native plugins compatible for Editor in 0.75 ms, found 4 plugins.
Preloading 0 native plugins for Editor in 0.00 ms.
Unloading 3890 Unused Serialized files (Serialized files now loaded: 0)
Unloading 27 unused Assets / (22.0 KB). Loaded Objects now: 4503.
Memory consumption went from 153.3 MB to 153.3 MB.
Total: 3.336200 ms (FindLiveObjects: 0.275300 ms CreateObjectMapping: 0.164900 ms MarkObjects: 2.869900 ms  DeleteObjects: 0.025100 ms)

AssetImportParameters requested are different than current active one (requested -> active):
  custom:video-decoder-ogg-theora: a1e56fd34408186e4bbccfd4996cb3dc -> 
  custom:container-muxer-webm: aa71ff27fc2769a1b78a27578f13a17b -> 
  custom:container-demuxer-webm: 4f35f7cbe854078d1ac9338744f61a02 -> 
  custom:video-encoder-webm-vp8: eb34c28f22e8b96e1ab97ce403110664 -> 
  custom:video-codec-MediaFoundation-h265: 746d11721c4dcdbdad8f713fa42b33f4 -> 
  custom:CustomObjectIndexerAttribute: bc11b3a6c3213fcdd17b65e7da85e133 -> 
  custom:audio-encoder-webm-vorbis: bf7c407c2cedff20999df2af8eb42d56 -> 
  custom:framework-win-MediaFoundation: 216162199b28c13a410421893ffa2e32 -> 
  custom:SearchIndexIgnoredProperties: e643bd26f0fe6173181afceb89e7c659 -> 
  custom:container-demuxer-ogg: 62fdf1f143b41e24485cea50d1cbac27 -> 
  custom:video-decoder-webm-vp8: 9c59270c3fd7afecdb556c50c9e8de78 -> 
  custom:audio-decoder-ogg-vorbis: bf7c407c2cedff20999df2af8eb42d56 -> 
========================================================================
Received Import Request.
  Time since last request: 60.531319 seconds.
  path: Assets/Scripts/AddScore.cs
  artifactKey: Guid(f70f6b27db4038d4e80f339aede6bb48) Importer(815301076,1909f56bfc062723c751e8b465ee728b)
Number of updated assets reloaded before import = 0
Start importing Assets/Scripts/AddScore.cs using Guid(f70f6b27db4038d4e80f339aede6bb48) Importer(815301076,1909f56bfc062723c751e8b465ee728b)  -> (artifact id: '6b3347ad316c8f9e4e29e7d0eade1111') in 0.006913 seconds 
Number of asset objects unloaded after import = 0
========================================================================
Received Prepare
Registering precompiled user dll's ...
Registered in 0.004712 seconds.
Begin MonoManager ReloadAssembly
Native extension for WindowsStandalone target not found
Native extension for Android target not found
Native extension for WebGL target not found
Refreshing native plugins compatible for Editor in 0.96 ms, found 4 plugins.
Preloading 0 native plugins for Editor in 0.00 ms.
[Package Manager] Server::EnsureServerProcessIsRunning -- launch failed, reason: Unity was launched with the -noUpm command-line argument
[Package Manager] Cannot connect to Unity Package Manager local server
Mono: successfully reloaded assembly
- Completed reload, in  1.324 seconds
Domain Reload Profiling:
	ReloadAssembly (1325ms)
		BeginReloadAssembly (129ms)
			ExecutionOrderSort (0ms)
			DisableScriptedObjects (8ms)
			BackupInstance (0ms)
			ReleaseScriptingObjects (0ms)
			CreateAndSetChildDomain (34ms)
		EndReloadAssembly (1127ms)
			LoadAssemblies (80ms)
			RebuildTransferFunctionScriptingTraits (0ms)
			SetupTypeCache (225ms)
			ReleaseScriptCaches (2ms)
			RebuildScriptCaches (39ms)
			SetupLoadedEditorAssemblies (760ms)
				LogAssemblyErrors (0ms)
				InitializePlatformSupportModulesInManaged (14ms)
				SetLoadedEditorAssemblies (1ms)
				RefreshPlugins (1ms)
				BeforeProcessingInitializeOnLoad (54ms)
				ProcessInitializeOnLoadAttributes (655ms)
				ProcessInitializeOnLoadMethodAttributes (32ms)
				AfterProcessingInitializeOnLoad (3ms)
				EditorAssembliesLoaded (0ms)
			ExecutionOrderSort2 (0ms)
			AwakeInstancesAfterBackupRestoration (5ms)
Platform modules already initialized, skipping
Refreshing native plugins compatible for Editor in 0.54 ms, found 4 plugins.
Preloading 0 native plugins for Editor in 0.00 ms.
Unloading 3890 Unused Serialized files (Serialized files now loaded: 0)
Unloading 27 unused Assets / (22.0 KB). Loaded Objects now: 4506.
Memory consumption went from 153.3 MB to 153.3 MB.
Total: 2.263000 ms (FindLiveObjects: 0.208600 ms CreateObjectMapping: 0.100500 ms MarkObjects: 1.933100 ms  DeleteObjects: 0.020100 ms)

AssetImportParameters requested are different than current active one (requested -> active):
  custom:video-decoder-ogg-theora: a1e56fd34408186e4bbccfd4996cb3dc -> 
  custom:container-muxer-webm: aa71ff27fc2769a1b78a27578f13a17b -> 
  custom:container-demuxer-webm: 4f35f7cbe854078d1ac9338744f61a02 -> 
  custom:video-encoder-webm-vp8: eb34c28f22e8b96e1ab97ce403110664 -> 
  custom:video-codec-MediaFoundation-h265: 746d11721c4dcdbdad8f713fa42b33f4 -> 
  custom:CustomObjectIndexerAttribute: bc11b3a6c3213fcdd17b65e7da85e133 -> 
  custom:audio-encoder-webm-vorbis: bf7c407c2cedff20999df2af8eb42d56 -> 
  custom:framework-win-MediaFoundation: 216162199b28c13a410421893ffa2e32 -> 
  custom:SearchIndexIgnoredProperties: e643bd26f0fe6173181afceb89e7c659 -> 
  custom:container-demuxer-ogg: 62fdf1f143b41e24485cea50d1cbac27 -> 
  custom:video-decoder-webm-vp8: 9c59270c3fd7afecdb556c50c9e8de78 -> 
  custom:audio-decoder-ogg-vorbis: bf7c407c2cedff20999df2af8eb42d56 -> 
========================================================================
Received Prepare
Registering precompiled user dll's ...
Registered in 0.003867 seconds.
Begin MonoManager ReloadAssembly
Native extension for WindowsStandalone target not found
Native extension for Android target not found
Native extension for WebGL target not found
Refreshing native plugins compatible for Editor in 0.67 ms, found 4 plugins.
Preloading 0 native plugins for Editor in 0.00 ms.
[Package Manager] Server::EnsureServerProcessIsRunning -- launch failed, reason: Unity was launched with the -noUpm command-line argument
[Package Manager] Cannot connect to Unity Package Manager local server
Mono: successfully reloaded assembly
- Completed reload, in  1.241 seconds
Domain Reload Profiling:
	ReloadAssembly (1242ms)
		BeginReloadAssembly (120ms)
			ExecutionOrderSort (0ms)
			DisableScriptedObjects (4ms)
			BackupInstance (0ms)
			ReleaseScriptingObjects (0ms)
			CreateAndSetChildDomain (26ms)
		EndReloadAssembly (1053ms)
			LoadAssemblies (83ms)
			RebuildTransferFunctionScriptingTraits (0ms)
			SetupTypeCache (218ms)
			ReleaseScriptCaches (2ms)
			RebuildScriptCaches (35ms)
			SetupLoadedEditorAssemblies (695ms)
				LogAssemblyErrors (0ms)
				InitializePlatformSupportModulesInManaged (13ms)
				SetLoadedEditorAssemblies (0ms)
				RefreshPlugins (1ms)
				BeforeProcessingInitializeOnLoad (52ms)
				ProcessInitializeOnLoadAttributes (589ms)
				ProcessInitializeOnLoadMethodAttributes (36ms)
				AfterProcessingInitializeOnLoad (4ms)
				EditorAssembliesLoaded (0ms)
			ExecutionOrderSort2 (0ms)
			AwakeInstancesAfterBackupRestoration (5ms)
Platform modules already initialized, skipping
Refreshing native plugins compatible for Editor in 0.55 ms, found 4 plugins.
Preloading 0 native plugins for Editor in 0.00 ms.
Unloading 3890 Unused Serialized files (Serialized files now loaded: 0)
Unloading 27 unused Assets / (21.9 KB). Loaded Objects now: 4509.
Memory consumption went from 153.3 MB to 153.3 MB.
Total: 2.760800 ms (FindLiveObjects: 0.264000 ms CreateObjectMapping: 0.112900 ms MarkObjects: 2.362100 ms  DeleteObjects: 0.020900 ms)

AssetImportParameters requested are different than current active one (requested -> active):
  custom:video-decoder-ogg-theora: a1e56fd34408186e4bbccfd4996cb3dc -> 
  custom:container-muxer-webm: aa71ff27fc2769a1b78a27578f13a17b -> 
  custom:container-demuxer-webm: 4f35f7cbe854078d1ac9338744f61a02 -> 
  custom:video-encoder-webm-vp8: eb34c28f22e8b96e1ab97ce403110664 -> 
  custom:video-codec-MediaFoundation-h265: 746d11721c4dcdbdad8f713fa42b33f4 -> 
  custom:CustomObjectIndexerAttribute: bc11b3a6c3213fcdd17b65e7da85e133 -> 
  custom:audio-encoder-webm-vorbis: bf7c407c2cedff20999df2af8eb42d56 -> 
  custom:framework-win-MediaFoundation: 216162199b28c13a410421893ffa2e32 -> 
  custom:SearchIndexIgnoredProperties: e643bd26f0fe6173181afceb89e7c659 -> 
  custom:container-demuxer-ogg: 62fdf1f143b41e24485cea50d1cbac27 -> 
  custom:video-decoder-webm-vp8: 9c59270c3fd7afecdb556c50c9e8de78 -> 
  custom:audio-decoder-ogg-vorbis: bf7c407c2cedff20999df2af8eb42d56 -> 
========================================================================
Received Prepare
Registering precompiled user dll's ...
Registered in 0.004362 seconds.
Begin MonoManager ReloadAssembly
Native extension for WindowsStandalone target not found
Native extension for Android target not found
Native extension for WebGL target not found
Refreshing native plugins compatible for Editor in 0.58 ms, found 4 plugins.
Preloading 0 native plugins for Editor in 0.00 ms.
[Package Manager] Server::EnsureServerProcessIsRunning -- launch failed, reason: Unity was launched with the -noUpm command-line argument
[Package Manager] Cannot connect to Unity Package Manager local server
Mono: successfully reloaded assembly
- Completed reload, in  1.270 seconds
Domain Reload Profiling:
	ReloadAssembly (1270ms)
		BeginReloadAssembly (127ms)
			ExecutionOrderSort (0ms)
			DisableScriptedObjects (6ms)
			BackupInstance (0ms)
			ReleaseScriptingObjects (0ms)
			CreateAndSetChildDomain (28ms)
		EndReloadAssembly (1070ms)
			LoadAssemblies (87ms)
			RebuildTransferFunctionScriptingTraits (0ms)
			SetupTypeCache (232ms)
			ReleaseScriptCaches (2ms)
			RebuildScriptCaches (41ms)
			SetupLoadedEditorAssemblies (688ms)
				LogAssemblyErrors (0ms)
				InitializePlatformSupportModulesInManaged (12ms)
				SetLoadedEditorAssemblies (0ms)
				RefreshPlugins (1ms)
				BeforeProcessingInitializeOnLoad (46ms)
				ProcessInitializeOnLoadAttributes (589ms)
				ProcessInitializeOnLoadMethodAttributes (35ms)
				AfterProcessingInitializeOnLoad (5ms)
				EditorAssembliesLoaded (0ms)
			ExecutionOrderSort2 (0ms)
			AwakeInstancesAfterBackupRestoration (6ms)
Platform modules already initialized, skipping
Refreshing native plugins compatible for Editor in 0.54 ms, found 4 plugins.
Preloading 0 native plugins for Editor in 0.00 ms.
Unloading 3890 Unused Serialized files (Serialized files now loaded: 0)
Unloading 27 unused Assets / (21.9 KB). Loaded Objects now: 4512.
Memory consumption went from 153.3 MB to 153.3 MB.
Total: 2.551200 ms (FindLiveObjects: 0.220400 ms CreateObjectMapping: 0.104200 ms MarkObjects: 2.203200 ms  DeleteObjects: 0.022600 ms)

AssetImportParameters requested are different than current active one (requested -> active):
  custom:video-decoder-ogg-theora: a1e56fd34408186e4bbccfd4996cb3dc -> 
  custom:container-muxer-webm: aa71ff27fc2769a1b78a27578f13a17b -> 
  custom:container-demuxer-webm: 4f35f7cbe854078d1ac9338744f61a02 -> 
  custom:video-encoder-webm-vp8: eb34c28f22e8b96e1ab97ce403110664 -> 
  custom:video-codec-MediaFoundation-h265: 746d11721c4dcdbdad8f713fa42b33f4 -> 
  custom:CustomObjectIndexerAttribute: bc11b3a6c3213fcdd17b65e7da85e133 -> 
  custom:audio-encoder-webm-vorbis: bf7c407c2cedff20999df2af8eb42d56 -> 
  custom:framework-win-MediaFoundation: 216162199b28c13a410421893ffa2e32 -> 
  custom:SearchIndexIgnoredProperties: e643bd26f0fe6173181afceb89e7c659 -> 
  custom:container-demuxer-ogg: 62fdf1f143b41e24485cea50d1cbac27 -> 
  custom:video-decoder-webm-vp8: 9c59270c3fd7afecdb556c50c9e8de78 -> 
  custom:audio-decoder-ogg-vorbis: bf7c407c2cedff20999df2af8eb42d56 -> 
========================================================================
Received Prepare
Registering precompiled user dll's ...
Registered in 0.004368 seconds.
Begin MonoManager ReloadAssembly
Native extension for WindowsStandalone target not found
Native extension for Android target not found
Native extension for WebGL target not found
Refreshing native plugins compatible for Editor in 0.78 ms, found 4 plugins.
Preloading 0 native plugins for Editor in 0.00 ms.
[Package Manager] Server::EnsureServerProcessIsRunning -- launch failed, reason: Unity was launched with the -noUpm command-line argument
[Package Manager] Cannot connect to Unity Package Manager local server
Mono: successfully reloaded assembly
- Completed reload, in  1.247 seconds
Domain Reload Profiling:
	ReloadAssembly (1247ms)
		BeginReloadAssembly (120ms)
			ExecutionOrderSort (0ms)
			DisableScriptedObjects (4ms)
			BackupInstance (0ms)
			ReleaseScriptingObjects (0ms)
			CreateAndSetChildDomain (25ms)
		EndReloadAssembly (1047ms)
			LoadAssemblies (81ms)
			RebuildTransferFunctionScriptingTraits (0ms)
			SetupTypeCache (222ms)
			ReleaseScriptCaches (2ms)
			RebuildScriptCaches (43ms)
			SetupLoadedEditorAssemblies (677ms)
				LogAssemblyErrors (0ms)
				InitializePlatformSupportModulesInManaged (13ms)
				SetLoadedEditorAssemblies (0ms)
				RefreshPlugins (1ms)
				BeforeProcessingInitializeOnLoad (48ms)
				ProcessInitializeOnLoadAttributes (584ms)
				ProcessInitializeOnLoadMethodAttributes (27ms)
				AfterProcessingInitializeOnLoad (3ms)
				EditorAssembliesLoaded (0ms)
			ExecutionOrderSort2 (0ms)
			AwakeInstancesAfterBackupRestoration (5ms)
Platform modules already initialized, skipping
Refreshing native plugins compatible for Editor in 0.59 ms, found 4 plugins.
Preloading 0 native plugins for Editor in 0.00 ms.
Unloading 3890 Unused Serialized files (Serialized files now loaded: 0)
Unloading 27 unused Assets / (21.9 KB). Loaded Objects now: 4515.
Memory consumption went from 153.3 MB to 153.3 MB.
Total: 2.663500 ms (FindLiveObjects: 0.197900 ms CreateObjectMapping: 0.090800 ms MarkObjects: 2.354700 ms  DeleteObjects: 0.019500 ms)

AssetImportParameters requested are different than current active one (requested -> active):
  custom:video-decoder-ogg-theora: a1e56fd34408186e4bbccfd4996cb3dc -> 
  custom:container-muxer-webm: aa71ff27fc2769a1b78a27578f13a17b -> 
  custom:container-demuxer-webm: 4f35f7cbe854078d1ac9338744f61a02 -> 
  custom:video-encoder-webm-vp8: eb34c28f22e8b96e1ab97ce403110664 -> 
  custom:video-codec-MediaFoundation-h265: 746d11721c4dcdbdad8f713fa42b33f4 -> 
  custom:CustomObjectIndexerAttribute: bc11b3a6c3213fcdd17b65e7da85e133 -> 
  custom:audio-encoder-webm-vorbis: bf7c407c2cedff20999df2af8eb42d56 -> 
  custom:framework-win-MediaFoundation: 216162199b28c13a410421893ffa2e32 -> 
  custom:SearchIndexIgnoredProperties: e643bd26f0fe6173181afceb89e7c659 -> 
  custom:container-demuxer-ogg: 62fdf1f143b41e24485cea50d1cbac27 -> 
  custom:video-decoder-webm-vp8: 9c59270c3fd7afecdb556c50c9e8de78 -> 
  custom:audio-decoder-ogg-vorbis: bf7c407c2cedff20999df2af8eb42d56 -> 
========================================================================
Received Prepare
Registering precompiled user dll's ...
Registered in 0.003463 seconds.
Begin MonoManager ReloadAssembly
Native extension for WindowsStandalone target not found
Native extension for Android target not found
Native extension for WebGL target not found
Refreshing native plugins compatible for Editor in 0.55 ms, found 4 plugins.
Preloading 0 native plugins for Editor in 0.00 ms.
[Package Manager] Server::EnsureServerProcessIsRunning -- launch failed, reason: Unity was launched with the -noUpm command-line argument
[Package Manager] Cannot connect to Unity Package Manager local server
Mono: successfully reloaded assembly
- Completed reload, in  1.273 seconds
Domain Reload Profiling:
	ReloadAssembly (1274ms)
		BeginReloadAssembly (123ms)
			ExecutionOrderSort (0ms)
			DisableScriptedObjects (5ms)
			BackupInstance (0ms)
			ReleaseScriptingObjects (0ms)
			CreateAndSetChildDomain (27ms)
		EndReloadAssembly (1079ms)
			LoadAssemblies (84ms)
			RebuildTransferFunctionScriptingTraits (0ms)
			SetupTypeCache (219ms)
			ReleaseScriptCaches (1ms)
			RebuildScriptCaches (41ms)
			SetupLoadedEditorAssemblies (717ms)
				LogAssemblyErrors (0ms)
				InitializePlatformSupportModulesInManaged (16ms)
				SetLoadedEditorAssemblies (1ms)
				RefreshPlugins (1ms)
				BeforeProcessingInitializeOnLoad (50ms)
				ProcessInitializeOnLoadAttributes (609ms)
				ProcessInitializeOnLoadMethodAttributes (36ms)
				AfterProcessingInitializeOnLoad (4ms)
				EditorAssembliesLoaded (0ms)
			ExecutionOrderSort2 (0ms)
			AwakeInstancesAfterBackupRestoration (6ms)
Platform modules already initialized, skipping
Refreshing native plugins compatible for Editor in 0.74 ms, found 4 plugins.
Preloading 0 native plugins for Editor in 0.00 ms.
Unloading 3890 Unused Serialized files (Serialized files now loaded: 0)
Unloading 27 unused Assets / (21.9 KB). Loaded Objects now: 4518.
Memory consumption went from 153.3 MB to 153.3 MB.
Total: 2.293600 ms (FindLiveObjects: 0.206400 ms CreateObjectMapping: 0.099600 ms MarkObjects: 1.966200 ms  DeleteObjects: 0.020400 ms)

AssetImportParameters requested are different than current active one (requested -> active):
  custom:video-decoder-ogg-theora: a1e56fd34408186e4bbccfd4996cb3dc -> 
  custom:container-muxer-webm: aa71ff27fc2769a1b78a27578f13a17b -> 
  custom:container-demuxer-webm: 4f35f7cbe854078d1ac9338744f61a02 -> 
  custom:video-encoder-webm-vp8: eb34c28f22e8b96e1ab97ce403110664 -> 
  custom:video-codec-MediaFoundation-h265: 746d11721c4dcdbdad8f713fa42b33f4 -> 
  custom:CustomObjectIndexerAttribute: bc11b3a6c3213fcdd17b65e7da85e133 -> 
  custom:audio-encoder-webm-vorbis: bf7c407c2cedff20999df2af8eb42d56 -> 
  custom:framework-win-MediaFoundation: 216162199b28c13a410421893ffa2e32 -> 
  custom:SearchIndexIgnoredProperties: e643bd26f0fe6173181afceb89e7c659 -> 
  custom:container-demuxer-ogg: 62fdf1f143b41e24485cea50d1cbac27 -> 
  custom:video-decoder-webm-vp8: 9c59270c3fd7afecdb556c50c9e8de78 -> 
  custom:audio-decoder-ogg-vorbis: bf7c407c2cedff20999df2af8eb42d56 -> 
========================================================================
Received Prepare
Registering precompiled user dll's ...
Registered in 0.004611 seconds.
Begin MonoManager ReloadAssembly
Native extension for WindowsStandalone target not found
Native extension for Android target not found
Native extension for WebGL target not found
Refreshing native plugins compatible for Editor in 0.55 ms, found 4 plugins.
Preloading 0 native plugins for Editor in 0.00 ms.
[Package Manager] Server::EnsureServerProcessIsRunning -- launch failed, reason: Unity was launched with the -noUpm command-line argument
[Package Manager] Cannot connect to Unity Package Manager local server
Mono: successfully reloaded assembly
- Completed reload, in  1.269 seconds
Domain Reload Profiling:
	ReloadAssembly (1270ms)
		BeginReloadAssembly (118ms)
			ExecutionOrderSort (0ms)
			DisableScriptedObjects (4ms)
			BackupInstance (0ms)
			ReleaseScriptingObjects (0ms)
			CreateAndSetChildDomain (23ms)
		EndReloadAssembly (1080ms)
			LoadAssemblies (85ms)
			RebuildTransferFunctionScriptingTraits (0ms)
			SetupTypeCache (231ms)
			ReleaseScriptCaches (1ms)
			RebuildScriptCaches (39ms)
			SetupLoadedEditorAssemblies (702ms)
				LogAssemblyErrors (0ms)
				InitializePlatformSupportModulesInManaged (15ms)
				SetLoadedEditorAssemblies (0ms)
				RefreshPlugins (1ms)
				BeforeProcessingInitializeOnLoad (52ms)
				ProcessInitializeOnLoadAttributes (596ms)
				ProcessInitializeOnLoadMethodAttributes (34ms)
				AfterProcessingInitializeOnLoad (4ms)
				EditorAssembliesLoaded (0ms)
			ExecutionOrderSort2 (0ms)
			AwakeInstancesAfterBackupRestoration (6ms)
Platform modules already initialized, skipping
Refreshing native plugins compatible for Editor in 0.55 ms, found 4 plugins.
Preloading 0 native plugins for Editor in 0.00 ms.
Unloading 3890 Unused Serialized files (Serialized files now loaded: 0)
Unloading 27 unused Assets / (21.9 KB). Loaded Objects now: 4521.
Memory consumption went from 153.4 MB to 153.3 MB.
Total: 2.456500 ms (FindLiveObjects: 0.213300 ms CreateObjectMapping: 0.099100 ms MarkObjects: 2.122400 ms  DeleteObjects: 0.020300 ms)

AssetImportParameters requested are different than current active one (requested -> active):
  custom:video-decoder-ogg-theora: a1e56fd34408186e4bbccfd4996cb3dc -> 
  custom:container-muxer-webm: aa71ff27fc2769a1b78a27578f13a17b -> 
  custom:container-demuxer-webm: 4f35f7cbe854078d1ac9338744f61a02 -> 
  custom:video-encoder-webm-vp8: eb34c28f22e8b96e1ab97ce403110664 -> 
  custom:video-codec-MediaFoundation-h265: 746d11721c4dcdbdad8f713fa42b33f4 -> 
  custom:CustomObjectIndexerAttribute: bc11b3a6c3213fcdd17b65e7da85e133 -> 
  custom:audio-encoder-webm-vorbis: bf7c407c2cedff20999df2af8eb42d56 -> 
  custom:framework-win-MediaFoundation: 216162199b28c13a410421893ffa2e32 -> 
  custom:SearchIndexIgnoredProperties: e643bd26f0fe6173181afceb89e7c659 -> 
  custom:container-demuxer-ogg: 62fdf1f143b41e24485cea50d1cbac27 -> 
  custom:video-decoder-webm-vp8: 9c59270c3fd7afecdb556c50c9e8de78 -> 
  custom:audio-decoder-ogg-vorbis: bf7c407c2cedff20999df2af8eb42d56 -> 
========================================================================
Received Prepare
Registering precompiled user dll's ...
Registered in 0.004840 seconds.
Begin MonoManager ReloadAssembly
Native extension for WindowsStandalone target not found
Native extension for Android target not found
Native extension for WebGL target not found
Refreshing native plugins compatible for Editor in 0.81 ms, found 4 plugins.
Preloading 0 native plugins for Editor in 0.00 ms.
[Package Manager] Server::EnsureServerProcessIsRunning -- launch failed, reason: Unity was launched with the -noUpm command-line argument
[Package Manager] Cannot connect to Unity Package Manager local server
Mono: successfully reloaded assembly
- Completed reload, in  1.395 seconds
Domain Reload Profiling:
	ReloadAssembly (1396ms)
		BeginReloadAssembly (150ms)
			ExecutionOrderSort (0ms)
			DisableScriptedObjects (6ms)
			BackupInstance (0ms)
			ReleaseScriptingObjects (0ms)
			CreateAndSetChildDomain (36ms)
		EndReloadAssembly (1161ms)
			LoadAssemblies (105ms)
			RebuildTransferFunctionScriptingTraits (0ms)
			SetupTypeCache (280ms)
			ReleaseScriptCaches (1ms)
			RebuildScriptCaches (47ms)
			SetupLoadedEditorAssemblies (710ms)
				LogAssemblyErrors (0ms)
				InitializePlatformSupportModulesInManaged (16ms)
				SetLoadedEditorAssemblies (1ms)
				RefreshPlugins (1ms)
				BeforeProcessingInitializeOnLoad (59ms)
				ProcessInitializeOnLoadAttributes (596ms)
				ProcessInitializeOnLoadMethodAttributes (33ms)
				AfterProcessingInitializeOnLoad (5ms)
				EditorAssembliesLoaded (0ms)
			ExecutionOrderSort2 (0ms)
			AwakeInstancesAfterBackupRestoration (6ms)
Platform modules already initialized, skipping
Refreshing native plugins compatible for Editor in 0.61 ms, found 4 plugins.
Preloading 0 native plugins for Editor in 0.00 ms.
Unloading 3890 Unused Serialized files (Serialized files now loaded: 0)
Unloading 27 unused Assets / (21.9 KB). Loaded Objects now: 4524.
Memory consumption went from 153.4 MB to 153.3 MB.
Total: 2.492400 ms (FindLiveObjects: 0.219400 ms CreateObjectMapping: 0.110500 ms MarkObjects: 2.139600 ms  DeleteObjects: 0.022100 ms)

AssetImportParameters requested are different than current active one (requested -> active):
  custom:video-decoder-ogg-theora: a1e56fd34408186e4bbccfd4996cb3dc -> 
  custom:container-muxer-webm: aa71ff27fc2769a1b78a27578f13a17b -> 
  custom:container-demuxer-webm: 4f35f7cbe854078d1ac9338744f61a02 -> 
  custom:video-encoder-webm-vp8: eb34c28f22e8b96e1ab97ce403110664 -> 
  custom:video-codec-MediaFoundation-h265: 746d11721c4dcdbdad8f713fa42b33f4 -> 
  custom:CustomObjectIndexerAttribute: bc11b3a6c3213fcdd17b65e7da85e133 -> 
  custom:audio-encoder-webm-vorbis: bf7c407c2cedff20999df2af8eb42d56 -> 
  custom:framework-win-MediaFoundation: 216162199b28c13a410421893ffa2e32 -> 
  custom:SearchIndexIgnoredProperties: e643bd26f0fe6173181afceb89e7c659 -> 
  custom:container-demuxer-ogg: 62fdf1f143b41e24485cea50d1cbac27 -> 
  custom:video-decoder-webm-vp8: 9c59270c3fd7afecdb556c50c9e8de78 -> 
  custom:audio-decoder-ogg-vorbis: bf7c407c2cedff20999df2af8eb42d56 -> 
========================================================================
Received Prepare
Registering precompiled user dll's ...
Registered in 0.003812 seconds.
Begin MonoManager ReloadAssembly
Native extension for WindowsStandalone target not found
Native extension for Android target not found
Native extension for WebGL target not found
Refreshing native plugins compatible for Editor in 0.58 ms, found 4 plugins.
Preloading 0 native plugins for Editor in 0.00 ms.
[Package Manager] Server::EnsureServerProcessIsRunning -- launch failed, reason: Unity was launched with the -noUpm command-line argument
[Package Manager] Cannot connect to Unity Package Manager local server
Mono: successfully reloaded assembly
- Completed reload, in  1.251 seconds
Domain Reload Profiling:
	ReloadAssembly (1251ms)
		BeginReloadAssembly (119ms)
			ExecutionOrderSort (0ms)
			DisableScriptedObjects (4ms)
			BackupInstance (0ms)
			ReleaseScriptingObjects (0ms)
			CreateAndSetChildDomain (25ms)
		EndReloadAssembly (1061ms)
			LoadAssemblies (87ms)
			RebuildTransferFunctionScriptingTraits (0ms)
			SetupTypeCache (230ms)
			ReleaseScriptCaches (1ms)
			RebuildScriptCaches (41ms)
			SetupLoadedEditorAssemblies (680ms)
				LogAssemblyErrors (0ms)
				InitializePlatformSupportModulesInManaged (12ms)
				SetLoadedEditorAssemblies (0ms)
				RefreshPlugins (1ms)
				BeforeProcessingInitializeOnLoad (50ms)
				ProcessInitializeOnLoadAttributes (582ms)
				ProcessInitializeOnLoadMethodAttributes (32ms)
				AfterProcessingInitializeOnLoad (3ms)
				EditorAssembliesLoaded (0ms)
			ExecutionOrderSort2 (0ms)
			AwakeInstancesAfterBackupRestoration (5ms)
Platform modules already initialized, skipping
Refreshing native plugins compatible for Editor in 0.54 ms, found 4 plugins.
Preloading 0 native plugins for Editor in 0.00 ms.
Unloading 3890 Unused Serialized files (Serialized files now loaded: 0)
Unloading 27 unused Assets / (22.0 KB). Loaded Objects now: 4527.
Memory consumption went from 153.4 MB to 153.4 MB.
Total: 2.405800 ms (FindLiveObjects: 0.208300 ms CreateObjectMapping: 0.098200 ms MarkObjects: 2.074600 ms  DeleteObjects: 0.023700 ms)

AssetImportParameters requested are different than current active one (requested -> active):
  custom:video-decoder-ogg-theora: a1e56fd34408186e4bbccfd4996cb3dc -> 
  custom:container-muxer-webm: aa71ff27fc2769a1b78a27578f13a17b -> 
  custom:container-demuxer-webm: 4f35f7cbe854078d1ac9338744f61a02 -> 
  custom:video-encoder-webm-vp8: eb34c28f22e8b96e1ab97ce403110664 -> 
  custom:video-codec-MediaFoundation-h265: 746d11721c4dcdbdad8f713fa42b33f4 -> 
  custom:CustomObjectIndexerAttribute: bc11b3a6c3213fcdd17b65e7da85e133 -> 
  custom:audio-encoder-webm-vorbis: bf7c407c2cedff20999df2af8eb42d56 -> 
  custom:framework-win-MediaFoundation: 216162199b28c13a410421893ffa2e32 -> 
  custom:SearchIndexIgnoredProperties: e643bd26f0fe6173181afceb89e7c659 -> 
  custom:container-demuxer-ogg: 62fdf1f143b41e24485cea50d1cbac27 -> 
  custom:video-decoder-webm-vp8: 9c59270c3fd7afecdb556c50c9e8de78 -> 
  custom:audio-decoder-ogg-vorbis: bf7c407c2cedff20999df2af8eb42d56 -> 
========================================================================
Received Prepare
Registering precompiled user dll's ...
Registered in 0.003844 seconds.
Begin MonoManager ReloadAssembly
Native extension for WindowsStandalone target not found
Native extension for Android target not found
Native extension for WebGL target not found
Refreshing native plugins compatible for Editor in 0.57 ms, found 4 plugins.
Preloading 0 native plugins for Editor in 0.00 ms.
[Package Manager] Server::EnsureServerProcessIsRunning -- launch failed, reason: Unity was launched with the -noUpm command-line argument
[Package Manager] Cannot connect to Unity Package Manager local server
Mono: successfully reloaded assembly
- Completed reload, in  1.255 seconds
Domain Reload Profiling:
	ReloadAssembly (1256ms)
		BeginReloadAssembly (114ms)
			ExecutionOrderSort (0ms)
			DisableScriptedObjects (5ms)
			BackupInstance (0ms)
			ReleaseScriptingObjects (0ms)
			CreateAndSetChildDomain (27ms)
		EndReloadAssembly (1065ms)
			LoadAssemblies (76ms)
			RebuildTransferFunctionScriptingTraits (0ms)
			SetupTypeCache (241ms)
			ReleaseScriptCaches (2ms)
			RebuildScriptCaches (43ms)
			SetupLoadedEditorAssemblies (678ms)
				LogAssemblyErrors (0ms)
				InitializePlatformSupportModulesInManaged (12ms)
				SetLoadedEditorAssemblies (0ms)
				RefreshPlugins (1ms)
				BeforeProcessingInitializeOnLoad (48ms)
				ProcessInitializeOnLoadAttributes (585ms)
				ProcessInitializeOnLoadMethodAttributes (28ms)
				AfterProcessingInitializeOnLoad (4ms)
				EditorAssembliesLoaded (0ms)
			ExecutionOrderSort2 (0ms)
			AwakeInstancesAfterBackupRestoration (5ms)
Platform modules already initialized, skipping
Refreshing native plugins compatible for Editor in 0.63 ms, found 4 plugins.
Preloading 0 native plugins for Editor in 0.00 ms.
Unloading 3890 Unused Serialized files (Serialized files now loaded: 0)
Unloading 27 unused Assets / (22.0 KB). Loaded Objects now: 4530.
Memory consumption went from 153.4 MB to 153.4 MB.
Total: 2.354400 ms (FindLiveObjects: 0.210600 ms CreateObjectMapping: 0.109100 ms MarkObjects: 2.012300 ms  DeleteObjects: 0.021300 ms)

AssetImportParameters requested are different than current active one (requested -> active):
  custom:video-decoder-ogg-theora: a1e56fd34408186e4bbccfd4996cb3dc -> 
  custom:container-muxer-webm: aa71ff27fc2769a1b78a27578f13a17b -> 
  custom:container-demuxer-webm: 4f35f7cbe854078d1ac9338744f61a02 -> 
  custom:video-encoder-webm-vp8: eb34c28f22e8b96e1ab97ce403110664 -> 
  custom:video-codec-MediaFoundation-h265: 746d11721c4dcdbdad8f713fa42b33f4 -> 
  custom:CustomObjectIndexerAttribute: bc11b3a6c3213fcdd17b65e7da85e133 -> 
  custom:audio-encoder-webm-vorbis: bf7c407c2cedff20999df2af8eb42d56 -> 
  custom:framework-win-MediaFoundation: 216162199b28c13a410421893ffa2e32 -> 
  custom:SearchIndexIgnoredProperties: e643bd26f0fe6173181afceb89e7c659 -> 
  custom:container-demuxer-ogg: 62fdf1f143b41e24485cea50d1cbac27 -> 
  custom:video-decoder-webm-vp8: 9c59270c3fd7afecdb556c50c9e8de78 -> 
  custom:audio-decoder-ogg-vorbis: bf7c407c2cedff20999df2af8eb42d56 -> 
========================================================================
Received Prepare
Registering precompiled user dll's ...
Registered in 0.005211 seconds.
Begin MonoManager ReloadAssembly
Native extension for WindowsStandalone target not found
Native extension for Android target not found
Native extension for WebGL target not found
Refreshing native plugins compatible for Editor in 0.86 ms, found 4 plugins.
Preloading 0 native plugins for Editor in 0.00 ms.
[Package Manager] Server::EnsureServerProcessIsRunning -- launch failed, reason: Unity was launched with the -noUpm command-line argument
[Package Manager] Cannot connect to Unity Package Manager local server
Mono: successfully reloaded assembly
- Completed reload, in  1.243 seconds
Domain Reload Profiling:
	ReloadAssembly (1243ms)
		BeginReloadAssembly (119ms)
			ExecutionOrderSort (0ms)
			DisableScriptedObjects (5ms)
			BackupInstance (0ms)
			ReleaseScriptingObjects (0ms)
			CreateAndSetChildDomain (27ms)
		EndReloadAssembly (1051ms)
			LoadAssemblies (79ms)
			RebuildTransferFunctionScriptingTraits (0ms)
			SetupTypeCache (230ms)
			ReleaseScriptCaches (1ms)
			RebuildScriptCaches (35ms)
			SetupLoadedEditorAssemblies (689ms)
				LogAssemblyErrors (0ms)
				InitializePlatformSupportModulesInManaged (14ms)
				SetLoadedEditorAssemblies (0ms)
				RefreshPlugins (1ms)
				BeforeProcessingInitializeOnLoad (50ms)
				ProcessInitializeOnLoadAttributes (584ms)
				ProcessInitializeOnLoadMethodAttributes (34ms)
				AfterProcessingInitializeOnLoad (4ms)
				EditorAssembliesLoaded (0ms)
			ExecutionOrderSort2 (0ms)
			AwakeInstancesAfterBackupRestoration (5ms)
Platform modules already initialized, skipping
Refreshing native plugins compatible for Editor in 0.75 ms, found 4 plugins.
Preloading 0 native plugins for Editor in 0.00 ms.
Unloading 3890 Unused Serialized files (Serialized files now loaded: 0)
Unloading 27 unused Assets / (21.9 KB). Loaded Objects now: 4533.
Memory consumption went from 153.4 MB to 153.4 MB.
Total: 3.158000 ms (FindLiveObjects: 0.286200 ms CreateObjectMapping: 0.244100 ms MarkObjects: 2.598200 ms  DeleteObjects: 0.028200 ms)

AssetImportParameters requested are different than current active one (requested -> active):
  custom:video-decoder-ogg-theora: a1e56fd34408186e4bbccfd4996cb3dc -> 
  custom:container-muxer-webm: aa71ff27fc2769a1b78a27578f13a17b -> 
  custom:container-demuxer-webm: 4f35f7cbe854078d1ac9338744f61a02 -> 
  custom:video-encoder-webm-vp8: eb34c28f22e8b96e1ab97ce403110664 -> 
  custom:video-codec-MediaFoundation-h265: 746d11721c4dcdbdad8f713fa42b33f4 -> 
  custom:CustomObjectIndexerAttribute: bc11b3a6c3213fcdd17b65e7da85e133 -> 
  custom:audio-encoder-webm-vorbis: bf7c407c2cedff20999df2af8eb42d56 -> 
  custom:framework-win-MediaFoundation: 216162199b28c13a410421893ffa2e32 -> 
  custom:SearchIndexIgnoredProperties: e643bd26f0fe6173181afceb89e7c659 -> 
  custom:container-demuxer-ogg: 62fdf1f143b41e24485cea50d1cbac27 -> 
  custom:video-decoder-webm-vp8: 9c59270c3fd7afecdb556c50c9e8de78 -> 
  custom:audio-decoder-ogg-vorbis: bf7c407c2cedff20999df2af8eb42d56 -> 
========================================================================
Received Prepare
Registering precompiled user dll's ...
Registered in 0.007013 seconds.
Begin MonoManager ReloadAssembly
Native extension for WindowsStandalone target not found
Native extension for Android target not found
Native extension for WebGL target not found
Refreshing native plugins compatible for Editor in 0.84 ms, found 4 plugins.
Preloading 0 native plugins for Editor in 0.00 ms.
[Package Manager] Server::EnsureServerProcessIsRunning -- launch failed, reason: Unity was launched with the -noUpm command-line argument
[Package Manager] Cannot connect to Unity Package Manager local server
Mono: successfully reloaded assembly
- Completed reload, in  1.313 seconds
Domain Reload Profiling:
	ReloadAssembly (1314ms)
		BeginReloadAssembly (139ms)
			ExecutionOrderSort (0ms)
			DisableScriptedObjects (7ms)
			BackupInstance (0ms)
			ReleaseScriptingObjects (0ms)
			CreateAndSetChildDomain (28ms)
		EndReloadAssembly (1095ms)
			LoadAssemblies (97ms)
			RebuildTransferFunctionScriptingTraits (0ms)
			SetupTypeCache (264ms)
			ReleaseScriptCaches (1ms)
			RebuildScriptCaches (41ms)
			SetupLoadedEditorAssemblies (679ms)
				LogAssemblyErrors (0ms)
				InitializePlatformSupportModulesInManaged (15ms)
				SetLoadedEditorAssemblies (1ms)
				RefreshPlugins (1ms)
				BeforeProcessingInitializeOnLoad (60ms)
				ProcessInitializeOnLoadAttributes (570ms)
				ProcessInitializeOnLoadMethodAttributes (29ms)
				AfterProcessingInitializeOnLoad (4ms)
				EditorAssembliesLoaded (0ms)
			ExecutionOrderSort2 (0ms)
			AwakeInstancesAfterBackupRestoration (7ms)
Platform modules already initialized, skipping
Refreshing native plugins compatible for Editor in 0.50 ms, found 4 plugins.
Preloading 0 native plugins for Editor in 0.00 ms.
Unloading 3890 Unused Serialized files (Serialized files now loaded: 0)
Unloading 27 unused Assets / (22.0 KB). Loaded Objects now: 4536.
Memory consumption went from 153.4 MB to 153.4 MB.
Total: 2.929600 ms (FindLiveObjects: 0.254500 ms CreateObjectMapping: 0.180900 ms MarkObjects: 2.468000 ms  DeleteObjects: 0.025300 ms)

AssetImportParameters requested are different than current active one (requested -> active):
  custom:video-decoder-ogg-theora: a1e56fd34408186e4bbccfd4996cb3dc -> 
  custom:container-muxer-webm: aa71ff27fc2769a1b78a27578f13a17b -> 
  custom:container-demuxer-webm: 4f35f7cbe854078d1ac9338744f61a02 -> 
  custom:video-encoder-webm-vp8: eb34c28f22e8b96e1ab97ce403110664 -> 
  custom:video-codec-MediaFoundation-h265: 746d11721c4dcdbdad8f713fa42b33f4 -> 
  custom:CustomObjectIndexerAttribute: bc11b3a6c3213fcdd17b65e7da85e133 -> 
  custom:audio-encoder-webm-vorbis: bf7c407c2cedff20999df2af8eb42d56 -> 
  custom:framework-win-MediaFoundation: 216162199b28c13a410421893ffa2e32 -> 
  custom:SearchIndexIgnoredProperties: e643bd26f0fe6173181afceb89e7c659 -> 
  custom:container-demuxer-ogg: 62fdf1f143b41e24485cea50d1cbac27 -> 
  custom:video-decoder-webm-vp8: 9c59270c3fd7afecdb556c50c9e8de78 -> 
  custom:audio-decoder-ogg-vorbis: bf7c407c2cedff20999df2af8eb42d56 -> 
========================================================================
Received Prepare
Registering precompiled user dll's ...
Registered in 0.005311 seconds.
Begin MonoManager ReloadAssembly
Native extension for WindowsStandalone target not found
Native extension for Android target not found
Native extension for WebGL target not found
Refreshing native plugins compatible for Editor in 0.58 ms, found 4 plugins.
Preloading 0 native plugins for Editor in 0.00 ms.
[Package Manager] Server::EnsureServerProcessIsRunning -- launch failed, reason: Unity was launched with the -noUpm command-line argument
[Package Manager] Cannot connect to Unity Package Manager local server
Mono: successfully reloaded assembly
- Completed reload, in  1.517 seconds
Domain Reload Profiling:
	ReloadAssembly (1518ms)
		BeginReloadAssembly (120ms)
			ExecutionOrderSort (0ms)
			DisableScriptedObjects (4ms)
			BackupInstance (0ms)
			ReleaseScriptingObjects (0ms)
			CreateAndSetChildDomain (24ms)
		EndReloadAssembly (1307ms)
			LoadAssemblies (90ms)
			RebuildTransferFunctionScriptingTraits (0ms)
			SetupTypeCache (309ms)
			ReleaseScriptCaches (2ms)
			RebuildScriptCaches (52ms)
			SetupLoadedEditorAssemblies (808ms)
				LogAssemblyErrors (0ms)
				InitializePlatformSupportModulesInManaged (16ms)
				SetLoadedEditorAssemblies (0ms)
				RefreshPlugins (1ms)
				BeforeProcessingInitializeOnLoad (76ms)
				ProcessInitializeOnLoadAttributes (668ms)
				ProcessInitializeOnLoadMethodAttributes (39ms)
				AfterProcessingInitializeOnLoad (7ms)
				EditorAssembliesLoaded (0ms)
			ExecutionOrderSort2 (0ms)
			AwakeInstancesAfterBackupRestoration (8ms)
Platform modules already initialized, skipping
Refreshing native plugins compatible for Editor in 0.71 ms, found 4 plugins.
Preloading 0 native plugins for Editor in 0.00 ms.
Unloading 3890 Unused Serialized files (Serialized files now loaded: 0)
Unloading 27 unused Assets / (21.9 KB). Loaded Objects now: 4539.
Memory consumption went from 153.4 MB to 153.4 MB.
Total: 3.228300 ms (FindLiveObjects: 0.250900 ms CreateObjectMapping: 0.219700 ms MarkObjects: 2.730700 ms  DeleteObjects: 0.025600 ms)

AssetImportParameters requested are different than current active one (requested -> active):
  custom:video-decoder-ogg-theora: a1e56fd34408186e4bbccfd4996cb3dc -> 
  custom:container-muxer-webm: aa71ff27fc2769a1b78a27578f13a17b -> 
  custom:container-demuxer-webm: 4f35f7cbe854078d1ac9338744f61a02 -> 
  custom:video-encoder-webm-vp8: eb34c28f22e8b96e1ab97ce403110664 -> 
  custom:video-codec-MediaFoundation-h265: 746d11721c4dcdbdad8f713fa42b33f4 -> 
  custom:CustomObjectIndexerAttribute: bc11b3a6c3213fcdd17b65e7da85e133 -> 
  custom:audio-encoder-webm-vorbis: bf7c407c2cedff20999df2af8eb42d56 -> 
  custom:framework-win-MediaFoundation: 216162199b28c13a410421893ffa2e32 -> 
  custom:SearchIndexIgnoredProperties: e643bd26f0fe6173181afceb89e7c659 -> 
  custom:container-demuxer-ogg: 62fdf1f143b41e24485cea50d1cbac27 -> 
  custom:video-decoder-webm-vp8: 9c59270c3fd7afecdb556c50c9e8de78 -> 
  custom:audio-decoder-ogg-vorbis: bf7c407c2cedff20999df2af8eb42d56 -> 
========================================================================
Received Prepare
Registering precompiled user dll's ...
Registered in 0.004243 seconds.
Begin MonoManager ReloadAssembly
Native extension for WindowsStandalone target not found
Native extension for Android target not found
Native extension for WebGL target not found
Refreshing native plugins compatible for Editor in 0.69 ms, found 4 plugins.
Preloading 0 native plugins for Editor in 0.00 ms.
[Package Manager] Server::EnsureServerProcessIsRunning -- launch failed, reason: Unity was launched with the -noUpm command-line argument
[Package Manager] Cannot connect to Unity Package Manager local server
Mono: successfully reloaded assembly
- Completed reload, in  1.357 seconds
Domain Reload Profiling:
	ReloadAssembly (1358ms)
		BeginReloadAssembly (138ms)
			ExecutionOrderSort (0ms)
			DisableScriptedObjects (5ms)
			BackupInstance (0ms)
			ReleaseScriptingObjects (0ms)
			CreateAndSetChildDomain (36ms)
		EndReloadAssembly (1119ms)
			LoadAssemblies (91ms)
			RebuildTransferFunctionScriptingTraits (0ms)
			SetupTypeCache (245ms)
			ReleaseScriptCaches (1ms)
			RebuildScriptCaches (43ms)
			SetupLoadedEditorAssemblies (716ms)
				LogAssemblyErrors (0ms)
				InitializePlatformSupportModulesInManaged (14ms)
				SetLoadedEditorAssemblies (0ms)
				RefreshPlugins (1ms)
				BeforeProcessingInitializeOnLoad (55ms)
				ProcessInitializeOnLoadAttributes (607ms)
				ProcessInitializeOnLoadMethodAttributes (34ms)
				AfterProcessingInitializeOnLoad (4ms)
				EditorAssembliesLoaded (0ms)
			ExecutionOrderSort2 (0ms)
			AwakeInstancesAfterBackupRestoration (6ms)
Platform modules already initialized, skipping
Refreshing native plugins compatible for Editor in 0.55 ms, found 4 plugins.
Preloading 0 native plugins for Editor in 0.00 ms.
Unloading 3890 Unused Serialized files (Serialized files now loaded: 0)
Unloading 27 unused Assets / (21.9 KB). Loaded Objects now: 4542.
Memory consumption went from 153.4 MB to 153.4 MB.
Total: 3.361200 ms (FindLiveObjects: 0.287200 ms CreateObjectMapping: 0.324000 ms MarkObjects: 2.716200 ms  DeleteObjects: 0.032300 ms)

AssetImportParameters requested are different than current active one (requested -> active):
  custom:video-decoder-ogg-theora: a1e56fd34408186e4bbccfd4996cb3dc -> 
  custom:container-muxer-webm: aa71ff27fc2769a1b78a27578f13a17b -> 
  custom:container-demuxer-webm: 4f35f7cbe854078d1ac9338744f61a02 -> 
  custom:video-encoder-webm-vp8: eb34c28f22e8b96e1ab97ce403110664 -> 
  custom:video-codec-MediaFoundation-h265: 746d11721c4dcdbdad8f713fa42b33f4 -> 
  custom:CustomObjectIndexerAttribute: bc11b3a6c3213fcdd17b65e7da85e133 -> 
  custom:audio-encoder-webm-vorbis: bf7c407c2cedff20999df2af8eb42d56 -> 
  custom:framework-win-MediaFoundation: 216162199b28c13a410421893ffa2e32 -> 
  custom:SearchIndexIgnoredProperties: e643bd26f0fe6173181afceb89e7c659 -> 
  custom:container-demuxer-ogg: 62fdf1f143b41e24485cea50d1cbac27 -> 
  custom:video-decoder-webm-vp8: 9c59270c3fd7afecdb556c50c9e8de78 -> 
  custom:audio-decoder-ogg-vorbis: bf7c407c2cedff20999df2af8eb42d56 -> 
========================================================================
Received Prepare
Registering precompiled user dll's ...
Registered in 0.006147 seconds.
Begin MonoManager ReloadAssembly
Native extension for WindowsStandalone target not found
Native extension for Android target not found
Native extension for WebGL target not found
Refreshing native plugins compatible for Editor in 0.53 ms, found 4 plugins.
Preloading 0 native plugins for Editor in 0.00 ms.
[Package Manager] Server::EnsureServerProcessIsRunning -- launch failed, reason: Unity was launched with the -noUpm command-line argument
[Package Manager] Cannot connect to Unity Package Manager local server
Mono: successfully reloaded assembly
- Completed reload, in  1.407 seconds
Domain Reload Profiling:
	ReloadAssembly (1407ms)
		BeginReloadAssembly (137ms)
			ExecutionOrderSort (0ms)
			DisableScriptedObjects (5ms)
			BackupInstance (0ms)
			ReleaseScriptingObjects (0ms)
			CreateAndSetChildDomain (31ms)
		EndReloadAssembly (1182ms)
			LoadAssemblies (95ms)
			RebuildTransferFunctionScriptingTraits (0ms)
			SetupTypeCache (272ms)
			ReleaseScriptCaches (2ms)
			RebuildScriptCaches (45ms)
			SetupLoadedEditorAssemblies (743ms)
				LogAssemblyErrors (0ms)
				InitializePlatformSupportModulesInManaged (13ms)
				SetLoadedEditorAssemblies (0ms)
				RefreshPlugins (1ms)
				BeforeProcessingInitializeOnLoad (63ms)
				ProcessInitializeOnLoadAttributes (625ms)
				ProcessInitializeOnLoadMethodAttributes (36ms)
				AfterProcessingInitializeOnLoad (5ms)
				EditorAssembliesLoaded (0ms)
			ExecutionOrderSort2 (0ms)
			AwakeInstancesAfterBackupRestoration (6ms)
Platform modules already initialized, skipping
Refreshing native plugins compatible for Editor in 0.60 ms, found 4 plugins.
Preloading 0 native plugins for Editor in 0.00 ms.
Unloading 3890 Unused Serialized files (Serialized files now loaded: 0)
Unloading 27 unused Assets / (21.9 KB). Loaded Objects now: 4545.
Memory consumption went from 153.4 MB to 153.4 MB.
Total: 2.344600 ms (FindLiveObjects: 0.224100 ms CreateObjectMapping: 0.105100 ms MarkObjects: 1.992000 ms  DeleteObjects: 0.022400 ms)

AssetImportParameters requested are different than current active one (requested -> active):
  custom:video-decoder-ogg-theora: a1e56fd34408186e4bbccfd4996cb3dc -> 
  custom:container-muxer-webm: aa71ff27fc2769a1b78a27578f13a17b -> 
  custom:container-demuxer-webm: 4f35f7cbe854078d1ac9338744f61a02 -> 
  custom:video-encoder-webm-vp8: eb34c28f22e8b96e1ab97ce403110664 -> 
  custom:video-codec-MediaFoundation-h265: 746d11721c4dcdbdad8f713fa42b33f4 -> 
  custom:CustomObjectIndexerAttribute: bc11b3a6c3213fcdd17b65e7da85e133 -> 
  custom:audio-encoder-webm-vorbis: bf7c407c2cedff20999df2af8eb42d56 -> 
  custom:framework-win-MediaFoundation: 216162199b28c13a410421893ffa2e32 -> 
  custom:SearchIndexIgnoredProperties: e643bd26f0fe6173181afceb89e7c659 -> 
  custom:container-demuxer-ogg: 62fdf1f143b41e24485cea50d1cbac27 -> 
  custom:video-decoder-webm-vp8: 9c59270c3fd7afecdb556c50c9e8de78 -> 
  custom:audio-decoder-ogg-vorbis: bf7c407c2cedff20999df2af8eb42d56 -> 
========================================================================
Received Import Request.
  Time since last request: 1184.860859 seconds.
  path: Assets/Scripts/MovementPhisic.cs
  artifactKey: Guid(1d8d0ace1f8ca294ca6f7dd9203e7ba4) Importer(815301076,1909f56bfc062723c751e8b465ee728b)
Number of updated assets reloaded before import = 0
Start importing Assets/Scripts/MovementPhisic.cs using Guid(1d8d0ace1f8ca294ca6f7dd9203e7ba4) Importer(815301076,1909f56bfc062723c751e8b465ee728b)  -> (artifact id: 'd786a7eba37692479dec6c95b864d5f6') in 0.018009 seconds 
Number of asset objects unloaded after import = 0
========================================================================
Received Import Request.
  Time since last request: 109.767827 seconds.
  path: Assets/Scripts/MovementPhisic.cs
  artifactKey: Guid(1d8d0ace1f8ca294ca6f7dd9203e7ba4) Importer(815301076,1909f56bfc062723c751e8b465ee728b)
Number of updated assets reloaded before import = 0
Start importing Assets/Scripts/MovementPhisic.cs using Guid(1d8d0ace1f8ca294ca6f7dd9203e7ba4) Importer(815301076,1909f56bfc062723c751e8b465ee728b)  -> (artifact id: '634da702d16f06c92980f2cca5fb0557') in 0.004262 seconds 
Number of asset objects unloaded after import = 0
========================================================================
Received Import Request.
  Time since last request: 21.536353 seconds.
  path: Assets/Scripts/MovementPhisic.cs
  artifactKey: Guid(1d8d0ace1f8ca294ca6f7dd9203e7ba4) Importer(815301076,1909f56bfc062723c751e8b465ee728b)
Number of updated assets reloaded before import = 0
Start importing Assets/Scripts/MovementPhisic.cs using Guid(1d8d0ace1f8ca294ca6f7dd9203e7ba4) Importer(815301076,1909f56bfc062723c751e8b465ee728b)  -> (artifact id: 'f0451f71c122bbe1f3cf4ac90cdb73ed') in 0.004759 seconds 
Number of asset objects unloaded after import = 0
========================================================================
Received Prepare
Registering precompiled user dll's ...
Registered in 0.004739 seconds.
Begin MonoManager ReloadAssembly
Native extension for WindowsStandalone target not found
Native extension for Android target not found
Native extension for WebGL target not found
Refreshing native plugins compatible for Editor in 0.64 ms, found 4 plugins.
Preloading 0 native plugins for Editor in 0.00 ms.
[Package Manager] Server::EnsureServerProcessIsRunning -- launch failed, reason: Unity was launched with the -noUpm command-line argument
[Package Manager] Cannot connect to Unity Package Manager local server
Mono: successfully reloaded assembly
- Completed reload, in  1.459 seconds
Domain Reload Profiling:
	ReloadAssembly (1460ms)
		BeginReloadAssembly (215ms)
			ExecutionOrderSort (0ms)
			DisableScriptedObjects (7ms)
			BackupInstance (0ms)
			ReleaseScriptingObjects (0ms)
			CreateAndSetChildDomain (30ms)
		EndReloadAssembly (1134ms)
			LoadAssemblies (174ms)
			RebuildTransferFunctionScriptingTraits (0ms)
			SetupTypeCache (326ms)
			ReleaseScriptCaches (1ms)
			RebuildScriptCaches (36ms)
			SetupLoadedEditorAssemblies (668ms)
				LogAssemblyErrors (0ms)
				InitializePlatformSupportModulesInManaged (13ms)
				SetLoadedEditorAssemblies (0ms)
				RefreshPlugins (1ms)
				BeforeProcessingInitializeOnLoad (47ms)
				ProcessInitializeOnLoadAttributes (573ms)
				ProcessInitializeOnLoadMethodAttributes (32ms)
				AfterProcessingInitializeOnLoad (3ms)
				EditorAssembliesLoaded (0ms)
			ExecutionOrderSort2 (0ms)
			AwakeInstancesAfterBackupRestoration (5ms)
Platform modules already initialized, skipping
Refreshing native plugins compatible for Editor in 0.56 ms, found 4 plugins.
Preloading 0 native plugins for Editor in 0.00 ms.
Unloading 3890 Unused Serialized files (Serialized files now loaded: 0)
Unloading 27 unused Assets / (22.0 KB). Loaded Objects now: 4548.
Memory consumption went from 153.4 MB to 153.4 MB.
Total: 2.516200 ms (FindLiveObjects: 0.207100 ms CreateObjectMapping: 0.098400 ms MarkObjects: 2.180800 ms  DeleteObjects: 0.029000 ms)

AssetImportParameters requested are different than current active one (requested -> active):
  custom:video-decoder-ogg-theora: a1e56fd34408186e4bbccfd4996cb3dc -> 
  custom:container-muxer-webm: aa71ff27fc2769a1b78a27578f13a17b -> 
  custom:container-demuxer-webm: 4f35f7cbe854078d1ac9338744f61a02 -> 
  custom:video-encoder-webm-vp8: eb34c28f22e8b96e1ab97ce403110664 -> 
  custom:video-codec-MediaFoundation-h265: 746d11721c4dcdbdad8f713fa42b33f4 -> 
  custom:CustomObjectIndexerAttribute: bc11b3a6c3213fcdd17b65e7da85e133 -> 
  custom:audio-encoder-webm-vorbis: bf7c407c2cedff20999df2af8eb42d56 -> 
  custom:framework-win-MediaFoundation: 216162199b28c13a410421893ffa2e32 -> 
  custom:SearchIndexIgnoredProperties: e643bd26f0fe6173181afceb89e7c659 -> 
  custom:container-demuxer-ogg: 62fdf1f143b41e24485cea50d1cbac27 -> 
  custom:video-decoder-webm-vp8: 9c59270c3fd7afecdb556c50c9e8de78 -> 
  custom:audio-decoder-ogg-vorbis: bf7c407c2cedff20999df2af8eb42d56 -> 
========================================================================
Received Prepare
Registering precompiled user dll's ...
Registered in 0.004446 seconds.
Begin MonoManager ReloadAssembly
Native extension for WindowsStandalone target not found
Native extension for Android target not found
Native extension for WebGL target not found
Refreshing native plugins compatible for Editor in 0.50 ms, found 4 plugins.
Preloading 0 native plugins for Editor in 0.00 ms.
[Package Manager] Server::EnsureServerProcessIsRunning -- launch failed, reason: Unity was launched with the -noUpm command-line argument
[Package Manager] Cannot connect to Unity Package Manager local server
Mono: successfully reloaded assembly
- Completed reload, in  1.174 seconds
Domain Reload Profiling:
	ReloadAssembly (1175ms)
		BeginReloadAssembly (118ms)
			ExecutionOrderSort (0ms)
			DisableScriptedObjects (4ms)
			BackupInstance (0ms)
			ReleaseScriptingObjects (0ms)
			CreateAndSetChildDomain (27ms)
		EndReloadAssembly (981ms)
			LoadAssemblies (84ms)
			RebuildTransferFunctionScriptingTraits (0ms)
			SetupTypeCache (192ms)
			ReleaseScriptCaches (1ms)
			RebuildScriptCaches (38ms)
			SetupLoadedEditorAssemblies (653ms)
				LogAssemblyErrors (0ms)
				InitializePlatformSupportModulesInManaged (14ms)
				SetLoadedEditorAssemblies (0ms)
				RefreshPlugins (1ms)
				BeforeProcessingInitializeOnLoad (47ms)
				ProcessInitializeOnLoadAttributes (563ms)
				ProcessInitializeOnLoadMethodAttributes (25ms)
				AfterProcessingInitializeOnLoad (3ms)
				EditorAssembliesLoaded (0ms)
			ExecutionOrderSort2 (0ms)
			AwakeInstancesAfterBackupRestoration (4ms)
Platform modules already initialized, skipping
Refreshing native plugins compatible for Editor in 0.41 ms, found 4 plugins.
Preloading 0 native plugins for Editor in 0.00 ms.
Unloading 3890 Unused Serialized files (Serialized files now loaded: 0)
Unloading 27 unused Assets / (21.9 KB). Loaded Objects now: 4551.
Memory consumption went from 153.4 MB to 153.4 MB.
Total: 2.262900 ms (FindLiveObjects: 0.206700 ms CreateObjectMapping: 0.095500 ms MarkObjects: 1.936700 ms  DeleteObjects: 0.022800 ms)

AssetImportParameters requested are different than current active one (requested -> active):
  custom:video-decoder-ogg-theora: a1e56fd34408186e4bbccfd4996cb3dc -> 
  custom:container-muxer-webm: aa71ff27fc2769a1b78a27578f13a17b -> 
  custom:container-demuxer-webm: 4f35f7cbe854078d1ac9338744f61a02 -> 
  custom:video-encoder-webm-vp8: eb34c28f22e8b96e1ab97ce403110664 -> 
  custom:video-codec-MediaFoundation-h265: 746d11721c4dcdbdad8f713fa42b33f4 -> 
  custom:CustomObjectIndexerAttribute: bc11b3a6c3213fcdd17b65e7da85e133 -> 
  custom:audio-encoder-webm-vorbis: bf7c407c2cedff20999df2af8eb42d56 -> 
  custom:framework-win-MediaFoundation: 216162199b28c13a410421893ffa2e32 -> 
  custom:SearchIndexIgnoredProperties: e643bd26f0fe6173181afceb89e7c659 -> 
  custom:container-demuxer-ogg: 62fdf1f143b41e24485cea50d1cbac27 -> 
  custom:video-decoder-webm-vp8: 9c59270c3fd7afecdb556c50c9e8de78 -> 
  custom:audio-decoder-ogg-vorbis: bf7c407c2cedff20999df2af8eb42d56 -> 
========================================================================
Received Import Request.
  Time since last request: 47.238029 seconds.
  path: Assets/Scripts/MovementPhisic.cs
  artifactKey: Guid(1d8d0ace1f8ca294ca6f7dd9203e7ba4) Importer(815301076,1909f56bfc062723c751e8b465ee728b)
Number of updated assets reloaded before import = 0
Start importing Assets/Scripts/MovementPhisic.cs using Guid(1d8d0ace1f8ca294ca6f7dd9203e7ba4) Importer(815301076,1909f56bfc062723c751e8b465ee728b)  -> (artifact id: '7e8d30d46a79e2a35a3a2d424558849e') in 0.007020 seconds 
Number of asset objects unloaded after import = 0
========================================================================
Received Prepare
Registering precompiled user dll's ...
Registered in 0.005537 seconds.
Begin MonoManager ReloadAssembly
Native extension for WindowsStandalone target not found
Native extension for Android target not found
Native extension for WebGL target not found
Refreshing native plugins compatible for Editor in 0.52 ms, found 4 plugins.
Preloading 0 native plugins for Editor in 0.00 ms.
[Package Manager] Server::EnsureServerProcessIsRunning -- launch failed, reason: Unity was launched with the -noUpm command-line argument
[Package Manager] Cannot connect to Unity Package Manager local server
Mono: successfully reloaded assembly
- Completed reload, in  1.311 seconds
Domain Reload Profiling:
	ReloadAssembly (1311ms)
		BeginReloadAssembly (140ms)
			ExecutionOrderSort (0ms)
			DisableScriptedObjects (5ms)
			BackupInstance (0ms)
			ReleaseScriptingObjects (0ms)
			CreateAndSetChildDomain (31ms)
		EndReloadAssembly (1093ms)
			LoadAssemblies (98ms)
			RebuildTransferFunctionScriptingTraits (0ms)
			SetupTypeCache (245ms)
			ReleaseScriptCaches (1ms)
			RebuildScriptCaches (41ms)
			SetupLoadedEditorAssemblies (697ms)
				LogAssemblyErrors (0ms)
				InitializePlatformSupportModulesInManaged (13ms)
				SetLoadedEditorAssemblies (0ms)
				RefreshPlugins (1ms)
				BeforeProcessingInitializeOnLoad (47ms)
				ProcessInitializeOnLoadAttributes (603ms)
				ProcessInitializeOnLoadMethodAttributes (29ms)
				AfterProcessingInitializeOnLoad (3ms)
				EditorAssembliesLoaded (0ms)
			ExecutionOrderSort2 (0ms)
			AwakeInstancesAfterBackupRestoration (5ms)
Platform modules already initialized, skipping
Refreshing native plugins compatible for Editor in 0.51 ms, found 4 plugins.
Preloading 0 native plugins for Editor in 0.00 ms.
Unloading 3890 Unused Serialized files (Serialized files now loaded: 0)
Unloading 27 unused Assets / (21.9 KB). Loaded Objects now: 4554.
Memory consumption went from 153.4 MB to 153.4 MB.
Total: 2.360900 ms (FindLiveObjects: 0.203400 ms CreateObjectMapping: 0.095300 ms MarkObjects: 2.041900 ms  DeleteObjects: 0.019300 ms)

AssetImportParameters requested are different than current active one (requested -> active):
  custom:video-decoder-ogg-theora: a1e56fd34408186e4bbccfd4996cb3dc -> 
  custom:container-muxer-webm: aa71ff27fc2769a1b78a27578f13a17b -> 
  custom:container-demuxer-webm: 4f35f7cbe854078d1ac9338744f61a02 -> 
  custom:video-encoder-webm-vp8: eb34c28f22e8b96e1ab97ce403110664 -> 
  custom:video-codec-MediaFoundation-h265: 746d11721c4dcdbdad8f713fa42b33f4 -> 
  custom:CustomObjectIndexerAttribute: bc11b3a6c3213fcdd17b65e7da85e133 -> 
  custom:audio-encoder-webm-vorbis: bf7c407c2cedff20999df2af8eb42d56 -> 
  custom:framework-win-MediaFoundation: 216162199b28c13a410421893ffa2e32 -> 
  custom:SearchIndexIgnoredProperties: e643bd26f0fe6173181afceb89e7c659 -> 
  custom:container-demuxer-ogg: 62fdf1f143b41e24485cea50d1cbac27 -> 
  custom:video-decoder-webm-vp8: 9c59270c3fd7afecdb556c50c9e8de78 -> 
  custom:audio-decoder-ogg-vorbis: bf7c407c2cedff20999df2af8eb42d56 -> 
========================================================================
Received Prepare
Registering precompiled user dll's ...
Registered in 0.005593 seconds.
Begin MonoManager ReloadAssembly
Native extension for WindowsStandalone target not found
Native extension for Android target not found
Native extension for WebGL target not found
Refreshing native plugins compatible for Editor in 0.82 ms, found 4 plugins.
Preloading 0 native plugins for Editor in 0.00 ms.
[Package Manager] Server::EnsureServerProcessIsRunning -- launch failed, reason: Unity was launched with the -noUpm command-line argument
[Package Manager] Cannot connect to Unity Package Manager local server
Mono: successfully reloaded assembly
- Completed reload, in  1.244 seconds
Domain Reload Profiling:
	ReloadAssembly (1245ms)
		BeginReloadAssembly (118ms)
			ExecutionOrderSort (0ms)
			DisableScriptedObjects (4ms)
			BackupInstance (0ms)
			ReleaseScriptingObjects (0ms)
			CreateAndSetChildDomain (30ms)
		EndReloadAssembly (1054ms)
			LoadAssemblies (79ms)
			RebuildTransferFunctionScriptingTraits (0ms)
			SetupTypeCache (199ms)
			ReleaseScriptCaches (2ms)
			RebuildScriptCaches (40ms)
			SetupLoadedEditorAssemblies (704ms)
				LogAssemblyErrors (0ms)
				InitializePlatformSupportModulesInManaged (17ms)
				SetLoadedEditorAssemblies (0ms)
				RefreshPlugins (1ms)
				BeforeProcessingInitializeOnLoad (53ms)
				ProcessInitializeOnLoadAttributes (598ms)
				ProcessInitializeOnLoadMethodAttributes (31ms)
				AfterProcessingInitializeOnLoad (4ms)
				EditorAssembliesLoaded (0ms)
			ExecutionOrderSort2 (0ms)
			AwakeInstancesAfterBackupRestoration (6ms)
Platform modules already initialized, skipping
Refreshing native plugins compatible for Editor in 0.55 ms, found 4 plugins.
Preloading 0 native plugins for Editor in 0.00 ms.
Unloading 3890 Unused Serialized files (Serialized files now loaded: 0)
Unloading 27 unused Assets / (21.9 KB). Loaded Objects now: 4557.
Memory consumption went from 153.5 MB to 153.4 MB.
Total: 2.377900 ms (FindLiveObjects: 0.231100 ms CreateObjectMapping: 0.113800 ms MarkObjects: 2.013200 ms  DeleteObjects: 0.018900 ms)

AssetImportParameters requested are different than current active one (requested -> active):
  custom:video-decoder-ogg-theora: a1e56fd34408186e4bbccfd4996cb3dc -> 
  custom:container-muxer-webm: aa71ff27fc2769a1b78a27578f13a17b -> 
  custom:container-demuxer-webm: 4f35f7cbe854078d1ac9338744f61a02 -> 
  custom:video-encoder-webm-vp8: eb34c28f22e8b96e1ab97ce403110664 -> 
  custom:video-codec-MediaFoundation-h265: 746d11721c4dcdbdad8f713fa42b33f4 -> 
  custom:CustomObjectIndexerAttribute: bc11b3a6c3213fcdd17b65e7da85e133 -> 
  custom:audio-encoder-webm-vorbis: bf7c407c2cedff20999df2af8eb42d56 -> 
  custom:framework-win-MediaFoundation: 216162199b28c13a410421893ffa2e32 -> 
  custom:SearchIndexIgnoredProperties: e643bd26f0fe6173181afceb89e7c659 -> 
  custom:container-demuxer-ogg: 62fdf1f143b41e24485cea50d1cbac27 -> 
  custom:video-decoder-webm-vp8: 9c59270c3fd7afecdb556c50c9e8de78 -> 
  custom:audio-decoder-ogg-vorbis: bf7c407c2cedff20999df2af8eb42d56 -> 
========================================================================
Received Prepare
Registering precompiled user dll's ...
Registered in 0.006152 seconds.
Begin MonoManager ReloadAssembly
Native extension for WindowsStandalone target not found
Native extension for Android target not found
Native extension for WebGL target not found
Refreshing native plugins compatible for Editor in 0.76 ms, found 4 plugins.
Preloading 0 native plugins for Editor in 0.00 ms.
[Package Manager] Server::EnsureServerProcessIsRunning -- launch failed, reason: Unity was launched with the -noUpm command-line argument
[Package Manager] Cannot connect to Unity Package Manager local server
Mono: successfully reloaded assembly
- Completed reload, in  1.193 seconds
Domain Reload Profiling:
	ReloadAssembly (1193ms)
		BeginReloadAssembly (113ms)
			ExecutionOrderSort (0ms)
			DisableScriptedObjects (4ms)
			BackupInstance (0ms)
			ReleaseScriptingObjects (0ms)
			CreateAndSetChildDomain (25ms)
		EndReloadAssembly (1006ms)
			LoadAssemblies (71ms)
			RebuildTransferFunctionScriptingTraits (0ms)
			SetupTypeCache (213ms)
			ReleaseScriptCaches (1ms)
			RebuildScriptCaches (38ms)
			SetupLoadedEditorAssemblies (663ms)
				LogAssemblyErrors (0ms)
				InitializePlatformSupportModulesInManaged (13ms)
				SetLoadedEditorAssemblies (0ms)
				RefreshPlugins (1ms)
				BeforeProcessingInitializeOnLoad (50ms)
				ProcessInitializeOnLoadAttributes (565ms)
				ProcessInitializeOnLoadMethodAttributes (29ms)
				AfterProcessingInitializeOnLoad (5ms)
				EditorAssembliesLoaded (0ms)
			ExecutionOrderSort2 (0ms)
			AwakeInstancesAfterBackupRestoration (6ms)
Platform modules already initialized, skipping
Refreshing native plugins compatible for Editor in 0.51 ms, found 4 plugins.
Preloading 0 native plugins for Editor in 0.00 ms.
Unloading 3890 Unused Serialized files (Serialized files now loaded: 0)
Unloading 27 unused Assets / (21.9 KB). Loaded Objects now: 4560.
Memory consumption went from 153.5 MB to 153.4 MB.
Total: 2.140200 ms (FindLiveObjects: 0.194500 ms CreateObjectMapping: 0.078200 ms MarkObjects: 1.848800 ms  DeleteObjects: 0.017000 ms)

AssetImportParameters requested are different than current active one (requested -> active):
  custom:video-decoder-ogg-theora: a1e56fd34408186e4bbccfd4996cb3dc -> 
  custom:container-muxer-webm: aa71ff27fc2769a1b78a27578f13a17b -> 
  custom:container-demuxer-webm: 4f35f7cbe854078d1ac9338744f61a02 -> 
  custom:video-encoder-webm-vp8: eb34c28f22e8b96e1ab97ce403110664 -> 
  custom:video-codec-MediaFoundation-h265: 746d11721c4dcdbdad8f713fa42b33f4 -> 
  custom:CustomObjectIndexerAttribute: bc11b3a6c3213fcdd17b65e7da85e133 -> 
  custom:audio-encoder-webm-vorbis: bf7c407c2cedff20999df2af8eb42d56 -> 
  custom:framework-win-MediaFoundation: 216162199b28c13a410421893ffa2e32 -> 
  custom:SearchIndexIgnoredProperties: e643bd26f0fe6173181afceb89e7c659 -> 
  custom:container-demuxer-ogg: 62fdf1f143b41e24485cea50d1cbac27 -> 
  custom:video-decoder-webm-vp8: 9c59270c3fd7afecdb556c50c9e8de78 -> 
  custom:audio-decoder-ogg-vorbis: bf7c407c2cedff20999df2af8eb42d56 -> 
========================================================================
Received Prepare
Registering precompiled user dll's ...
Registered in 0.003479 seconds.
Begin MonoManager ReloadAssembly
Native extension for WindowsStandalone target not found
Native extension for Android target not found
Native extension for WebGL target not found
Refreshing native plugins compatible for Editor in 0.75 ms, found 4 plugins.
Preloading 0 native plugins for Editor in 0.00 ms.
[Package Manager] Server::EnsureServerProcessIsRunning -- launch failed, reason: Unity was launched with the -noUpm command-line argument
[Package Manager] Cannot connect to Unity Package Manager local server
Mono: successfully reloaded assembly
- Completed reload, in  1.280 seconds
Domain Reload Profiling:
	ReloadAssembly (1281ms)
		BeginReloadAssembly (109ms)
			ExecutionOrderSort (0ms)
			DisableScriptedObjects (6ms)
			BackupInstance (0ms)
			ReleaseScriptingObjects (0ms)
			CreateAndSetChildDomain (24ms)
		EndReloadAssembly (1088ms)
			LoadAssemblies (77ms)
			RebuildTransferFunctionScriptingTraits (0ms)
			SetupTypeCache (217ms)
			ReleaseScriptCaches (1ms)
			RebuildScriptCaches (43ms)
			SetupLoadedEditorAssemblies (714ms)
				LogAssemblyErrors (0ms)
				InitializePlatformSupportModulesInManaged (15ms)
				SetLoadedEditorAssemblies (0ms)
				RefreshPlugins (1ms)
				BeforeProcessingInitializeOnLoad (56ms)
				ProcessInitializeOnLoadAttributes (600ms)
				ProcessInitializeOnLoadMethodAttributes (37ms)
				AfterProcessingInitializeOnLoad (5ms)
				EditorAssembliesLoaded (0ms)
			ExecutionOrderSort2 (0ms)
			AwakeInstancesAfterBackupRestoration (6ms)
Platform modules already initialized, skipping
Refreshing native plugins compatible for Editor in 0.55 ms, found 4 plugins.
Preloading 0 native plugins for Editor in 0.00 ms.
Unloading 3890 Unused Serialized files (Serialized files now loaded: 0)
Unloading 27 unused Assets / (21.9 KB). Loaded Objects now: 4563.
Memory consumption went from 153.5 MB to 153.5 MB.
Total: 2.373700 ms (FindLiveObjects: 0.225900 ms CreateObjectMapping: 0.120600 ms MarkObjects: 2.005700 ms  DeleteObjects: 0.021000 ms)

AssetImportParameters requested are different than current active one (requested -> active):
  custom:video-decoder-ogg-theora: a1e56fd34408186e4bbccfd4996cb3dc -> 
  custom:container-muxer-webm: aa71ff27fc2769a1b78a27578f13a17b -> 
  custom:container-demuxer-webm: 4f35f7cbe854078d1ac9338744f61a02 -> 
  custom:video-encoder-webm-vp8: eb34c28f22e8b96e1ab97ce403110664 -> 
  custom:video-codec-MediaFoundation-h265: 746d11721c4dcdbdad8f713fa42b33f4 -> 
  custom:CustomObjectIndexerAttribute: bc11b3a6c3213fcdd17b65e7da85e133 -> 
  custom:audio-encoder-webm-vorbis: bf7c407c2cedff20999df2af8eb42d56 -> 
  custom:framework-win-MediaFoundation: 216162199b28c13a410421893ffa2e32 -> 
  custom:SearchIndexIgnoredProperties: e643bd26f0fe6173181afceb89e7c659 -> 
  custom:container-demuxer-ogg: 62fdf1f143b41e24485cea50d1cbac27 -> 
  custom:video-decoder-webm-vp8: 9c59270c3fd7afecdb556c50c9e8de78 -> 
  custom:audio-decoder-ogg-vorbis: bf7c407c2cedff20999df2af8eb42d56 -> 
========================================================================
Received Prepare
Registering precompiled user dll's ...
Registered in 0.004974 seconds.
Begin MonoManager ReloadAssembly
Native extension for WindowsStandalone target not found
Native extension for Android target not found
Native extension for WebGL target not found
Refreshing native plugins compatible for Editor in 0.64 ms, found 4 plugins.
Preloading 0 native plugins for Editor in 0.00 ms.
[Package Manager] Server::EnsureServerProcessIsRunning -- launch failed, reason: Unity was launched with the -noUpm command-line argument
[Package Manager] Cannot connect to Unity Package Manager local server
Mono: successfully reloaded assembly
- Completed reload, in  1.254 seconds
Domain Reload Profiling:
	ReloadAssembly (1255ms)
		BeginReloadAssembly (114ms)
			ExecutionOrderSort (0ms)
			DisableScriptedObjects (4ms)
			BackupInstance (0ms)
			ReleaseScriptingObjects (0ms)
			CreateAndSetChildDomain (31ms)
		EndReloadAssembly (1077ms)
			LoadAssemblies (73ms)
			RebuildTransferFunctionScriptingTraits (0ms)
			SetupTypeCache (215ms)
			ReleaseScriptCaches (1ms)
			RebuildScriptCaches (40ms)
			SetupLoadedEditorAssemblies (718ms)
				LogAssemblyErrors (0ms)
				InitializePlatformSupportModulesInManaged (14ms)
				SetLoadedEditorAssemblies (0ms)
				RefreshPlugins (1ms)
				BeforeProcessingInitializeOnLoad (54ms)
				ProcessInitializeOnLoadAttributes (614ms)
				ProcessInitializeOnLoadMethodAttributes (31ms)
				AfterProcessingInitializeOnLoad (4ms)
				EditorAssembliesLoaded (0ms)
			ExecutionOrderSort2 (0ms)
			AwakeInstancesAfterBackupRestoration (6ms)
Platform modules already initialized, skipping
Refreshing native plugins compatible for Editor in 0.54 ms, found 4 plugins.
Preloading 0 native plugins for Editor in 0.00 ms.
Unloading 3890 Unused Serialized files (Serialized files now loaded: 0)
Unloading 27 unused Assets / (21.9 KB). Loaded Objects now: 4566.
Memory consumption went from 153.5 MB to 153.5 MB.
Total: 2.365900 ms (FindLiveObjects: 0.222700 ms CreateObjectMapping: 0.106000 ms MarkObjects: 2.016500 ms  DeleteObjects: 0.020000 ms)

AssetImportParameters requested are different than current active one (requested -> active):
  custom:video-decoder-ogg-theora: a1e56fd34408186e4bbccfd4996cb3dc -> 
  custom:container-muxer-webm: aa71ff27fc2769a1b78a27578f13a17b -> 
  custom:container-demuxer-webm: 4f35f7cbe854078d1ac9338744f61a02 -> 
  custom:video-encoder-webm-vp8: eb34c28f22e8b96e1ab97ce403110664 -> 
  custom:video-codec-MediaFoundation-h265: 746d11721c4dcdbdad8f713fa42b33f4 -> 
  custom:CustomObjectIndexerAttribute: bc11b3a6c3213fcdd17b65e7da85e133 -> 
  custom:audio-encoder-webm-vorbis: bf7c407c2cedff20999df2af8eb42d56 -> 
  custom:framework-win-MediaFoundation: 216162199b28c13a410421893ffa2e32 -> 
  custom:SearchIndexIgnoredProperties: e643bd26f0fe6173181afceb89e7c659 -> 
  custom:container-demuxer-ogg: 62fdf1f143b41e24485cea50d1cbac27 -> 
  custom:video-decoder-webm-vp8: 9c59270c3fd7afecdb556c50c9e8de78 -> 
  custom:audio-decoder-ogg-vorbis: bf7c407c2cedff20999df2af8eb42d56 -> 
========================================================================
Received Import Request.
  Time since last request: 160.229328 seconds.
  path: Assets/Animations/LbAnimatorController.controller
  artifactKey: Guid(e6edd833f3a04c044bba9bb0087c3a0a) Importer(815301076,1909f56bfc062723c751e8b465ee728b)
Number of updated assets reloaded before import = 0
Start importing Assets/Animations/LbAnimatorController.controller using Guid(e6edd833f3a04c044bba9bb0087c3a0a) Importer(815301076,1909f56bfc062723c751e8b465ee728b)  -> (artifact id: '970064e951aa9169fe005982727dec0a') in 0.045992 seconds 
Number of asset objects unloaded after import = 9
========================================================================
Received Prepare
Registering precompiled user dll's ...
Registered in 0.006114 seconds.
Begin MonoManager ReloadAssembly
Native extension for WindowsStandalone target not found
Native extension for Android target not found
Native extension for WebGL target not found
Refreshing native plugins compatible for Editor in 0.54 ms, found 4 plugins.
Preloading 0 native plugins for Editor in 0.00 ms.
[Package Manager] Server::EnsureServerProcessIsRunning -- launch failed, reason: Unity was launched with the -noUpm command-line argument
[Package Manager] Cannot connect to Unity Package Manager local server
Mono: successfully reloaded assembly
- Completed reload, in  1.285 seconds
Domain Reload Profiling:
	ReloadAssembly (1285ms)
		BeginReloadAssembly (120ms)
			ExecutionOrderSort (0ms)
			DisableScriptedObjects (4ms)
			BackupInstance (0ms)
			ReleaseScriptingObjects (0ms)
			CreateAndSetChildDomain (25ms)
		EndReloadAssembly (1098ms)
			LoadAssemblies (84ms)
			RebuildTransferFunctionScriptingTraits (0ms)
			SetupTypeCache (217ms)
			ReleaseScriptCaches (1ms)
			RebuildScriptCaches (44ms)
			SetupLoadedEditorAssemblies (725ms)
				LogAssemblyErrors (0ms)
				InitializePlatformSupportModulesInManaged (14ms)
				SetLoadedEditorAssemblies (0ms)
				RefreshPlugins (1ms)
				BeforeProcessingInitializeOnLoad (56ms)
				ProcessInitializeOnLoadAttributes (614ms)
				ProcessInitializeOnLoadMethodAttributes (35ms)
				AfterProcessingInitializeOnLoad (5ms)
				EditorAssembliesLoaded (0ms)
			ExecutionOrderSort2 (0ms)
			AwakeInstancesAfterBackupRestoration (6ms)
Platform modules already initialized, skipping
Refreshing native plugins compatible for Editor in 0.71 ms, found 4 plugins.
Preloading 0 native plugins for Editor in 0.00 ms.
Unloading 3890 Unused Serialized files (Serialized files now loaded: 0)
Unloading 27 unused Assets / (21.9 KB). Loaded Objects now: 4569.
Memory consumption went from 153.5 MB to 153.5 MB.
Total: 2.975600 ms (FindLiveObjects: 0.264200 ms CreateObjectMapping: 0.150500 ms MarkObjects: 2.538300 ms  DeleteObjects: 0.021800 ms)

AssetImportParameters requested are different than current active one (requested -> active):
  custom:video-decoder-ogg-theora: a1e56fd34408186e4bbccfd4996cb3dc -> 
  custom:container-muxer-webm: aa71ff27fc2769a1b78a27578f13a17b -> 
  custom:container-demuxer-webm: 4f35f7cbe854078d1ac9338744f61a02 -> 
  custom:video-encoder-webm-vp8: eb34c28f22e8b96e1ab97ce403110664 -> 
  custom:video-codec-MediaFoundation-h265: 746d11721c4dcdbdad8f713fa42b33f4 -> 
  custom:CustomObjectIndexerAttribute: bc11b3a6c3213fcdd17b65e7da85e133 -> 
  custom:audio-encoder-webm-vorbis: bf7c407c2cedff20999df2af8eb42d56 -> 
  custom:framework-win-MediaFoundation: 216162199b28c13a410421893ffa2e32 -> 
  custom:SearchIndexIgnoredProperties: e643bd26f0fe6173181afceb89e7c659 -> 
  custom:container-demuxer-ogg: 62fdf1f143b41e24485cea50d1cbac27 -> 
  custom:video-decoder-webm-vp8: 9c59270c3fd7afecdb556c50c9e8de78 -> 
  custom:audio-decoder-ogg-vorbis: bf7c407c2cedff20999df2af8eb42d56 -> 
========================================================================
Received Prepare
Registering precompiled user dll's ...
Registered in 0.003817 seconds.
Begin MonoManager ReloadAssembly
Native extension for WindowsStandalone target not found
Native extension for Android target not found
Native extension for WebGL target not found
Refreshing native plugins compatible for Editor in 0.72 ms, found 4 plugins.
Preloading 0 native plugins for Editor in 0.00 ms.
[Package Manager] Server::EnsureServerProcessIsRunning -- launch failed, reason: Unity was launched with the -noUpm command-line argument
[Package Manager] Cannot connect to Unity Package Manager local server
Mono: successfully reloaded assembly
- Completed reload, in  1.383 seconds
Domain Reload Profiling:
	ReloadAssembly (1383ms)
		BeginReloadAssembly (152ms)
			ExecutionOrderSort (0ms)
			DisableScriptedObjects (7ms)
			BackupInstance (0ms)
			ReleaseScriptingObjects (0ms)
			CreateAndSetChildDomain (38ms)
		EndReloadAssembly (1130ms)
			LoadAssemblies (105ms)
			RebuildTransferFunctionScriptingTraits (0ms)
			SetupTypeCache (257ms)
			ReleaseScriptCaches (1ms)
			RebuildScriptCaches (40ms)
			SetupLoadedEditorAssemblies (718ms)
				LogAssemblyErrors (0ms)
				InitializePlatformSupportModulesInManaged (14ms)
				SetLoadedEditorAssemblies (0ms)
				RefreshPlugins (1ms)
				BeforeProcessingInitializeOnLoad (55ms)
				ProcessInitializeOnLoadAttributes (608ms)
				ProcessInitializeOnLoadMethodAttributes (37ms)
				AfterProcessingInitializeOnLoad (3ms)
				EditorAssembliesLoaded (0ms)
			ExecutionOrderSort2 (0ms)
			AwakeInstancesAfterBackupRestoration (5ms)
Platform modules already initialized, skipping
Refreshing native plugins compatible for Editor in 0.51 ms, found 4 plugins.
Preloading 0 native plugins for Editor in 0.00 ms.
Unloading 3890 Unused Serialized files (Serialized files now loaded: 0)
Unloading 27 unused Assets / (22.0 KB). Loaded Objects now: 4572.
Memory consumption went from 153.5 MB to 153.5 MB.
Total: 2.432000 ms (FindLiveObjects: 0.191600 ms CreateObjectMapping: 0.087600 ms MarkObjects: 2.131200 ms  DeleteObjects: 0.020900 ms)

AssetImportParameters requested are different than current active one (requested -> active):
  custom:video-decoder-ogg-theora: a1e56fd34408186e4bbccfd4996cb3dc -> 
  custom:container-muxer-webm: aa71ff27fc2769a1b78a27578f13a17b -> 
  custom:container-demuxer-webm: 4f35f7cbe854078d1ac9338744f61a02 -> 
  custom:video-encoder-webm-vp8: eb34c28f22e8b96e1ab97ce403110664 -> 
  custom:video-codec-MediaFoundation-h265: 746d11721c4dcdbdad8f713fa42b33f4 -> 
  custom:CustomObjectIndexerAttribute: bc11b3a6c3213fcdd17b65e7da85e133 -> 
  custom:audio-encoder-webm-vorbis: bf7c407c2cedff20999df2af8eb42d56 -> 
  custom:framework-win-MediaFoundation: 216162199b28c13a410421893ffa2e32 -> 
  custom:SearchIndexIgnoredProperties: e643bd26f0fe6173181afceb89e7c659 -> 
  custom:container-demuxer-ogg: 62fdf1f143b41e24485cea50d1cbac27 -> 
  custom:video-decoder-webm-vp8: 9c59270c3fd7afecdb556c50c9e8de78 -> 
  custom:audio-decoder-ogg-vorbis: bf7c407c2cedff20999df2af8eb42d56 -> 
========================================================================
Received Prepare
Registering precompiled user dll's ...
Registered in 0.003614 seconds.
Begin MonoManager ReloadAssembly
Native extension for WindowsStandalone target not found
Native extension for Android target not found
Native extension for WebGL target not found
Refreshing native plugins compatible for Editor in 0.65 ms, found 4 plugins.
Preloading 0 native plugins for Editor in 0.00 ms.
[Package Manager] Server::EnsureServerProcessIsRunning -- launch failed, reason: Unity was launched with the -noUpm command-line argument
[Package Manager] Cannot connect to Unity Package Manager local server
Mono: successfully reloaded assembly
- Completed reload, in  1.277 seconds
Domain Reload Profiling:
	ReloadAssembly (1277ms)
		BeginReloadAssembly (124ms)
			ExecutionOrderSort (0ms)
			DisableScriptedObjects (4ms)
			BackupInstance (0ms)
			ReleaseScriptingObjects (0ms)
			CreateAndSetChildDomain (33ms)
		EndReloadAssembly (1076ms)
			LoadAssemblies (78ms)
			RebuildTransferFunctionScriptingTraits (0ms)
			SetupTypeCache (216ms)
			ReleaseScriptCaches (1ms)
			RebuildScriptCaches (40ms)
			SetupLoadedEditorAssemblies (713ms)
				LogAssemblyErrors (0ms)
				InitializePlatformSupportModulesInManaged (13ms)
				SetLoadedEditorAssemblies (0ms)
				RefreshPlugins (1ms)
				BeforeProcessingInitializeOnLoad (53ms)
				ProcessInitializeOnLoadAttributes (607ms)
				ProcessInitializeOnLoadMethodAttributes (33ms)
				AfterProcessingInitializeOnLoad (4ms)
				EditorAssembliesLoaded (0ms)
			ExecutionOrderSort2 (0ms)
			AwakeInstancesAfterBackupRestoration (6ms)
Platform modules already initialized, skipping
Refreshing native plugins compatible for Editor in 0.56 ms, found 4 plugins.
Preloading 0 native plugins for Editor in 0.00 ms.
Unloading 3890 Unused Serialized files (Serialized files now loaded: 0)
Unloading 27 unused Assets / (22.0 KB). Loaded Objects now: 4575.
Memory consumption went from 153.5 MB to 153.5 MB.
Total: 2.461800 ms (FindLiveObjects: 0.213200 ms CreateObjectMapping: 0.093000 ms MarkObjects: 2.127100 ms  DeleteObjects: 0.027800 ms)

AssetImportParameters requested are different than current active one (requested -> active):
  custom:video-decoder-ogg-theora: a1e56fd34408186e4bbccfd4996cb3dc -> 
  custom:container-muxer-webm: aa71ff27fc2769a1b78a27578f13a17b -> 
  custom:container-demuxer-webm: 4f35f7cbe854078d1ac9338744f61a02 -> 
  custom:video-encoder-webm-vp8: eb34c28f22e8b96e1ab97ce403110664 -> 
  custom:video-codec-MediaFoundation-h265: 746d11721c4dcdbdad8f713fa42b33f4 -> 
  custom:CustomObjectIndexerAttribute: bc11b3a6c3213fcdd17b65e7da85e133 -> 
  custom:audio-encoder-webm-vorbis: bf7c407c2cedff20999df2af8eb42d56 -> 
  custom:framework-win-MediaFoundation: 216162199b28c13a410421893ffa2e32 -> 
  custom:SearchIndexIgnoredProperties: e643bd26f0fe6173181afceb89e7c659 -> 
  custom:container-demuxer-ogg: 62fdf1f143b41e24485cea50d1cbac27 -> 
  custom:video-decoder-webm-vp8: 9c59270c3fd7afecdb556c50c9e8de78 -> 
  custom:audio-decoder-ogg-vorbis: bf7c407c2cedff20999df2af8eb42d56 -> 
========================================================================
Received Import Request.
  Time since last request: 185.158614 seconds.
  path: Assets/Animations/LeblancWalk.anim
  artifactKey: Guid(6218a452f5fa5854689304c814c1e80c) Importer(815301076,1909f56bfc062723c751e8b465ee728b)
Number of updated assets reloaded before import = 0
Start importing Assets/Animations/LeblancWalk.anim using Guid(6218a452f5fa5854689304c814c1e80c) Importer(815301076,1909f56bfc062723c751e8b465ee728b)  -> (artifact id: '294e149eb6d4a7d106028dc2054c3e35') in 0.023945 seconds 
Number of asset objects unloaded after import = 1
========================================================================
Received Import Request.
  Time since last request: 5.224342 seconds.
  path: Assets/Free 2D Cartoon Parallax Background
  artifactKey: Guid(1150fa555c6f90840a5f03bf99106917) Importer(815301076,1909f56bfc062723c751e8b465ee728b)
Number of updated assets reloaded before import = 0
Start importing Assets/Free 2D Cartoon Parallax Background using Guid(1150fa555c6f90840a5f03bf99106917) Importer(815301076,1909f56bfc062723c751e8b465ee728b)  -> (artifact id: 'ba587f53afd22258d756133f3f098044') in 0.009659 seconds 
Number of asset objects unloaded after import = 0
========================================================================
Received Import Request.
  Time since last request: 2.893953 seconds.
  path: Assets/Assets/LeblancDeath.anim
  artifactKey: Guid(ca06a737a867b4c4c81c23f6d821618c) Importer(815301076,1909f56bfc062723c751e8b465ee728b)
Number of updated assets reloaded before import = 0
Start importing Assets/Assets/LeblancDeath.anim using Guid(ca06a737a867b4c4c81c23f6d821618c) Importer(815301076,1909f56bfc062723c751e8b465ee728b)  -> (artifact id: 'f48a2a4b8909069541fc095dda376a4c') in 0.009881 seconds 
Number of asset objects unloaded after import = 1
========================================================================
Received Prepare
Registering precompiled user dll's ...
Registered in 0.007380 seconds.
Begin MonoManager ReloadAssembly
Native extension for WindowsStandalone target not found
Native extension for Android target not found
Native extension for WebGL target not found
Refreshing native plugins compatible for Editor in 0.81 ms, found 4 plugins.
Preloading 0 native plugins for Editor in 0.00 ms.
[Package Manager] Server::EnsureServerProcessIsRunning -- launch failed, reason: Unity was launched with the -noUpm command-line argument
[Package Manager] Cannot connect to Unity Package Manager local server
Mono: successfully reloaded assembly
- Completed reload, in  1.142 seconds
Domain Reload Profiling:
	ReloadAssembly (1143ms)
		BeginReloadAssembly (121ms)
			ExecutionOrderSort (0ms)
			DisableScriptedObjects (4ms)
			BackupInstance (0ms)
			ReleaseScriptingObjects (0ms)
			CreateAndSetChildDomain (29ms)
		EndReloadAssembly (952ms)
			LoadAssemblies (84ms)
			RebuildTransferFunctionScriptingTraits (0ms)
			SetupTypeCache (193ms)
			ReleaseScriptCaches (1ms)
			RebuildScriptCaches (35ms)
			SetupLoadedEditorAssemblies (627ms)
				LogAssemblyErrors (0ms)
				InitializePlatformSupportModulesInManaged (14ms)
				SetLoadedEditorAssemblies (0ms)
				RefreshPlugins (1ms)
				BeforeProcessingInitializeOnLoad (42ms)
				ProcessInitializeOnLoadAttributes (542ms)
				ProcessInitializeOnLoadMethodAttributes (24ms)
				AfterProcessingInitializeOnLoad (4ms)
				EditorAssembliesLoaded (0ms)
			ExecutionOrderSort2 (0ms)
			AwakeInstancesAfterBackupRestoration (4ms)
Platform modules already initialized, skipping
Refreshing native plugins compatible for Editor in 0.42 ms, found 4 plugins.
Preloading 0 native plugins for Editor in 0.00 ms.
Unloading 3890 Unused Serialized files (Serialized files now loaded: 0)
Unloading 27 unused Assets / (22.0 KB). Loaded Objects now: 4578.
Memory consumption went from 153.5 MB to 153.5 MB.
Total: 2.310600 ms (FindLiveObjects: 0.211200 ms CreateObjectMapping: 0.109000 ms MarkObjects: 1.966100 ms  DeleteObjects: 0.022800 ms)

AssetImportParameters requested are different than current active one (requested -> active):
  custom:video-decoder-ogg-theora: a1e56fd34408186e4bbccfd4996cb3dc -> 
  custom:container-muxer-webm: aa71ff27fc2769a1b78a27578f13a17b -> 
  custom:container-demuxer-webm: 4f35f7cbe854078d1ac9338744f61a02 -> 
  custom:video-encoder-webm-vp8: eb34c28f22e8b96e1ab97ce403110664 -> 
  custom:video-codec-MediaFoundation-h265: 746d11721c4dcdbdad8f713fa42b33f4 -> 
  custom:CustomObjectIndexerAttribute: bc11b3a6c3213fcdd17b65e7da85e133 -> 
  custom:audio-encoder-webm-vorbis: bf7c407c2cedff20999df2af8eb42d56 -> 
  custom:framework-win-MediaFoundation: 216162199b28c13a410421893ffa2e32 -> 
  custom:SearchIndexIgnoredProperties: e643bd26f0fe6173181afceb89e7c659 -> 
  custom:container-demuxer-ogg: 62fdf1f143b41e24485cea50d1cbac27 -> 
  custom:video-decoder-webm-vp8: 9c59270c3fd7afecdb556c50c9e8de78 -> 
  custom:audio-decoder-ogg-vorbis: bf7c407c2cedff20999df2af8eb42d56 -> 
========================================================================
Received Prepare
Registering precompiled user dll's ...
Registered in 0.003811 seconds.
Begin MonoManager ReloadAssembly
Native extension for WindowsStandalone target not found
Native extension for Android target not found
Native extension for WebGL target not found
Refreshing native plugins compatible for Editor in 0.59 ms, found 4 plugins.
Preloading 0 native plugins for Editor in 0.00 ms.
[Package Manager] Server::EnsureServerProcessIsRunning -- launch failed, reason: Unity was launched with the -noUpm command-line argument
[Package Manager] Cannot connect to Unity Package Manager local server
Mono: successfully reloaded assembly
- Completed reload, in  1.273 seconds
Domain Reload Profiling:
	ReloadAssembly (1274ms)
		BeginReloadAssembly (114ms)
			ExecutionOrderSort (0ms)
			DisableScriptedObjects (5ms)
			BackupInstance (0ms)
			ReleaseScriptingObjects (0ms)
			CreateAndSetChildDomain (25ms)
		EndReloadAssembly (1097ms)
			LoadAssemblies (77ms)
			RebuildTransferFunctionScriptingTraits (0ms)
			SetupTypeCache (209ms)
			ReleaseScriptCaches (1ms)
			RebuildScriptCaches (43ms)
			SetupLoadedEditorAssemblies (737ms)
				LogAssemblyErrors (0ms)
				InitializePlatformSupportModulesInManaged (14ms)
				SetLoadedEditorAssemblies (0ms)
				RefreshPlugins (1ms)
				BeforeProcessingInitializeOnLoad (53ms)
				ProcessInitializeOnLoadAttributes (630ms)
				ProcessInitializeOnLoadMethodAttributes (35ms)
				AfterProcessingInitializeOnLoad (4ms)
				EditorAssembliesLoaded (0ms)
			ExecutionOrderSort2 (0ms)
			AwakeInstancesAfterBackupRestoration (6ms)
Platform modules already initialized, skipping
Refreshing native plugins compatible for Editor in 0.53 ms, found 4 plugins.
Preloading 0 native plugins for Editor in 0.00 ms.
Unloading 3890 Unused Serialized files (Serialized files now loaded: 0)
Unloading 27 unused Assets / (22.0 KB). Loaded Objects now: 4581.
Memory consumption went from 153.5 MB to 153.5 MB.
Total: 2.243700 ms (FindLiveObjects: 0.215200 ms CreateObjectMapping: 0.107300 ms MarkObjects: 1.901900 ms  DeleteObjects: 0.018500 ms)

AssetImportParameters requested are different than current active one (requested -> active):
  custom:video-decoder-ogg-theora: a1e56fd34408186e4bbccfd4996cb3dc -> 
  custom:container-muxer-webm: aa71ff27fc2769a1b78a27578f13a17b -> 
  custom:container-demuxer-webm: 4f35f7cbe854078d1ac9338744f61a02 -> 
  custom:video-encoder-webm-vp8: eb34c28f22e8b96e1ab97ce403110664 -> 
  custom:video-codec-MediaFoundation-h265: 746d11721c4dcdbdad8f713fa42b33f4 -> 
  custom:CustomObjectIndexerAttribute: bc11b3a6c3213fcdd17b65e7da85e133 -> 
  custom:audio-encoder-webm-vorbis: bf7c407c2cedff20999df2af8eb42d56 -> 
  custom:framework-win-MediaFoundation: 216162199b28c13a410421893ffa2e32 -> 
  custom:SearchIndexIgnoredProperties: e643bd26f0fe6173181afceb89e7c659 -> 
  custom:container-demuxer-ogg: 62fdf1f143b41e24485cea50d1cbac27 -> 
  custom:video-decoder-webm-vp8: 9c59270c3fd7afecdb556c50c9e8de78 -> 
  custom:audio-decoder-ogg-vorbis: bf7c407c2cedff20999df2af8eb42d56 -> 
========================================================================
Received Prepare
Registering precompiled user dll's ...
Registered in 0.004287 seconds.
Begin MonoManager ReloadAssembly
Native extension for WindowsStandalone target not found
Native extension for Android target not found
Native extension for WebGL target not found
Refreshing native plugins compatible for Editor in 0.71 ms, found 4 plugins.
Preloading 0 native plugins for Editor in 0.00 ms.
[Package Manager] Server::EnsureServerProcessIsRunning -- launch failed, reason: Unity was launched with the -noUpm command-line argument
[Package Manager] Cannot connect to Unity Package Manager local server
Mono: successfully reloaded assembly
- Completed reload, in  1.265 seconds
Domain Reload Profiling:
	ReloadAssembly (1265ms)
		BeginReloadAssembly (139ms)
			ExecutionOrderSort (0ms)
			DisableScriptedObjects (6ms)
			BackupInstance (0ms)
			ReleaseScriptingObjects (0ms)
			CreateAndSetChildDomain (30ms)
		EndReloadAssembly (1039ms)
			LoadAssemblies (97ms)
			RebuildTransferFunctionScriptingTraits (0ms)
			SetupTypeCache (247ms)
			ReleaseScriptCaches (1ms)
			RebuildScriptCaches (41ms)
			SetupLoadedEditorAssemblies (647ms)
				LogAssemblyErrors (0ms)
				InitializePlatformSupportModulesInManaged (13ms)
				SetLoadedEditorAssemblies (0ms)
				RefreshPlugins (1ms)
				BeforeProcessingInitializeOnLoad (53ms)
				ProcessInitializeOnLoadAttributes (549ms)
				ProcessInitializeOnLoadMethodAttributes (27ms)
				AfterProcessingInitializeOnLoad (3ms)
				EditorAssembliesLoaded (0ms)
			ExecutionOrderSort2 (0ms)
			AwakeInstancesAfterBackupRestoration (5ms)
Platform modules already initialized, skipping
Refreshing native plugins compatible for Editor in 0.47 ms, found 4 plugins.
Preloading 0 native plugins for Editor in 0.00 ms.
Unloading 3890 Unused Serialized files (Serialized files now loaded: 0)
Unloading 27 unused Assets / (21.9 KB). Loaded Objects now: 4584.
Memory consumption went from 153.6 MB to 153.5 MB.
Total: 2.459200 ms (FindLiveObjects: 0.223900 ms CreateObjectMapping: 0.112900 ms MarkObjects: 2.103400 ms  DeleteObjects: 0.018400 ms)

AssetImportParameters requested are different than current active one (requested -> active):
  custom:video-decoder-ogg-theora: a1e56fd34408186e4bbccfd4996cb3dc -> 
  custom:container-muxer-webm: aa71ff27fc2769a1b78a27578f13a17b -> 
  custom:container-demuxer-webm: 4f35f7cbe854078d1ac9338744f61a02 -> 
  custom:video-encoder-webm-vp8: eb34c28f22e8b96e1ab97ce403110664 -> 
  custom:video-codec-MediaFoundation-h265: 746d11721c4dcdbdad8f713fa42b33f4 -> 
  custom:CustomObjectIndexerAttribute: bc11b3a6c3213fcdd17b65e7da85e133 -> 
  custom:audio-encoder-webm-vorbis: bf7c407c2cedff20999df2af8eb42d56 -> 
  custom:framework-win-MediaFoundation: 216162199b28c13a410421893ffa2e32 -> 
  custom:SearchIndexIgnoredProperties: e643bd26f0fe6173181afceb89e7c659 -> 
  custom:container-demuxer-ogg: 62fdf1f143b41e24485cea50d1cbac27 -> 
  custom:video-decoder-webm-vp8: 9c59270c3fd7afecdb556c50c9e8de78 -> 
  custom:audio-decoder-ogg-vorbis: bf7c407c2cedff20999df2af8eb42d56 -> 
========================================================================
Received Prepare
Registering precompiled user dll's ...
Registered in 0.003945 seconds.
Begin MonoManager ReloadAssembly
Native extension for WindowsStandalone target not found
Native extension for Android target not found
Native extension for WebGL target not found
Refreshing native plugins compatible for Editor in 0.57 ms, found 4 plugins.
Preloading 0 native plugins for Editor in 0.00 ms.
[Package Manager] Server::EnsureServerProcessIsRunning -- launch failed, reason: Unity was launched with the -noUpm command-line argument
[Package Manager] Cannot connect to Unity Package Manager local server
Mono: successfully reloaded assembly
- Completed reload, in  1.284 seconds
Domain Reload Profiling:
	ReloadAssembly (1284ms)
		BeginReloadAssembly (120ms)
			ExecutionOrderSort (0ms)
			DisableScriptedObjects (7ms)
			BackupInstance (0ms)
			ReleaseScriptingObjects (0ms)
			CreateAndSetChildDomain (27ms)
		EndReloadAssembly (1089ms)
			LoadAssemblies (76ms)
			RebuildTransferFunctionScriptingTraits (0ms)
			SetupTypeCache (206ms)
			ReleaseScriptCaches (1ms)
			RebuildScriptCaches (44ms)
			SetupLoadedEditorAssemblies (726ms)
				LogAssemblyErrors (0ms)
				InitializePlatformSupportModulesInManaged (14ms)
				SetLoadedEditorAssemblies (1ms)
				RefreshPlugins (1ms)
				BeforeProcessingInitializeOnLoad (57ms)
				ProcessInitializeOnLoadAttributes (614ms)
				ProcessInitializeOnLoadMethodAttributes (34ms)
				AfterProcessingInitializeOnLoad (5ms)
				EditorAssembliesLoaded (0ms)
			ExecutionOrderSort2 (0ms)
			AwakeInstancesAfterBackupRestoration (6ms)
Platform modules already initialized, skipping
Refreshing native plugins compatible for Editor in 0.54 ms, found 4 plugins.
Preloading 0 native plugins for Editor in 0.00 ms.
Unloading 3890 Unused Serialized files (Serialized files now loaded: 0)
Unloading 27 unused Assets / (22.0 KB). Loaded Objects now: 4587.
Memory consumption went from 153.6 MB to 153.5 MB.
Total: 2.272200 ms (FindLiveObjects: 0.210500 ms CreateObjectMapping: 0.099600 ms MarkObjects: 1.941100 ms  DeleteObjects: 0.020300 ms)

AssetImportParameters requested are different than current active one (requested -> active):
  custom:video-decoder-ogg-theora: a1e56fd34408186e4bbccfd4996cb3dc -> 
  custom:container-muxer-webm: aa71ff27fc2769a1b78a27578f13a17b -> 
  custom:container-demuxer-webm: 4f35f7cbe854078d1ac9338744f61a02 -> 
  custom:video-encoder-webm-vp8: eb34c28f22e8b96e1ab97ce403110664 -> 
  custom:video-codec-MediaFoundation-h265: 746d11721c4dcdbdad8f713fa42b33f4 -> 
  custom:CustomObjectIndexerAttribute: bc11b3a6c3213fcdd17b65e7da85e133 -> 
  custom:audio-encoder-webm-vorbis: bf7c407c2cedff20999df2af8eb42d56 -> 
  custom:framework-win-MediaFoundation: 216162199b28c13a410421893ffa2e32 -> 
  custom:SearchIndexIgnoredProperties: e643bd26f0fe6173181afceb89e7c659 -> 
  custom:container-demuxer-ogg: 62fdf1f143b41e24485cea50d1cbac27 -> 
  custom:video-decoder-webm-vp8: 9c59270c3fd7afecdb556c50c9e8de78 -> 
  custom:audio-decoder-ogg-vorbis: bf7c407c2cedff20999df2af8eb42d56 -> 
========================================================================
Received Prepare
Registering precompiled user dll's ...
Registered in 0.005586 seconds.
Begin MonoManager ReloadAssembly
Native extension for WindowsStandalone target not found
Native extension for Android target not found
Native extension for WebGL target not found
Refreshing native plugins compatible for Editor in 0.82 ms, found 4 plugins.
Preloading 0 native plugins for Editor in 0.00 ms.
[Package Manager] Server::EnsureServerProcessIsRunning -- launch failed, reason: Unity was launched with the -noUpm command-line argument
[Package Manager] Cannot connect to Unity Package Manager local server
Mono: successfully reloaded assembly
- Completed reload, in  1.338 seconds
Domain Reload Profiling:
	ReloadAssembly (1339ms)
		BeginReloadAssembly (145ms)
			ExecutionOrderSort (0ms)
			DisableScriptedObjects (5ms)
			BackupInstance (0ms)
			ReleaseScriptingObjects (0ms)
			CreateAndSetChildDomain (34ms)
		EndReloadAssembly (1105ms)
			LoadAssemblies (98ms)
			RebuildTransferFunctionScriptingTraits (0ms)
			SetupTypeCache (260ms)
			ReleaseScriptCaches (1ms)
			RebuildScriptCaches (43ms)
			SetupLoadedEditorAssemblies (687ms)
				LogAssemblyErrors (0ms)
				InitializePlatformSupportModulesInManaged (17ms)
				SetLoadedEditorAssemblies (0ms)
				RefreshPlugins (1ms)
				BeforeProcessingInitializeOnLoad (55ms)
				ProcessInitializeOnLoadAttributes (580ms)
				ProcessInitializeOnLoadMethodAttributes (30ms)
				AfterProcessingInitializeOnLoad (4ms)
				EditorAssembliesLoaded (0ms)
			ExecutionOrderSort2 (0ms)
			AwakeInstancesAfterBackupRestoration (5ms)
Platform modules already initialized, skipping
Refreshing native plugins compatible for Editor in 0.44 ms, found 4 plugins.
Preloading 0 native plugins for Editor in 0.00 ms.
Unloading 3890 Unused Serialized files (Serialized files now loaded: 0)
Unloading 27 unused Assets / (23.1 KB). Loaded Objects now: 4590.
Memory consumption went from 153.6 MB to 153.5 MB.
Total: 3.067000 ms (FindLiveObjects: 0.229400 ms CreateObjectMapping: 0.091200 ms MarkObjects: 2.723600 ms  DeleteObjects: 0.022000 ms)

AssetImportParameters requested are different than current active one (requested -> active):
  custom:video-decoder-ogg-theora: a1e56fd34408186e4bbccfd4996cb3dc -> 
  custom:container-muxer-webm: aa71ff27fc2769a1b78a27578f13a17b -> 
  custom:container-demuxer-webm: 4f35f7cbe854078d1ac9338744f61a02 -> 
  custom:video-encoder-webm-vp8: eb34c28f22e8b96e1ab97ce403110664 -> 
  custom:video-codec-MediaFoundation-h265: 746d11721c4dcdbdad8f713fa42b33f4 -> 
  custom:CustomObjectIndexerAttribute: bc11b3a6c3213fcdd17b65e7da85e133 -> 
  custom:audio-encoder-webm-vorbis: bf7c407c2cedff20999df2af8eb42d56 -> 
  custom:framework-win-MediaFoundation: 216162199b28c13a410421893ffa2e32 -> 
  custom:SearchIndexIgnoredProperties: e643bd26f0fe6173181afceb89e7c659 -> 
  custom:container-demuxer-ogg: 62fdf1f143b41e24485cea50d1cbac27 -> 
  custom:video-decoder-webm-vp8: 9c59270c3fd7afecdb556c50c9e8de78 -> 
  custom:audio-decoder-ogg-vorbis: bf7c407c2cedff20999df2af8eb42d56 -> 
========================================================================
Received Prepare
Registering precompiled user dll's ...
Registered in 0.003394 seconds.
Begin MonoManager ReloadAssembly
Native extension for WindowsStandalone target not found
Native extension for Android target not found
Native extension for WebGL target not found
Refreshing native plugins compatible for Editor in 0.64 ms, found 4 plugins.
Preloading 0 native plugins for Editor in 0.00 ms.
[Package Manager] Server::EnsureServerProcessIsRunning -- launch failed, reason: Unity was launched with the -noUpm command-line argument
[Package Manager] Cannot connect to Unity Package Manager local server
Mono: successfully reloaded assembly
- Completed reload, in  1.274 seconds
Domain Reload Profiling:
	ReloadAssembly (1274ms)
		BeginReloadAssembly (128ms)
			ExecutionOrderSort (0ms)
			DisableScriptedObjects (5ms)
			BackupInstance (0ms)
			ReleaseScriptingObjects (0ms)
			CreateAndSetChildDomain (30ms)
		EndReloadAssembly (1082ms)
			LoadAssemblies (87ms)
			RebuildTransferFunctionScriptingTraits (0ms)
			SetupTypeCache (211ms)
			ReleaseScriptCaches (2ms)
			RebuildScriptCaches (42ms)
			SetupLoadedEditorAssemblies (720ms)
				LogAssemblyErrors (0ms)
				InitializePlatformSupportModulesInManaged (14ms)
				SetLoadedEditorAssemblies (0ms)
				RefreshPlugins (1ms)
				BeforeProcessingInitializeOnLoad (52ms)
				ProcessInitializeOnLoadAttributes (616ms)
				ProcessInitializeOnLoadMethodAttributes (33ms)
				AfterProcessingInitializeOnLoad (5ms)
				EditorAssembliesLoaded (0ms)
			ExecutionOrderSort2 (0ms)
			AwakeInstancesAfterBackupRestoration (6ms)
Platform modules already initialized, skipping
Refreshing native plugins compatible for Editor in 0.68 ms, found 4 plugins.
Preloading 0 native plugins for Editor in 0.00 ms.
Unloading 3890 Unused Serialized files (Serialized files now loaded: 0)
Unloading 27 unused Assets / (22.0 KB). Loaded Objects now: 4593.
Memory consumption went from 153.6 MB to 153.6 MB.
Total: 2.829500 ms (FindLiveObjects: 0.245900 ms CreateObjectMapping: 0.105700 ms MarkObjects: 2.453200 ms  DeleteObjects: 0.023800 ms)

AssetImportParameters requested are different than current active one (requested -> active):
  custom:video-decoder-ogg-theora: a1e56fd34408186e4bbccfd4996cb3dc -> 
  custom:container-muxer-webm: aa71ff27fc2769a1b78a27578f13a17b -> 
  custom:container-demuxer-webm: 4f35f7cbe854078d1ac9338744f61a02 -> 
  custom:video-encoder-webm-vp8: eb34c28f22e8b96e1ab97ce403110664 -> 
  custom:video-codec-MediaFoundation-h265: 746d11721c4dcdbdad8f713fa42b33f4 -> 
  custom:CustomObjectIndexerAttribute: bc11b3a6c3213fcdd17b65e7da85e133 -> 
  custom:audio-encoder-webm-vorbis: bf7c407c2cedff20999df2af8eb42d56 -> 
  custom:framework-win-MediaFoundation: 216162199b28c13a410421893ffa2e32 -> 
  custom:SearchIndexIgnoredProperties: e643bd26f0fe6173181afceb89e7c659 -> 
  custom:container-demuxer-ogg: 62fdf1f143b41e24485cea50d1cbac27 -> 
  custom:video-decoder-webm-vp8: 9c59270c3fd7afecdb556c50c9e8de78 -> 
  custom:audio-decoder-ogg-vorbis: bf7c407c2cedff20999df2af8eb42d56 -> 
========================================================================
Received Prepare
Registering precompiled user dll's ...
Registered in 0.005569 seconds.
Begin MonoManager ReloadAssembly
Native extension for WindowsStandalone target not found
Native extension for Android target not found
Native extension for WebGL target not found
Refreshing native plugins compatible for Editor in 0.49 ms, found 4 plugins.
Preloading 0 native plugins for Editor in 0.00 ms.
[Package Manager] Server::EnsureServerProcessIsRunning -- launch failed, reason: Unity was launched with the -noUpm command-line argument
[Package Manager] Cannot connect to Unity Package Manager local server
Mono: successfully reloaded assembly
- Completed reload, in  1.330 seconds
Domain Reload Profiling:
	ReloadAssembly (1331ms)
		BeginReloadAssembly (145ms)
			ExecutionOrderSort (0ms)
			DisableScriptedObjects (4ms)
			BackupInstance (0ms)
			ReleaseScriptingObjects (0ms)
			CreateAndSetChildDomain (32ms)
		EndReloadAssembly (1102ms)
			LoadAssemblies (102ms)
			RebuildTransferFunctionScriptingTraits (0ms)
			SetupTypeCache (220ms)
			ReleaseScriptCaches (2ms)
			RebuildScriptCaches (43ms)
			SetupLoadedEditorAssemblies (716ms)
				LogAssemblyErrors (0ms)
				InitializePlatformSupportModulesInManaged (13ms)
				SetLoadedEditorAssemblies (0ms)
				RefreshPlugins (1ms)
				BeforeProcessingInitializeOnLoad (56ms)
				ProcessInitializeOnLoadAttributes (604ms)
				ProcessInitializeOnLoadMethodAttributes (37ms)
				AfterProcessingInitializeOnLoad (5ms)
				EditorAssembliesLoaded (0ms)
			ExecutionOrderSort2 (0ms)
			AwakeInstancesAfterBackupRestoration (7ms)
Platform modules already initialized, skipping
Refreshing native plugins compatible for Editor in 0.49 ms, found 4 plugins.
Preloading 0 native plugins for Editor in 0.00 ms.
Unloading 3890 Unused Serialized files (Serialized files now loaded: 0)
Unloading 27 unused Assets / (21.9 KB). Loaded Objects now: 4596.
Memory consumption went from 153.6 MB to 153.6 MB.
Total: 2.362100 ms (FindLiveObjects: 0.209400 ms CreateObjectMapping: 0.101700 ms MarkObjects: 2.029300 ms  DeleteObjects: 0.021100 ms)

AssetImportParameters requested are different than current active one (requested -> active):
  custom:video-decoder-ogg-theora: a1e56fd34408186e4bbccfd4996cb3dc -> 
  custom:container-muxer-webm: aa71ff27fc2769a1b78a27578f13a17b -> 
  custom:container-demuxer-webm: 4f35f7cbe854078d1ac9338744f61a02 -> 
  custom:video-encoder-webm-vp8: eb34c28f22e8b96e1ab97ce403110664 -> 
  custom:video-codec-MediaFoundation-h265: 746d11721c4dcdbdad8f713fa42b33f4 -> 
  custom:CustomObjectIndexerAttribute: bc11b3a6c3213fcdd17b65e7da85e133 -> 
  custom:audio-encoder-webm-vorbis: bf7c407c2cedff20999df2af8eb42d56 -> 
  custom:framework-win-MediaFoundation: 216162199b28c13a410421893ffa2e32 -> 
  custom:SearchIndexIgnoredProperties: e643bd26f0fe6173181afceb89e7c659 -> 
  custom:container-demuxer-ogg: 62fdf1f143b41e24485cea50d1cbac27 -> 
  custom:video-decoder-webm-vp8: 9c59270c3fd7afecdb556c50c9e8de78 -> 
  custom:audio-decoder-ogg-vorbis: bf7c407c2cedff20999df2af8eb42d56 -> 
========================================================================
Received Prepare
Registering precompiled user dll's ...
Registered in 0.003484 seconds.
Begin MonoManager ReloadAssembly
Native extension for WindowsStandalone target not found
Native extension for Android target not found
Native extension for WebGL target not found
Refreshing native plugins compatible for Editor in 0.65 ms, found 4 plugins.
Preloading 0 native plugins for Editor in 0.00 ms.
[Package Manager] Server::EnsureServerProcessIsRunning -- launch failed, reason: Unity was launched with the -noUpm command-line argument
[Package Manager] Cannot connect to Unity Package Manager local server
Mono: successfully reloaded assembly
- Completed reload, in  1.298 seconds
Domain Reload Profiling:
	ReloadAssembly (1299ms)
		BeginReloadAssembly (116ms)
			ExecutionOrderSort (0ms)
			DisableScriptedObjects (4ms)
			BackupInstance (0ms)
			ReleaseScriptingObjects (0ms)
			CreateAndSetChildDomain (27ms)
		EndReloadAssembly (1110ms)
			LoadAssemblies (77ms)
			RebuildTransferFunctionScriptingTraits (0ms)
			SetupTypeCache (226ms)
			ReleaseScriptCaches (1ms)
			RebuildScriptCaches (44ms)
			SetupLoadedEditorAssemblies (729ms)
				LogAssemblyErrors (0ms)
				InitializePlatformSupportModulesInManaged (16ms)
				SetLoadedEditorAssemblies (0ms)
				RefreshPlugins (1ms)
				BeforeProcessingInitializeOnLoad (56ms)
				ProcessInitializeOnLoadAttributes (616ms)
				ProcessInitializeOnLoadMethodAttributes (35ms)
				AfterProcessingInitializeOnLoad (5ms)
				EditorAssembliesLoaded (0ms)
			ExecutionOrderSort2 (0ms)
			AwakeInstancesAfterBackupRestoration (6ms)
Platform modules already initialized, skipping
Refreshing native plugins compatible for Editor in 0.64 ms, found 4 plugins.
Preloading 0 native plugins for Editor in 0.00 ms.
Unloading 3890 Unused Serialized files (Serialized files now loaded: 0)
Unloading 27 unused Assets / (21.9 KB). Loaded Objects now: 4599.
Memory consumption went from 153.6 MB to 153.6 MB.
Total: 2.555400 ms (FindLiveObjects: 0.237000 ms CreateObjectMapping: 0.098400 ms MarkObjects: 2.198900 ms  DeleteObjects: 0.020200 ms)

AssetImportParameters requested are different than current active one (requested -> active):
  custom:video-decoder-ogg-theora: a1e56fd34408186e4bbccfd4996cb3dc -> 
  custom:container-muxer-webm: aa71ff27fc2769a1b78a27578f13a17b -> 
  custom:container-demuxer-webm: 4f35f7cbe854078d1ac9338744f61a02 -> 
  custom:video-encoder-webm-vp8: eb34c28f22e8b96e1ab97ce403110664 -> 
  custom:video-codec-MediaFoundation-h265: 746d11721c4dcdbdad8f713fa42b33f4 -> 
  custom:CustomObjectIndexerAttribute: bc11b3a6c3213fcdd17b65e7da85e133 -> 
  custom:audio-encoder-webm-vorbis: bf7c407c2cedff20999df2af8eb42d56 -> 
  custom:framework-win-MediaFoundation: 216162199b28c13a410421893ffa2e32 -> 
  custom:SearchIndexIgnoredProperties: e643bd26f0fe6173181afceb89e7c659 -> 
  custom:container-demuxer-ogg: 62fdf1f143b41e24485cea50d1cbac27 -> 
  custom:video-decoder-webm-vp8: 9c59270c3fd7afecdb556c50c9e8de78 -> 
  custom:audio-decoder-ogg-vorbis: bf7c407c2cedff20999df2af8eb42d56 -> 
========================================================================
Received Prepare
Registering precompiled user dll's ...
Registered in 0.005829 seconds.
Begin MonoManager ReloadAssembly
Native extension for WindowsStandalone target not found
Native extension for Android target not found
Native extension for WebGL target not found
Refreshing native plugins compatible for Editor in 0.52 ms, found 4 plugins.
Preloading 0 native plugins for Editor in 0.00 ms.
[Package Manager] Server::EnsureServerProcessIsRunning -- launch failed, reason: Unity was launched with the -noUpm command-line argument
[Package Manager] Cannot connect to Unity Package Manager local server
Mono: successfully reloaded assembly
- Completed reload, in  1.335 seconds
Domain Reload Profiling:
	ReloadAssembly (1336ms)
		BeginReloadAssembly (147ms)
			ExecutionOrderSort (0ms)
			DisableScriptedObjects (4ms)
			BackupInstance (0ms)
			ReleaseScriptingObjects (0ms)
			CreateAndSetChildDomain (37ms)
		EndReloadAssembly (1106ms)
			LoadAssemblies (96ms)
			RebuildTransferFunctionScriptingTraits (0ms)
			SetupTypeCache (235ms)
			ReleaseScriptCaches (1ms)
			RebuildScriptCaches (36ms)
			SetupLoadedEditorAssemblies (727ms)
				LogAssemblyErrors (0ms)
				InitializePlatformSupportModulesInManaged (16ms)
				SetLoadedEditorAssemblies (0ms)
				RefreshPlugins (1ms)
				BeforeProcessingInitializeOnLoad (62ms)
				ProcessInitializeOnLoadAttributes (605ms)
				ProcessInitializeOnLoadMethodAttributes (40ms)
				AfterProcessingInitializeOnLoad (3ms)
				EditorAssembliesLoaded (0ms)
			ExecutionOrderSort2 (0ms)
			AwakeInstancesAfterBackupRestoration (5ms)
Platform modules already initialized, skipping
Refreshing native plugins compatible for Editor in 0.40 ms, found 4 plugins.
Preloading 0 native plugins for Editor in 0.00 ms.
Unloading 3890 Unused Serialized files (Serialized files now loaded: 0)
Unloading 27 unused Assets / (22.0 KB). Loaded Objects now: 4602.
Memory consumption went from 153.6 MB to 153.6 MB.
Total: 2.296100 ms (FindLiveObjects: 0.205100 ms CreateObjectMapping: 0.088900 ms MarkObjects: 1.983700 ms  DeleteObjects: 0.017700 ms)

AssetImportParameters requested are different than current active one (requested -> active):
  custom:video-decoder-ogg-theora: a1e56fd34408186e4bbccfd4996cb3dc -> 
  custom:container-muxer-webm: aa71ff27fc2769a1b78a27578f13a17b -> 
  custom:container-demuxer-webm: 4f35f7cbe854078d1ac9338744f61a02 -> 
  custom:video-encoder-webm-vp8: eb34c28f22e8b96e1ab97ce403110664 -> 
  custom:video-codec-MediaFoundation-h265: 746d11721c4dcdbdad8f713fa42b33f4 -> 
  custom:CustomObjectIndexerAttribute: bc11b3a6c3213fcdd17b65e7da85e133 -> 
  custom:audio-encoder-webm-vorbis: bf7c407c2cedff20999df2af8eb42d56 -> 
  custom:framework-win-MediaFoundation: 216162199b28c13a410421893ffa2e32 -> 
  custom:SearchIndexIgnoredProperties: e643bd26f0fe6173181afceb89e7c659 -> 
  custom:container-demuxer-ogg: 62fdf1f143b41e24485cea50d1cbac27 -> 
  custom:video-decoder-webm-vp8: 9c59270c3fd7afecdb556c50c9e8de78 -> 
  custom:audio-decoder-ogg-vorbis: bf7c407c2cedff20999df2af8eb42d56 -> 
========================================================================
Received Prepare
Registering precompiled user dll's ...
Registered in 0.004081 seconds.
Begin MonoManager ReloadAssembly
Native extension for WindowsStandalone target not found
Native extension for Android target not found
Native extension for WebGL target not found
Refreshing native plugins compatible for Editor in 0.76 ms, found 4 plugins.
Preloading 0 native plugins for Editor in 0.00 ms.
[Package Manager] Server::EnsureServerProcessIsRunning -- launch failed, reason: Unity was launched with the -noUpm command-line argument
[Package Manager] Cannot connect to Unity Package Manager local server
Mono: successfully reloaded assembly
- Completed reload, in  1.298 seconds
Domain Reload Profiling:
	ReloadAssembly (1298ms)
		BeginReloadAssembly (111ms)
			ExecutionOrderSort (0ms)
			DisableScriptedObjects (4ms)
			BackupInstance (0ms)
			ReleaseScriptingObjects (0ms)
			CreateAndSetChildDomain (24ms)
		EndReloadAssembly (1110ms)
			LoadAssemblies (80ms)
			RebuildTransferFunctionScriptingTraits (0ms)
			SetupTypeCache (224ms)
			ReleaseScriptCaches (1ms)
			RebuildScriptCaches (43ms)
			SetupLoadedEditorAssemblies (732ms)
				LogAssemblyErrors (0ms)
				InitializePlatformSupportModulesInManaged (14ms)
				SetLoadedEditorAssemblies (0ms)
				RefreshPlugins (1ms)
				BeforeProcessingInitializeOnLoad (52ms)
				ProcessInitializeOnLoadAttributes (627ms)
				ProcessInitializeOnLoadMethodAttributes (33ms)
				AfterProcessingInitializeOnLoad (5ms)
				EditorAssembliesLoaded (0ms)
			ExecutionOrderSort2 (0ms)
			AwakeInstancesAfterBackupRestoration (6ms)
Platform modules already initialized, skipping
Refreshing native plugins compatible for Editor in 0.60 ms, found 4 plugins.
Preloading 0 native plugins for Editor in 0.00 ms.
Unloading 3890 Unused Serialized files (Serialized files now loaded: 0)
Unloading 27 unused Assets / (21.9 KB). Loaded Objects now: 4605.
Memory consumption went from 153.6 MB to 153.6 MB.
Total: 2.561400 ms (FindLiveObjects: 0.225800 ms CreateObjectMapping: 0.111100 ms MarkObjects: 2.192900 ms  DeleteObjects: 0.030000 ms)

AssetImportParameters requested are different than current active one (requested -> active):
  custom:video-decoder-ogg-theora: a1e56fd34408186e4bbccfd4996cb3dc -> 
  custom:container-muxer-webm: aa71ff27fc2769a1b78a27578f13a17b -> 
  custom:container-demuxer-webm: 4f35f7cbe854078d1ac9338744f61a02 -> 
  custom:video-encoder-webm-vp8: eb34c28f22e8b96e1ab97ce403110664 -> 
  custom:video-codec-MediaFoundation-h265: 746d11721c4dcdbdad8f713fa42b33f4 -> 
  custom:CustomObjectIndexerAttribute: bc11b3a6c3213fcdd17b65e7da85e133 -> 
  custom:audio-encoder-webm-vorbis: bf7c407c2cedff20999df2af8eb42d56 -> 
  custom:framework-win-MediaFoundation: 216162199b28c13a410421893ffa2e32 -> 
  custom:SearchIndexIgnoredProperties: e643bd26f0fe6173181afceb89e7c659 -> 
  custom:container-demuxer-ogg: 62fdf1f143b41e24485cea50d1cbac27 -> 
  custom:video-decoder-webm-vp8: 9c59270c3fd7afecdb556c50c9e8de78 -> 
  custom:audio-decoder-ogg-vorbis: bf7c407c2cedff20999df2af8eb42d56 -> 
========================================================================
Received Prepare
Registering precompiled user dll's ...
Registered in 0.005875 seconds.
Begin MonoManager ReloadAssembly
Native extension for WindowsStandalone target not found
Native extension for Android target not found
Native extension for WebGL target not found
Refreshing native plugins compatible for Editor in 0.60 ms, found 4 plugins.
Preloading 0 native plugins for Editor in 0.00 ms.
[Package Manager] Server::EnsureServerProcessIsRunning -- launch failed, reason: Unity was launched with the -noUpm command-line argument
[Package Manager] Cannot connect to Unity Package Manager local server
Mono: successfully reloaded assembly
- Completed reload, in  1.261 seconds
Domain Reload Profiling:
	ReloadAssembly (1262ms)
		BeginReloadAssembly (147ms)
			ExecutionOrderSort (0ms)
			DisableScriptedObjects (4ms)
			BackupInstance (0ms)
			ReleaseScriptingObjects (0ms)
			CreateAndSetChildDomain (35ms)
		EndReloadAssembly (1036ms)
			LoadAssemblies (98ms)
			RebuildTransferFunctionScriptingTraits (0ms)
			SetupTypeCache (230ms)
			ReleaseScriptCaches (1ms)
			RebuildScriptCaches (37ms)
			SetupLoadedEditorAssemblies (664ms)
				LogAssemblyErrors (0ms)
				InitializePlatformSupportModulesInManaged (13ms)
				SetLoadedEditorAssemblies (0ms)
				RefreshPlugins (1ms)
				BeforeProcessingInitializeOnLoad (53ms)
				ProcessInitializeOnLoadAttributes (567ms)
				ProcessInitializeOnLoadMethodAttributes (26ms)
				AfterProcessingInitializeOnLoad (4ms)
				EditorAssembliesLoaded (0ms)
			ExecutionOrderSort2 (0ms)
			AwakeInstancesAfterBackupRestoration (6ms)
Platform modules already initialized, skipping
Refreshing native plugins compatible for Editor in 0.49 ms, found 4 plugins.
Preloading 0 native plugins for Editor in 0.00 ms.
Unloading 3890 Unused Serialized files (Serialized files now loaded: 0)
Unloading 27 unused Assets / (22.0 KB). Loaded Objects now: 4608.
Memory consumption went from 153.6 MB to 153.6 MB.
Total: 2.760800 ms (FindLiveObjects: 0.213100 ms CreateObjectMapping: 0.096900 ms MarkObjects: 2.413600 ms  DeleteObjects: 0.036000 ms)

AssetImportParameters requested are different than current active one (requested -> active):
  custom:video-decoder-ogg-theora: a1e56fd34408186e4bbccfd4996cb3dc -> 
  custom:container-muxer-webm: aa71ff27fc2769a1b78a27578f13a17b -> 
  custom:container-demuxer-webm: 4f35f7cbe854078d1ac9338744f61a02 -> 
  custom:video-encoder-webm-vp8: eb34c28f22e8b96e1ab97ce403110664 -> 
  custom:video-codec-MediaFoundation-h265: 746d11721c4dcdbdad8f713fa42b33f4 -> 
  custom:CustomObjectIndexerAttribute: bc11b3a6c3213fcdd17b65e7da85e133 -> 
  custom:audio-encoder-webm-vorbis: bf7c407c2cedff20999df2af8eb42d56 -> 
  custom:framework-win-MediaFoundation: 216162199b28c13a410421893ffa2e32 -> 
  custom:SearchIndexIgnoredProperties: e643bd26f0fe6173181afceb89e7c659 -> 
  custom:container-demuxer-ogg: 62fdf1f143b41e24485cea50d1cbac27 -> 
  custom:video-decoder-webm-vp8: 9c59270c3fd7afecdb556c50c9e8de78 -> 
  custom:audio-decoder-ogg-vorbis: bf7c407c2cedff20999df2af8eb42d56 -> 
========================================================================
Received Prepare
Registering precompiled user dll's ...
Registered in 0.003553 seconds.
Begin MonoManager ReloadAssembly
Native extension for WindowsStandalone target not found
Native extension for Android target not found
Native extension for WebGL target not found
Refreshing native plugins compatible for Editor in 0.66 ms, found 4 plugins.
Preloading 0 native plugins for Editor in 0.00 ms.
[Package Manager] Server::EnsureServerProcessIsRunning -- launch failed, reason: Unity was launched with the -noUpm command-line argument
[Package Manager] Cannot connect to Unity Package Manager local server
Mono: successfully reloaded assembly
- Completed reload, in  1.247 seconds
Domain Reload Profiling:
	ReloadAssembly (1248ms)
		BeginReloadAssembly (121ms)
			ExecutionOrderSort (0ms)
			DisableScriptedObjects (5ms)
			BackupInstance (0ms)
			ReleaseScriptingObjects (0ms)
			CreateAndSetChildDomain (25ms)
		EndReloadAssembly (1053ms)
			LoadAssemblies (82ms)
			RebuildTransferFunctionScriptingTraits (0ms)
			SetupTypeCache (217ms)
			ReleaseScriptCaches (1ms)
			RebuildScriptCaches (45ms)
			SetupLoadedEditorAssemblies (684ms)
				LogAssemblyErrors (0ms)
				InitializePlatformSupportModulesInManaged (17ms)
				SetLoadedEditorAssemblies (1ms)
				RefreshPlugins (1ms)
				BeforeProcessingInitializeOnLoad (51ms)
				ProcessInitializeOnLoadAttributes (573ms)
				ProcessInitializeOnLoadMethodAttributes (36ms)
				AfterProcessingInitializeOnLoad (5ms)
				EditorAssembliesLoaded (0ms)
			ExecutionOrderSort2 (0ms)
			AwakeInstancesAfterBackupRestoration (6ms)
Platform modules already initialized, skipping
Refreshing native plugins compatible for Editor in 0.79 ms, found 4 plugins.
Preloading 0 native plugins for Editor in 0.00 ms.
Unloading 3890 Unused Serialized files (Serialized files now loaded: 0)
Unloading 27 unused Assets / (21.9 KB). Loaded Objects now: 4611.
Memory consumption went from 153.6 MB to 153.6 MB.
Total: 2.641600 ms (FindLiveObjects: 0.272800 ms CreateObjectMapping: 0.119500 ms MarkObjects: 2.223100 ms  DeleteObjects: 0.025400 ms)

AssetImportParameters requested are different than current active one (requested -> active):
  custom:video-decoder-ogg-theora: a1e56fd34408186e4bbccfd4996cb3dc -> 
  custom:container-muxer-webm: aa71ff27fc2769a1b78a27578f13a17b -> 
  custom:container-demuxer-webm: 4f35f7cbe854078d1ac9338744f61a02 -> 
  custom:video-encoder-webm-vp8: eb34c28f22e8b96e1ab97ce403110664 -> 
  custom:video-codec-MediaFoundation-h265: 746d11721c4dcdbdad8f713fa42b33f4 -> 
  custom:CustomObjectIndexerAttribute: bc11b3a6c3213fcdd17b65e7da85e133 -> 
  custom:audio-encoder-webm-vorbis: bf7c407c2cedff20999df2af8eb42d56 -> 
  custom:framework-win-MediaFoundation: 216162199b28c13a410421893ffa2e32 -> 
  custom:SearchIndexIgnoredProperties: e643bd26f0fe6173181afceb89e7c659 -> 
  custom:container-demuxer-ogg: 62fdf1f143b41e24485cea50d1cbac27 -> 
  custom:video-decoder-webm-vp8: 9c59270c3fd7afecdb556c50c9e8de78 -> 
  custom:audio-decoder-ogg-vorbis: bf7c407c2cedff20999df2af8eb42d56 -> 
========================================================================
Received Prepare
Registering precompiled user dll's ...
Registered in 0.003553 seconds.
Begin MonoManager ReloadAssembly
Native extension for WindowsStandalone target not found
Native extension for Android target not found
Native extension for WebGL target not found
Refreshing native plugins compatible for Editor in 0.52 ms, found 4 plugins.
Preloading 0 native plugins for Editor in 0.00 ms.
[Package Manager] Server::EnsureServerProcessIsRunning -- launch failed, reason: Unity was launched with the -noUpm command-line argument
[Package Manager] Cannot connect to Unity Package Manager local server
Mono: successfully reloaded assembly
- Completed reload, in  1.297 seconds
Domain Reload Profiling:
	ReloadAssembly (1298ms)
		BeginReloadAssembly (124ms)
			ExecutionOrderSort (0ms)
			DisableScriptedObjects (5ms)
			BackupInstance (0ms)
			ReleaseScriptingObjects (0ms)
			CreateAndSetChildDomain (25ms)
		EndReloadAssembly (1098ms)
			LoadAssemblies (94ms)
			RebuildTransferFunctionScriptingTraits (0ms)
			SetupTypeCache (234ms)
			ReleaseScriptCaches (1ms)
			RebuildScriptCaches (40ms)
			SetupLoadedEditorAssemblies (714ms)
				LogAssemblyErrors (0ms)
				InitializePlatformSupportModulesInManaged (11ms)
				SetLoadedEditorAssemblies (0ms)
				RefreshPlugins (1ms)
				BeforeProcessingInitializeOnLoad (52ms)
				ProcessInitializeOnLoadAttributes (611ms)
				ProcessInitializeOnLoadMethodAttributes (34ms)
				AfterProcessingInitializeOnLoad (5ms)
				EditorAssembliesLoaded (0ms)
			ExecutionOrderSort2 (0ms)
			AwakeInstancesAfterBackupRestoration (6ms)
Platform modules already initialized, skipping
Refreshing native plugins compatible for Editor in 0.67 ms, found 4 plugins.
Preloading 0 native plugins for Editor in 0.00 ms.
Unloading 3890 Unused Serialized files (Serialized files now loaded: 0)
Unloading 27 unused Assets / (22.0 KB). Loaded Objects now: 4614.
Memory consumption went from 153.6 MB to 153.6 MB.
Total: 2.526000 ms (FindLiveObjects: 0.271500 ms CreateObjectMapping: 0.150900 ms MarkObjects: 2.082500 ms  DeleteObjects: 0.020500 ms)

AssetImportParameters requested are different than current active one (requested -> active):
  custom:video-decoder-ogg-theora: a1e56fd34408186e4bbccfd4996cb3dc -> 
  custom:container-muxer-webm: aa71ff27fc2769a1b78a27578f13a17b -> 
  custom:container-demuxer-webm: 4f35f7cbe854078d1ac9338744f61a02 -> 
  custom:video-encoder-webm-vp8: eb34c28f22e8b96e1ab97ce403110664 -> 
  custom:video-codec-MediaFoundation-h265: 746d11721c4dcdbdad8f713fa42b33f4 -> 
  custom:CustomObjectIndexerAttribute: bc11b3a6c3213fcdd17b65e7da85e133 -> 
  custom:audio-encoder-webm-vorbis: bf7c407c2cedff20999df2af8eb42d56 -> 
  custom:framework-win-MediaFoundation: 216162199b28c13a410421893ffa2e32 -> 
  custom:SearchIndexIgnoredProperties: e643bd26f0fe6173181afceb89e7c659 -> 
  custom:container-demuxer-ogg: 62fdf1f143b41e24485cea50d1cbac27 -> 
  custom:video-decoder-webm-vp8: 9c59270c3fd7afecdb556c50c9e8de78 -> 
  custom:audio-decoder-ogg-vorbis: bf7c407c2cedff20999df2af8eb42d56 -> 
========================================================================
Received Prepare
Registering precompiled user dll's ...
Registered in 0.003869 seconds.
Begin MonoManager ReloadAssembly
Native extension for WindowsStandalone target not found
Native extension for Android target not found
Native extension for WebGL target not found
Refreshing native plugins compatible for Editor in 0.69 ms, found 4 plugins.
Preloading 0 native plugins for Editor in 0.00 ms.
[Package Manager] Server::EnsureServerProcessIsRunning -- launch failed, reason: Unity was launched with the -noUpm command-line argument
[Package Manager] Cannot connect to Unity Package Manager local server
Mono: successfully reloaded assembly
- Completed reload, in  1.311 seconds
Domain Reload Profiling:
	ReloadAssembly (1312ms)
		BeginReloadAssembly (120ms)
			ExecutionOrderSort (0ms)
			DisableScriptedObjects (4ms)
			BackupInstance (0ms)
			ReleaseScriptingObjects (0ms)
			CreateAndSetChildDomain (27ms)
		EndReloadAssembly (1107ms)
			LoadAssemblies (88ms)
			RebuildTransferFunctionScriptingTraits (0ms)
			SetupTypeCache (229ms)
			ReleaseScriptCaches (1ms)
			RebuildScriptCaches (40ms)
			SetupLoadedEditorAssemblies (720ms)
				LogAssemblyErrors (0ms)
				InitializePlatformSupportModulesInManaged (15ms)
				SetLoadedEditorAssemblies (0ms)
				RefreshPlugins (1ms)
				BeforeProcessingInitializeOnLoad (54ms)
				ProcessInitializeOnLoadAttributes (611ms)
				ProcessInitializeOnLoadMethodAttributes (35ms)
				AfterProcessingInitializeOnLoad (5ms)
				EditorAssembliesLoaded (0ms)
			ExecutionOrderSort2 (0ms)
			AwakeInstancesAfterBackupRestoration (6ms)
Platform modules already initialized, skipping
Refreshing native plugins compatible for Editor in 0.65 ms, found 4 plugins.
Preloading 0 native plugins for Editor in 0.00 ms.
Unloading 3890 Unused Serialized files (Serialized files now loaded: 0)
Unloading 27 unused Assets / (21.9 KB). Loaded Objects now: 4617.
Memory consumption went from 153.6 MB to 153.6 MB.
Total: 2.484900 ms (FindLiveObjects: 0.235400 ms CreateObjectMapping: 0.138400 ms MarkObjects: 2.090200 ms  DeleteObjects: 0.019800 ms)

AssetImportParameters requested are different than current active one (requested -> active):
  custom:video-decoder-ogg-theora: a1e56fd34408186e4bbccfd4996cb3dc -> 
  custom:container-muxer-webm: aa71ff27fc2769a1b78a27578f13a17b -> 
  custom:container-demuxer-webm: 4f35f7cbe854078d1ac9338744f61a02 -> 
  custom:video-encoder-webm-vp8: eb34c28f22e8b96e1ab97ce403110664 -> 
  custom:video-codec-MediaFoundation-h265: 746d11721c4dcdbdad8f713fa42b33f4 -> 
  custom:CustomObjectIndexerAttribute: bc11b3a6c3213fcdd17b65e7da85e133 -> 
  custom:audio-encoder-webm-vorbis: bf7c407c2cedff20999df2af8eb42d56 -> 
  custom:framework-win-MediaFoundation: 216162199b28c13a410421893ffa2e32 -> 
  custom:SearchIndexIgnoredProperties: e643bd26f0fe6173181afceb89e7c659 -> 
  custom:container-demuxer-ogg: 62fdf1f143b41e24485cea50d1cbac27 -> 
  custom:video-decoder-webm-vp8: 9c59270c3fd7afecdb556c50c9e8de78 -> 
  custom:audio-decoder-ogg-vorbis: bf7c407c2cedff20999df2af8eb42d56 -> 
========================================================================
Received Prepare
Registering precompiled user dll's ...
Registered in 0.003851 seconds.
Begin MonoManager ReloadAssembly
Native extension for WindowsStandalone target not found
Native extension for Android target not found
Native extension for WebGL target not found
Refreshing native plugins compatible for Editor in 0.49 ms, found 4 plugins.
Preloading 0 native plugins for Editor in 0.00 ms.
[Package Manager] Server::EnsureServerProcessIsRunning -- launch failed, reason: Unity was launched with the -noUpm command-line argument
[Package Manager] Cannot connect to Unity Package Manager local server
Mono: successfully reloaded assembly
- Completed reload, in  1.176 seconds
Domain Reload Profiling:
	ReloadAssembly (1177ms)
		BeginReloadAssembly (129ms)
			ExecutionOrderSort (0ms)
			DisableScriptedObjects (5ms)
			BackupInstance (0ms)
			ReleaseScriptingObjects (0ms)
			CreateAndSetChildDomain (29ms)
		EndReloadAssembly (977ms)
			LoadAssemblies (85ms)
			RebuildTransferFunctionScriptingTraits (0ms)
			SetupTypeCache (191ms)
			ReleaseScriptCaches (2ms)
			RebuildScriptCaches (34ms)
			SetupLoadedEditorAssemblies (656ms)
				LogAssemblyErrors (0ms)
				InitializePlatformSupportModulesInManaged (11ms)
				SetLoadedEditorAssemblies (0ms)
				RefreshPlugins (1ms)
				BeforeProcessingInitializeOnLoad (46ms)
				ProcessInitializeOnLoadAttributes (558ms)
				ProcessInitializeOnLoadMethodAttributes (35ms)
				AfterProcessingInitializeOnLoad (4ms)
				EditorAssembliesLoaded (0ms)
			ExecutionOrderSort2 (0ms)
			AwakeInstancesAfterBackupRestoration (7ms)
Platform modules already initialized, skipping
Refreshing native plugins compatible for Editor in 0.42 ms, found 4 plugins.
Preloading 0 native plugins for Editor in 0.00 ms.
Unloading 3890 Unused Serialized files (Serialized files now loaded: 0)
Unloading 27 unused Assets / (21.9 KB). Loaded Objects now: 4620.
Memory consumption went from 153.7 MB to 153.6 MB.
Total: 3.151800 ms (FindLiveObjects: 0.227200 ms CreateObjectMapping: 0.104400 ms MarkObjects: 2.782500 ms  DeleteObjects: 0.035900 ms)

AssetImportParameters requested are different than current active one (requested -> active):
  custom:video-decoder-ogg-theora: a1e56fd34408186e4bbccfd4996cb3dc -> 
  custom:container-muxer-webm: aa71ff27fc2769a1b78a27578f13a17b -> 
  custom:container-demuxer-webm: 4f35f7cbe854078d1ac9338744f61a02 -> 
  custom:video-encoder-webm-vp8: eb34c28f22e8b96e1ab97ce403110664 -> 
  custom:video-codec-MediaFoundation-h265: 746d11721c4dcdbdad8f713fa42b33f4 -> 
  custom:CustomObjectIndexerAttribute: bc11b3a6c3213fcdd17b65e7da85e133 -> 
  custom:audio-encoder-webm-vorbis: bf7c407c2cedff20999df2af8eb42d56 -> 
  custom:framework-win-MediaFoundation: 216162199b28c13a410421893ffa2e32 -> 
  custom:SearchIndexIgnoredProperties: e643bd26f0fe6173181afceb89e7c659 -> 
  custom:container-demuxer-ogg: 62fdf1f143b41e24485cea50d1cbac27 -> 
  custom:video-decoder-webm-vp8: 9c59270c3fd7afecdb556c50c9e8de78 -> 
  custom:audio-decoder-ogg-vorbis: bf7c407c2cedff20999df2af8eb42d56 -> 
========================================================================
Received Prepare
Registering precompiled user dll's ...
Registered in 0.004563 seconds.
Begin MonoManager ReloadAssembly
Native extension for WindowsStandalone target not found
Native extension for Android target not found
Native extension for WebGL target not found
Refreshing native plugins compatible for Editor in 0.67 ms, found 4 plugins.
Preloading 0 native plugins for Editor in 0.00 ms.
[Package Manager] Server::EnsureServerProcessIsRunning -- launch failed, reason: Unity was launched with the -noUpm command-line argument
[Package Manager] Cannot connect to Unity Package Manager local server
Mono: successfully reloaded assembly
- Completed reload, in  1.305 seconds
Domain Reload Profiling:
	ReloadAssembly (1306ms)
		BeginReloadAssembly (123ms)
			ExecutionOrderSort (0ms)
			DisableScriptedObjects (6ms)
			BackupInstance (0ms)
			ReleaseScriptingObjects (0ms)
			CreateAndSetChildDomain (25ms)
		EndReloadAssembly (1115ms)
			LoadAssemblies (86ms)
			RebuildTransferFunctionScriptingTraits (0ms)
			SetupTypeCache (239ms)
			ReleaseScriptCaches (1ms)
			RebuildScriptCaches (40ms)
			SetupLoadedEditorAssemblies (729ms)
				LogAssemblyErrors (0ms)
				InitializePlatformSupportModulesInManaged (13ms)
				SetLoadedEditorAssemblies (0ms)
				RefreshPlugins (1ms)
				BeforeProcessingInitializeOnLoad (52ms)
				ProcessInitializeOnLoadAttributes (622ms)
				ProcessInitializeOnLoadMethodAttributes (35ms)
				AfterProcessingInitializeOnLoad (5ms)
				EditorAssembliesLoaded (0ms)
			ExecutionOrderSort2 (0ms)
			AwakeInstancesAfterBackupRestoration (6ms)
Platform modules already initialized, skipping
Refreshing native plugins compatible for Editor in 0.70 ms, found 4 plugins.
Preloading 0 native plugins for Editor in 0.00 ms.
Unloading 3890 Unused Serialized files (Serialized files now loaded: 0)
Unloading 27 unused Assets / (22.0 KB). Loaded Objects now: 4623.
Memory consumption went from 153.7 MB to 153.6 MB.
Total: 2.812400 ms (FindLiveObjects: 0.302800 ms CreateObjectMapping: 0.127400 ms MarkObjects: 2.353500 ms  DeleteObjects: 0.027800 ms)

AssetImportParameters requested are different than current active one (requested -> active):
  custom:video-decoder-ogg-theora: a1e56fd34408186e4bbccfd4996cb3dc -> 
  custom:container-muxer-webm: aa71ff27fc2769a1b78a27578f13a17b -> 
  custom:container-demuxer-webm: 4f35f7cbe854078d1ac9338744f61a02 -> 
  custom:video-encoder-webm-vp8: eb34c28f22e8b96e1ab97ce403110664 -> 
  custom:video-codec-MediaFoundation-h265: 746d11721c4dcdbdad8f713fa42b33f4 -> 
  custom:CustomObjectIndexerAttribute: bc11b3a6c3213fcdd17b65e7da85e133 -> 
  custom:audio-encoder-webm-vorbis: bf7c407c2cedff20999df2af8eb42d56 -> 
  custom:framework-win-MediaFoundation: 216162199b28c13a410421893ffa2e32 -> 
  custom:SearchIndexIgnoredProperties: e643bd26f0fe6173181afceb89e7c659 -> 
  custom:container-demuxer-ogg: 62fdf1f143b41e24485cea50d1cbac27 -> 
  custom:video-decoder-webm-vp8: 9c59270c3fd7afecdb556c50c9e8de78 -> 
  custom:audio-decoder-ogg-vorbis: bf7c407c2cedff20999df2af8eb42d56 -> 
========================================================================
Received Prepare
Registering precompiled user dll's ...
Registered in 0.005730 seconds.
Begin MonoManager ReloadAssembly
Native extension for WindowsStandalone target not found
Native extension for Android target not found
Native extension for WebGL target not found
Refreshing native plugins compatible for Editor in 1.03 ms, found 4 plugins.
Preloading 0 native plugins for Editor in 0.00 ms.
[Package Manager] Server::EnsureServerProcessIsRunning -- launch failed, reason: Unity was launched with the -noUpm command-line argument
[Package Manager] Cannot connect to Unity Package Manager local server
Mono: successfully reloaded assembly
- Completed reload, in  1.312 seconds
Domain Reload Profiling:
	ReloadAssembly (1312ms)
		BeginReloadAssembly (132ms)
			ExecutionOrderSort (0ms)
			DisableScriptedObjects (6ms)
			BackupInstance (0ms)
			ReleaseScriptingObjects (0ms)
			CreateAndSetChildDomain (34ms)
		EndReloadAssembly (1101ms)
			LoadAssemblies (82ms)
			RebuildTransferFunctionScriptingTraits (0ms)
			SetupTypeCache (268ms)
			ReleaseScriptCaches (1ms)
			RebuildScriptCaches (49ms)
			SetupLoadedEditorAssemblies (677ms)
				LogAssemblyErrors (0ms)
				InitializePlatformSupportModulesInManaged (15ms)
				SetLoadedEditorAssemblies (0ms)
				RefreshPlugins (1ms)
				BeforeProcessingInitializeOnLoad (49ms)
				ProcessInitializeOnLoadAttributes (581ms)
				ProcessInitializeOnLoadMethodAttributes (26ms)
				AfterProcessingInitializeOnLoad (3ms)
				EditorAssembliesLoaded (0ms)
			ExecutionOrderSort2 (0ms)
			AwakeInstancesAfterBackupRestoration (6ms)
Platform modules already initialized, skipping
Refreshing native plugins compatible for Editor in 0.39 ms, found 4 plugins.
Preloading 0 native plugins for Editor in 0.00 ms.
Unloading 3890 Unused Serialized files (Serialized files now loaded: 0)
Unloading 27 unused Assets / (22.0 KB). Loaded Objects now: 4626.
Memory consumption went from 153.7 MB to 153.6 MB.
Total: 2.420800 ms (FindLiveObjects: 0.215600 ms CreateObjectMapping: 0.094200 ms MarkObjects: 2.086400 ms  DeleteObjects: 0.022700 ms)

AssetImportParameters requested are different than current active one (requested -> active):
  custom:video-decoder-ogg-theora: a1e56fd34408186e4bbccfd4996cb3dc -> 
  custom:container-muxer-webm: aa71ff27fc2769a1b78a27578f13a17b -> 
  custom:container-demuxer-webm: 4f35f7cbe854078d1ac9338744f61a02 -> 
  custom:video-encoder-webm-vp8: eb34c28f22e8b96e1ab97ce403110664 -> 
  custom:video-codec-MediaFoundation-h265: 746d11721c4dcdbdad8f713fa42b33f4 -> 
  custom:CustomObjectIndexerAttribute: bc11b3a6c3213fcdd17b65e7da85e133 -> 
  custom:audio-encoder-webm-vorbis: bf7c407c2cedff20999df2af8eb42d56 -> 
  custom:framework-win-MediaFoundation: 216162199b28c13a410421893ffa2e32 -> 
  custom:SearchIndexIgnoredProperties: e643bd26f0fe6173181afceb89e7c659 -> 
  custom:container-demuxer-ogg: 62fdf1f143b41e24485cea50d1cbac27 -> 
  custom:video-decoder-webm-vp8: 9c59270c3fd7afecdb556c50c9e8de78 -> 
  custom:audio-decoder-ogg-vorbis: bf7c407c2cedff20999df2af8eb42d56 -> 
========================================================================
Received Prepare
Registering precompiled user dll's ...
Registered in 0.004058 seconds.
Begin MonoManager ReloadAssembly
Native extension for WindowsStandalone target not found
Native extension for Android target not found
Native extension for WebGL target not found
Refreshing native plugins compatible for Editor in 0.68 ms, found 4 plugins.
Preloading 0 native plugins for Editor in 0.00 ms.
[Package Manager] Server::EnsureServerProcessIsRunning -- launch failed, reason: Unity was launched with the -noUpm command-line argument
[Package Manager] Cannot connect to Unity Package Manager local server
Mono: successfully reloaded assembly
- Completed reload, in  1.281 seconds
Domain Reload Profiling:
	ReloadAssembly (1281ms)
		BeginReloadAssembly (118ms)
			ExecutionOrderSort (0ms)
			DisableScriptedObjects (4ms)
			BackupInstance (0ms)
			ReleaseScriptingObjects (0ms)
			CreateAndSetChildDomain (28ms)
		EndReloadAssembly (1093ms)
			LoadAssemblies (78ms)
			RebuildTransferFunctionScriptingTraits (0ms)
			SetupTypeCache (208ms)
			ReleaseScriptCaches (1ms)
			RebuildScriptCaches (36ms)
			SetupLoadedEditorAssemblies (741ms)
				LogAssemblyErrors (0ms)
				InitializePlatformSupportModulesInManaged (14ms)
				SetLoadedEditorAssemblies (1ms)
				RefreshPlugins (1ms)
				BeforeProcessingInitializeOnLoad (58ms)
				ProcessInitializeOnLoadAttributes (624ms)
				ProcessInitializeOnLoadMethodAttributes (37ms)
				AfterProcessingInitializeOnLoad (5ms)
				EditorAssembliesLoaded (0ms)
			ExecutionOrderSort2 (0ms)
			AwakeInstancesAfterBackupRestoration (7ms)
Platform modules already initialized, skipping
Refreshing native plugins compatible for Editor in 0.79 ms, found 4 plugins.
Preloading 0 native plugins for Editor in 0.00 ms.
Unloading 3890 Unused Serialized files (Serialized files now loaded: 0)
Unloading 27 unused Assets / (21.9 KB). Loaded Objects now: 4629.
Memory consumption went from 153.7 MB to 153.7 MB.
Total: 2.678100 ms (FindLiveObjects: 0.267100 ms CreateObjectMapping: 0.138500 ms MarkObjects: 2.248600 ms  DeleteObjects: 0.022700 ms)

AssetImportParameters requested are different than current active one (requested -> active):
  custom:video-decoder-ogg-theora: a1e56fd34408186e4bbccfd4996cb3dc -> 
  custom:container-muxer-webm: aa71ff27fc2769a1b78a27578f13a17b -> 
  custom:container-demuxer-webm: 4f35f7cbe854078d1ac9338744f61a02 -> 
  custom:video-encoder-webm-vp8: eb34c28f22e8b96e1ab97ce403110664 -> 
  custom:video-codec-MediaFoundation-h265: 746d11721c4dcdbdad8f713fa42b33f4 -> 
  custom:CustomObjectIndexerAttribute: bc11b3a6c3213fcdd17b65e7da85e133 -> 
  custom:audio-encoder-webm-vorbis: bf7c407c2cedff20999df2af8eb42d56 -> 
  custom:framework-win-MediaFoundation: 216162199b28c13a410421893ffa2e32 -> 
  custom:SearchIndexIgnoredProperties: e643bd26f0fe6173181afceb89e7c659 -> 
  custom:container-demuxer-ogg: 62fdf1f143b41e24485cea50d1cbac27 -> 
  custom:video-decoder-webm-vp8: 9c59270c3fd7afecdb556c50c9e8de78 -> 
  custom:audio-decoder-ogg-vorbis: bf7c407c2cedff20999df2af8eb42d56 -> 
========================================================================
Received Prepare
Registering precompiled user dll's ...
Registered in 0.003803 seconds.
Begin MonoManager ReloadAssembly
Native extension for WindowsStandalone target not found
Native extension for Android target not found
Native extension for WebGL target not found
Refreshing native plugins compatible for Editor in 0.82 ms, found 4 plugins.
Preloading 0 native plugins for Editor in 0.00 ms.
[Package Manager] Server::EnsureServerProcessIsRunning -- launch failed, reason: Unity was launched with the -noUpm command-line argument
[Package Manager] Cannot connect to Unity Package Manager local server
Mono: successfully reloaded assembly
- Completed reload, in  1.251 seconds
Domain Reload Profiling:
	ReloadAssembly (1252ms)
		BeginReloadAssembly (116ms)
			ExecutionOrderSort (0ms)
			DisableScriptedObjects (6ms)
			BackupInstance (0ms)
			ReleaseScriptingObjects (0ms)
			CreateAndSetChildDomain (27ms)
		EndReloadAssembly (1062ms)
			LoadAssemblies (77ms)
			RebuildTransferFunctionScriptingTraits (0ms)
			SetupTypeCache (207ms)
			ReleaseScriptCaches (1ms)
			RebuildScriptCaches (33ms)
			SetupLoadedEditorAssemblies (718ms)
				LogAssemblyErrors (0ms)
				InitializePlatformSupportModulesInManaged (17ms)
				SetLoadedEditorAssemblies (0ms)
				RefreshPlugins (1ms)
				BeforeProcessingInitializeOnLoad (55ms)
				ProcessInitializeOnLoadAttributes (603ms)
				ProcessInitializeOnLoadMethodAttributes (37ms)
				AfterProcessingInitializeOnLoad (5ms)
				EditorAssembliesLoaded (0ms)
			ExecutionOrderSort2 (0ms)
			AwakeInstancesAfterBackupRestoration (6ms)
Platform modules already initialized, skipping
Refreshing native plugins compatible for Editor in 0.61 ms, found 4 plugins.
Preloading 0 native plugins for Editor in 0.00 ms.
Unloading 3890 Unused Serialized files (Serialized files now loaded: 0)
Unloading 27 unused Assets / (21.9 KB). Loaded Objects now: 4632.
Memory consumption went from 153.7 MB to 153.7 MB.
Total: 3.216800 ms (FindLiveObjects: 0.333800 ms CreateObjectMapping: 0.198800 ms MarkObjects: 2.652800 ms  DeleteObjects: 0.030300 ms)

AssetImportParameters requested are different than current active one (requested -> active):
  custom:video-decoder-ogg-theora: a1e56fd34408186e4bbccfd4996cb3dc -> 
  custom:container-muxer-webm: aa71ff27fc2769a1b78a27578f13a17b -> 
  custom:container-demuxer-webm: 4f35f7cbe854078d1ac9338744f61a02 -> 
  custom:video-encoder-webm-vp8: eb34c28f22e8b96e1ab97ce403110664 -> 
  custom:video-codec-MediaFoundation-h265: 746d11721c4dcdbdad8f713fa42b33f4 -> 
  custom:CustomObjectIndexerAttribute: bc11b3a6c3213fcdd17b65e7da85e133 -> 
  custom:audio-encoder-webm-vorbis: bf7c407c2cedff20999df2af8eb42d56 -> 
  custom:framework-win-MediaFoundation: 216162199b28c13a410421893ffa2e32 -> 
  custom:SearchIndexIgnoredProperties: e643bd26f0fe6173181afceb89e7c659 -> 
  custom:container-demuxer-ogg: 62fdf1f143b41e24485cea50d1cbac27 -> 
  custom:video-decoder-webm-vp8: 9c59270c3fd7afecdb556c50c9e8de78 -> 
  custom:audio-decoder-ogg-vorbis: bf7c407c2cedff20999df2af8eb42d56 -> 
========================================================================
Received Prepare
Registering precompiled user dll's ...
Registered in 0.003519 seconds.
Begin MonoManager ReloadAssembly
Native extension for WindowsStandalone target not found
Native extension for Android target not found
Native extension for WebGL target not found
Refreshing native plugins compatible for Editor in 0.70 ms, found 4 plugins.
Preloading 0 native plugins for Editor in 0.00 ms.
[Package Manager] Server::EnsureServerProcessIsRunning -- launch failed, reason: Unity was launched with the -noUpm command-line argument
[Package Manager] Cannot connect to Unity Package Manager local server
Mono: successfully reloaded assembly
- Completed reload, in  1.234 seconds
Domain Reload Profiling:
	ReloadAssembly (1235ms)
		BeginReloadAssembly (119ms)
			ExecutionOrderSort (0ms)
			DisableScriptedObjects (5ms)
			BackupInstance (0ms)
			ReleaseScriptingObjects (0ms)
			CreateAndSetChildDomain (26ms)
		EndReloadAssembly (1051ms)
			LoadAssemblies (78ms)
			RebuildTransferFunctionScriptingTraits (0ms)
			SetupTypeCache (209ms)
			ReleaseScriptCaches (1ms)
			RebuildScriptCaches (32ms)
			SetupLoadedEditorAssemblies (713ms)
				LogAssemblyErrors (0ms)
				InitializePlatformSupportModulesInManaged (14ms)
				SetLoadedEditorAssemblies (0ms)
				RefreshPlugins (1ms)
				BeforeProcessingInitializeOnLoad (56ms)
				ProcessInitializeOnLoadAttributes (605ms)
				ProcessInitializeOnLoadMethodAttributes (32ms)
				AfterProcessingInitializeOnLoad (3ms)
				EditorAssembliesLoaded (0ms)
			ExecutionOrderSort2 (0ms)
			AwakeInstancesAfterBackupRestoration (6ms)
Platform modules already initialized, skipping
Refreshing native plugins compatible for Editor in 0.54 ms, found 4 plugins.
Preloading 0 native plugins for Editor in 0.00 ms.
Unloading 3890 Unused Serialized files (Serialized files now loaded: 0)
Unloading 27 unused Assets / (21.9 KB). Loaded Objects now: 4635.
Memory consumption went from 153.7 MB to 153.7 MB.
Total: 2.677600 ms (FindLiveObjects: 0.223500 ms CreateObjectMapping: 0.094600 ms MarkObjects: 2.337500 ms  DeleteObjects: 0.021300 ms)

AssetImportParameters requested are different than current active one (requested -> active):
  custom:video-decoder-ogg-theora: a1e56fd34408186e4bbccfd4996cb3dc -> 
  custom:container-muxer-webm: aa71ff27fc2769a1b78a27578f13a17b -> 
  custom:container-demuxer-webm: 4f35f7cbe854078d1ac9338744f61a02 -> 
  custom:video-encoder-webm-vp8: eb34c28f22e8b96e1ab97ce403110664 -> 
  custom:video-codec-MediaFoundation-h265: 746d11721c4dcdbdad8f713fa42b33f4 -> 
  custom:CustomObjectIndexerAttribute: bc11b3a6c3213fcdd17b65e7da85e133 -> 
  custom:audio-encoder-webm-vorbis: bf7c407c2cedff20999df2af8eb42d56 -> 
  custom:framework-win-MediaFoundation: 216162199b28c13a410421893ffa2e32 -> 
  custom:SearchIndexIgnoredProperties: e643bd26f0fe6173181afceb89e7c659 -> 
  custom:container-demuxer-ogg: 62fdf1f143b41e24485cea50d1cbac27 -> 
  custom:video-decoder-webm-vp8: 9c59270c3fd7afecdb556c50c9e8de78 -> 
  custom:audio-decoder-ogg-vorbis: bf7c407c2cedff20999df2af8eb42d56 -> 
========================================================================
Received Prepare
Registering precompiled user dll's ...
Registered in 0.004035 seconds.
Begin MonoManager ReloadAssembly
Native extension for WindowsStandalone target not found
Native extension for Android target not found
Native extension for WebGL target not found
Refreshing native plugins compatible for Editor in 0.52 ms, found 4 plugins.
Preloading 0 native plugins for Editor in 0.00 ms.
[Package Manager] Server::EnsureServerProcessIsRunning -- launch failed, reason: Unity was launched with the -noUpm command-line argument
[Package Manager] Cannot connect to Unity Package Manager local server
Mono: successfully reloaded assembly
- Completed reload, in  1.289 seconds
Domain Reload Profiling:
	ReloadAssembly (1290ms)
		BeginReloadAssembly (143ms)
			ExecutionOrderSort (0ms)
			DisableScriptedObjects (5ms)
			BackupInstance (0ms)
			ReleaseScriptingObjects (0ms)
			CreateAndSetChildDomain (31ms)
		EndReloadAssembly (1060ms)
			LoadAssemblies (95ms)
			RebuildTransferFunctionScriptingTraits (0ms)
			SetupTypeCache (232ms)
			ReleaseScriptCaches (1ms)
			RebuildScriptCaches (35ms)
			SetupLoadedEditorAssemblies (692ms)
				LogAssemblyErrors (0ms)
				InitializePlatformSupportModulesInManaged (13ms)
				SetLoadedEditorAssemblies (0ms)
				RefreshPlugins (1ms)
				BeforeProcessingInitializeOnLoad (49ms)
				ProcessInitializeOnLoadAttributes (593ms)
				ProcessInitializeOnLoadMethodAttributes (32ms)
				AfterProcessingInitializeOnLoad (4ms)
				EditorAssembliesLoaded (0ms)
			ExecutionOrderSort2 (0ms)
			AwakeInstancesAfterBackupRestoration (7ms)
Platform modules already initialized, skipping
Refreshing native plugins compatible for Editor in 0.51 ms, found 4 plugins.
Preloading 0 native plugins for Editor in 0.00 ms.
Unloading 3890 Unused Serialized files (Serialized files now loaded: 0)
Unloading 27 unused Assets / (21.9 KB). Loaded Objects now: 4638.
Memory consumption went from 153.7 MB to 153.7 MB.
Total: 2.261900 ms (FindLiveObjects: 0.218300 ms CreateObjectMapping: 0.097100 ms MarkObjects: 1.925000 ms  DeleteObjects: 0.019900 ms)

AssetImportParameters requested are different than current active one (requested -> active):
  custom:video-decoder-ogg-theora: a1e56fd34408186e4bbccfd4996cb3dc -> 
  custom:container-muxer-webm: aa71ff27fc2769a1b78a27578f13a17b -> 
  custom:container-demuxer-webm: 4f35f7cbe854078d1ac9338744f61a02 -> 
  custom:video-encoder-webm-vp8: eb34c28f22e8b96e1ab97ce403110664 -> 
  custom:video-codec-MediaFoundation-h265: 746d11721c4dcdbdad8f713fa42b33f4 -> 
  custom:CustomObjectIndexerAttribute: bc11b3a6c3213fcdd17b65e7da85e133 -> 
  custom:audio-encoder-webm-vorbis: bf7c407c2cedff20999df2af8eb42d56 -> 
  custom:framework-win-MediaFoundation: 216162199b28c13a410421893ffa2e32 -> 
  custom:SearchIndexIgnoredProperties: e643bd26f0fe6173181afceb89e7c659 -> 
  custom:container-demuxer-ogg: 62fdf1f143b41e24485cea50d1cbac27 -> 
  custom:video-decoder-webm-vp8: 9c59270c3fd7afecdb556c50c9e8de78 -> 
  custom:audio-decoder-ogg-vorbis: bf7c407c2cedff20999df2af8eb42d56 -> 
========================================================================
Received Prepare
Registering precompiled user dll's ...
Registered in 0.005080 seconds.
Begin MonoManager ReloadAssembly
Native extension for WindowsStandalone target not found
Native extension for Android target not found
Native extension for WebGL target not found
Refreshing native plugins compatible for Editor in 0.71 ms, found 4 plugins.
Preloading 0 native plugins for Editor in 0.00 ms.
[Package Manager] Server::EnsureServerProcessIsRunning -- launch failed, reason: Unity was launched with the -noUpm command-line argument
[Package Manager] Cannot connect to Unity Package Manager local server
Mono: successfully reloaded assembly
- Completed reload, in  1.246 seconds
Domain Reload Profiling:
	ReloadAssembly (1247ms)
		BeginReloadAssembly (118ms)
			ExecutionOrderSort (0ms)
			DisableScriptedObjects (5ms)
			BackupInstance (0ms)
			ReleaseScriptingObjects (0ms)
			CreateAndSetChildDomain (26ms)
		EndReloadAssembly (1056ms)
			LoadAssemblies (77ms)
			RebuildTransferFunctionScriptingTraits (0ms)
			SetupTypeCache (200ms)
			ReleaseScriptCaches (1ms)
			RebuildScriptCaches (31ms)
			SetupLoadedEditorAssemblies (720ms)
				LogAssemblyErrors (0ms)
				InitializePlatformSupportModulesInManaged (15ms)
				SetLoadedEditorAssemblies (1ms)
				RefreshPlugins (1ms)
				BeforeProcessingInitializeOnLoad (54ms)
				ProcessInitializeOnLoadAttributes (610ms)
				ProcessInitializeOnLoadMethodAttributes (34ms)
				AfterProcessingInitializeOnLoad (4ms)
				EditorAssembliesLoaded (0ms)
			ExecutionOrderSort2 (0ms)
			AwakeInstancesAfterBackupRestoration (6ms)
Platform modules already initialized, skipping
Refreshing native plugins compatible for Editor in 0.76 ms, found 4 plugins.
Preloading 0 native plugins for Editor in 0.00 ms.
Unloading 3890 Unused Serialized files (Serialized files now loaded: 0)
Unloading 27 unused Assets / (22.0 KB). Loaded Objects now: 4641.
Memory consumption went from 153.7 MB to 153.7 MB.
Total: 2.772000 ms (FindLiveObjects: 0.275100 ms CreateObjectMapping: 0.195600 ms MarkObjects: 2.279200 ms  DeleteObjects: 0.021400 ms)

AssetImportParameters requested are different than current active one (requested -> active):
  custom:video-decoder-ogg-theora: a1e56fd34408186e4bbccfd4996cb3dc -> 
  custom:container-muxer-webm: aa71ff27fc2769a1b78a27578f13a17b -> 
  custom:container-demuxer-webm: 4f35f7cbe854078d1ac9338744f61a02 -> 
  custom:video-encoder-webm-vp8: eb34c28f22e8b96e1ab97ce403110664 -> 
  custom:video-codec-MediaFoundation-h265: 746d11721c4dcdbdad8f713fa42b33f4 -> 
  custom:CustomObjectIndexerAttribute: bc11b3a6c3213fcdd17b65e7da85e133 -> 
  custom:audio-encoder-webm-vorbis: bf7c407c2cedff20999df2af8eb42d56 -> 
  custom:framework-win-MediaFoundation: 216162199b28c13a410421893ffa2e32 -> 
  custom:SearchIndexIgnoredProperties: e643bd26f0fe6173181afceb89e7c659 -> 
  custom:container-demuxer-ogg: 62fdf1f143b41e24485cea50d1cbac27 -> 
  custom:video-decoder-webm-vp8: 9c59270c3fd7afecdb556c50c9e8de78 -> 
  custom:audio-decoder-ogg-vorbis: bf7c407c2cedff20999df2af8eb42d56 -> 
========================================================================
Received Prepare
Registering precompiled user dll's ...
Registered in 0.004962 seconds.
Begin MonoManager ReloadAssembly
Native extension for WindowsStandalone target not found
Native extension for Android target not found
Native extension for WebGL target not found
Refreshing native plugins compatible for Editor in 0.53 ms, found 4 plugins.
Preloading 0 native plugins for Editor in 0.00 ms.
[Package Manager] Server::EnsureServerProcessIsRunning -- launch failed, reason: Unity was launched with the -noUpm command-line argument
[Package Manager] Cannot connect to Unity Package Manager local server
Mono: successfully reloaded assembly
- Completed reload, in  1.266 seconds
Domain Reload Profiling:
	ReloadAssembly (1267ms)
		BeginReloadAssembly (135ms)
			ExecutionOrderSort (0ms)
			DisableScriptedObjects (7ms)
			BackupInstance (0ms)
			ReleaseScriptingObjects (0ms)
			CreateAndSetChildDomain (32ms)
		EndReloadAssembly (1037ms)
			LoadAssemblies (97ms)
			RebuildTransferFunctionScriptingTraits (0ms)
			SetupTypeCache (217ms)
			ReleaseScriptCaches (1ms)
			RebuildScriptCaches (39ms)
			SetupLoadedEditorAssemblies (674ms)
				LogAssemblyErrors (0ms)
				InitializePlatformSupportModulesInManaged (11ms)
				SetLoadedEditorAssemblies (0ms)
				RefreshPlugins (1ms)
				BeforeProcessingInitializeOnLoad (56ms)
				ProcessInitializeOnLoadAttributes (571ms)
				ProcessInitializeOnLoadMethodAttributes (31ms)
				AfterProcessingInitializeOnLoad (4ms)
				EditorAssembliesLoaded (0ms)
			ExecutionOrderSort2 (0ms)
			AwakeInstancesAfterBackupRestoration (4ms)
Platform modules already initialized, skipping
Refreshing native plugins compatible for Editor in 0.43 ms, found 4 plugins.
Preloading 0 native plugins for Editor in 0.00 ms.
Unloading 3890 Unused Serialized files (Serialized files now loaded: 0)
Unloading 27 unused Assets / (21.9 KB). Loaded Objects now: 4644.
Memory consumption went from 153.7 MB to 153.7 MB.
Total: 2.284900 ms (FindLiveObjects: 0.219000 ms CreateObjectMapping: 0.097000 ms MarkObjects: 1.941900 ms  DeleteObjects: 0.025700 ms)

AssetImportParameters requested are different than current active one (requested -> active):
  custom:video-decoder-ogg-theora: a1e56fd34408186e4bbccfd4996cb3dc -> 
  custom:container-muxer-webm: aa71ff27fc2769a1b78a27578f13a17b -> 
  custom:container-demuxer-webm: 4f35f7cbe854078d1ac9338744f61a02 -> 
  custom:video-encoder-webm-vp8: eb34c28f22e8b96e1ab97ce403110664 -> 
  custom:video-codec-MediaFoundation-h265: 746d11721c4dcdbdad8f713fa42b33f4 -> 
  custom:CustomObjectIndexerAttribute: bc11b3a6c3213fcdd17b65e7da85e133 -> 
  custom:audio-encoder-webm-vorbis: bf7c407c2cedff20999df2af8eb42d56 -> 
  custom:framework-win-MediaFoundation: 216162199b28c13a410421893ffa2e32 -> 
  custom:SearchIndexIgnoredProperties: e643bd26f0fe6173181afceb89e7c659 -> 
  custom:container-demuxer-ogg: 62fdf1f143b41e24485cea50d1cbac27 -> 
  custom:video-decoder-webm-vp8: 9c59270c3fd7afecdb556c50c9e8de78 -> 
  custom:audio-decoder-ogg-vorbis: bf7c407c2cedff20999df2af8eb42d56 -> 
========================================================================
Received Prepare
Registering precompiled user dll's ...
Registered in 0.004558 seconds.
Begin MonoManager ReloadAssembly
Native extension for WindowsStandalone target not found
Native extension for Android target not found
Native extension for WebGL target not found
Refreshing native plugins compatible for Editor in 0.80 ms, found 4 plugins.
Preloading 0 native plugins for Editor in 0.00 ms.
[Package Manager] Server::EnsureServerProcessIsRunning -- launch failed, reason: Unity was launched with the -noUpm command-line argument
[Package Manager] Cannot connect to Unity Package Manager local server
Mono: successfully reloaded assembly
- Completed reload, in  1.258 seconds
Domain Reload Profiling:
	ReloadAssembly (1258ms)
		BeginReloadAssembly (116ms)
			ExecutionOrderSort (0ms)
			DisableScriptedObjects (4ms)
			BackupInstance (0ms)
			ReleaseScriptingObjects (0ms)
			CreateAndSetChildDomain (30ms)
		EndReloadAssembly (1070ms)
			LoadAssemblies (78ms)
			RebuildTransferFunctionScriptingTraits (0ms)
			SetupTypeCache (210ms)
			ReleaseScriptCaches (1ms)
			RebuildScriptCaches (32ms)
			SetupLoadedEditorAssemblies (716ms)
				LogAssemblyErrors (0ms)
				InitializePlatformSupportModulesInManaged (14ms)
				SetLoadedEditorAssemblies (0ms)
				RefreshPlugins (1ms)
				BeforeProcessingInitializeOnLoad (54ms)
				ProcessInitializeOnLoadAttributes (609ms)
				ProcessInitializeOnLoadMethodAttributes (33ms)
				AfterProcessingInitializeOnLoad (4ms)
				EditorAssembliesLoaded (0ms)
			ExecutionOrderSort2 (0ms)
			AwakeInstancesAfterBackupRestoration (6ms)
Platform modules already initialized, skipping
Refreshing native plugins compatible for Editor in 0.64 ms, found 4 plugins.
Preloading 0 native plugins for Editor in 0.00 ms.
Unloading 3890 Unused Serialized files (Serialized files now loaded: 0)
Unloading 27 unused Assets / (21.9 KB). Loaded Objects now: 4647.
Memory consumption went from 153.7 MB to 153.7 MB.
Total: 2.734200 ms (FindLiveObjects: 0.272900 ms CreateObjectMapping: 0.137300 ms MarkObjects: 2.301800 ms  DeleteObjects: 0.021100 ms)

AssetImportParameters requested are different than current active one (requested -> active):
  custom:video-decoder-ogg-theora: a1e56fd34408186e4bbccfd4996cb3dc -> 
  custom:container-muxer-webm: aa71ff27fc2769a1b78a27578f13a17b -> 
  custom:container-demuxer-webm: 4f35f7cbe854078d1ac9338744f61a02 -> 
  custom:video-encoder-webm-vp8: eb34c28f22e8b96e1ab97ce403110664 -> 
  custom:video-codec-MediaFoundation-h265: 746d11721c4dcdbdad8f713fa42b33f4 -> 
  custom:CustomObjectIndexerAttribute: bc11b3a6c3213fcdd17b65e7da85e133 -> 
  custom:audio-encoder-webm-vorbis: bf7c407c2cedff20999df2af8eb42d56 -> 
  custom:framework-win-MediaFoundation: 216162199b28c13a410421893ffa2e32 -> 
  custom:SearchIndexIgnoredProperties: e643bd26f0fe6173181afceb89e7c659 -> 
  custom:container-demuxer-ogg: 62fdf1f143b41e24485cea50d1cbac27 -> 
  custom:video-decoder-webm-vp8: 9c59270c3fd7afecdb556c50c9e8de78 -> 
  custom:audio-decoder-ogg-vorbis: bf7c407c2cedff20999df2af8eb42d56 -> 
========================================================================
Received Prepare
Registering precompiled user dll's ...
Registered in 0.004294 seconds.
Begin MonoManager ReloadAssembly
Native extension for WindowsStandalone target not found
Native extension for Android target not found
Native extension for WebGL target not found
Refreshing native plugins compatible for Editor in 0.52 ms, found 4 plugins.
Preloading 0 native plugins for Editor in 0.00 ms.
[Package Manager] Server::EnsureServerProcessIsRunning -- launch failed, reason: Unity was launched with the -noUpm command-line argument
[Package Manager] Cannot connect to Unity Package Manager local server
Mono: successfully reloaded assembly
- Completed reload, in  1.283 seconds
Domain Reload Profiling:
	ReloadAssembly (1283ms)
		BeginReloadAssembly (146ms)
			ExecutionOrderSort (0ms)
			DisableScriptedObjects (5ms)
			BackupInstance (0ms)
			ReleaseScriptingObjects (0ms)
			CreateAndSetChildDomain (33ms)
		EndReloadAssembly (1057ms)
			LoadAssemblies (100ms)
			RebuildTransferFunctionScriptingTraits (0ms)
			SetupTypeCache (235ms)
			ReleaseScriptCaches (2ms)
			RebuildScriptCaches (38ms)
			SetupLoadedEditorAssemblies (681ms)
				LogAssemblyErrors (0ms)
				InitializePlatformSupportModulesInManaged (14ms)
				SetLoadedEditorAssemblies (0ms)
				RefreshPlugins (1ms)
				BeforeProcessingInitializeOnLoad (48ms)
				ProcessInitializeOnLoadAttributes (580ms)
				ProcessInitializeOnLoadMethodAttributes (34ms)
				AfterProcessingInitializeOnLoad (3ms)
				EditorAssembliesLoaded (0ms)
			ExecutionOrderSort2 (0ms)
			AwakeInstancesAfterBackupRestoration (5ms)
Platform modules already initialized, skipping
Refreshing native plugins compatible for Editor in 1.06 ms, found 4 plugins.
Preloading 0 native plugins for Editor in 0.00 ms.
Unloading 3890 Unused Serialized files (Serialized files now loaded: 0)
Unloading 27 unused Assets / (22.0 KB). Loaded Objects now: 4650.
Memory consumption went from 153.7 MB to 153.7 MB.
Total: 3.137200 ms (FindLiveObjects: 0.229000 ms CreateObjectMapping: 0.106400 ms MarkObjects: 2.768800 ms  DeleteObjects: 0.031100 ms)

AssetImportParameters requested are different than current active one (requested -> active):
  custom:video-decoder-ogg-theora: a1e56fd34408186e4bbccfd4996cb3dc -> 
  custom:container-muxer-webm: aa71ff27fc2769a1b78a27578f13a17b -> 
  custom:container-demuxer-webm: 4f35f7cbe854078d1ac9338744f61a02 -> 
  custom:video-encoder-webm-vp8: eb34c28f22e8b96e1ab97ce403110664 -> 
  custom:video-codec-MediaFoundation-h265: 746d11721c4dcdbdad8f713fa42b33f4 -> 
  custom:CustomObjectIndexerAttribute: bc11b3a6c3213fcdd17b65e7da85e133 -> 
  custom:audio-encoder-webm-vorbis: bf7c407c2cedff20999df2af8eb42d56 -> 
  custom:framework-win-MediaFoundation: 216162199b28c13a410421893ffa2e32 -> 
  custom:SearchIndexIgnoredProperties: e643bd26f0fe6173181afceb89e7c659 -> 
  custom:container-demuxer-ogg: 62fdf1f143b41e24485cea50d1cbac27 -> 
  custom:video-decoder-webm-vp8: 9c59270c3fd7afecdb556c50c9e8de78 -> 
  custom:audio-decoder-ogg-vorbis: bf7c407c2cedff20999df2af8eb42d56 -> 
========================================================================
Received Prepare
Registering precompiled user dll's ...
Registered in 0.003475 seconds.
Begin MonoManager ReloadAssembly
Native extension for WindowsStandalone target not found
Native extension for Android target not found
Native extension for WebGL target not found
Refreshing native plugins compatible for Editor in 0.54 ms, found 4 plugins.
Preloading 0 native plugins for Editor in 0.00 ms.
[Package Manager] Server::EnsureServerProcessIsRunning -- launch failed, reason: Unity was launched with the -noUpm command-line argument
[Package Manager] Cannot connect to Unity Package Manager local server
Mono: successfully reloaded assembly
- Completed reload, in  1.250 seconds
Domain Reload Profiling:
	ReloadAssembly (1250ms)
		BeginReloadAssembly (122ms)
			ExecutionOrderSort (0ms)
			DisableScriptedObjects (5ms)
			BackupInstance (0ms)
			ReleaseScriptingObjects (0ms)
			CreateAndSetChildDomain (29ms)
		EndReloadAssembly (1051ms)
			LoadAssemblies (80ms)
			RebuildTransferFunctionScriptingTraits (0ms)
			SetupTypeCache (202ms)
			ReleaseScriptCaches (1ms)
			RebuildScriptCaches (31ms)
			SetupLoadedEditorAssemblies (713ms)
				LogAssemblyErrors (0ms)
				InitializePlatformSupportModulesInManaged (15ms)
				SetLoadedEditorAssemblies (0ms)
				RefreshPlugins (1ms)
				BeforeProcessingInitializeOnLoad (55ms)
				ProcessInitializeOnLoadAttributes (602ms)
				ProcessInitializeOnLoadMethodAttributes (36ms)
				AfterProcessingInitializeOnLoad (4ms)
				EditorAssembliesLoaded (0ms)
			ExecutionOrderSort2 (0ms)
			AwakeInstancesAfterBackupRestoration (6ms)
Platform modules already initialized, skipping
Refreshing native plugins compatible for Editor in 0.60 ms, found 4 plugins.
Preloading 0 native plugins for Editor in 0.00 ms.
Unloading 3890 Unused Serialized files (Serialized files now loaded: 0)
Unloading 27 unused Assets / (23.0 KB). Loaded Objects now: 4653.
Memory consumption went from 153.7 MB to 153.7 MB.
Total: 2.292700 ms (FindLiveObjects: 0.213900 ms CreateObjectMapping: 0.100600 ms MarkObjects: 1.955500 ms  DeleteObjects: 0.021800 ms)

AssetImportParameters requested are different than current active one (requested -> active):
  custom:video-decoder-ogg-theora: a1e56fd34408186e4bbccfd4996cb3dc -> 
  custom:container-muxer-webm: aa71ff27fc2769a1b78a27578f13a17b -> 
  custom:container-demuxer-webm: 4f35f7cbe854078d1ac9338744f61a02 -> 
  custom:video-encoder-webm-vp8: eb34c28f22e8b96e1ab97ce403110664 -> 
  custom:video-codec-MediaFoundation-h265: 746d11721c4dcdbdad8f713fa42b33f4 -> 
  custom:CustomObjectIndexerAttribute: bc11b3a6c3213fcdd17b65e7da85e133 -> 
  custom:audio-encoder-webm-vorbis: bf7c407c2cedff20999df2af8eb42d56 -> 
  custom:framework-win-MediaFoundation: 216162199b28c13a410421893ffa2e32 -> 
  custom:SearchIndexIgnoredProperties: e643bd26f0fe6173181afceb89e7c659 -> 
  custom:container-demuxer-ogg: 62fdf1f143b41e24485cea50d1cbac27 -> 
  custom:video-decoder-webm-vp8: 9c59270c3fd7afecdb556c50c9e8de78 -> 
  custom:audio-decoder-ogg-vorbis: bf7c407c2cedff20999df2af8eb42d56 -> 
========================================================================
Received Prepare
Registering precompiled user dll's ...
Registered in 0.003954 seconds.
Begin MonoManager ReloadAssembly
Native extension for WindowsStandalone target not found
Native extension for Android target not found
Native extension for WebGL target not found
Refreshing native plugins compatible for Editor in 0.76 ms, found 4 plugins.
Preloading 0 native plugins for Editor in 0.00 ms.
[Package Manager] Server::EnsureServerProcessIsRunning -- launch failed, reason: Unity was launched with the -noUpm command-line argument
[Package Manager] Cannot connect to Unity Package Manager local server
Mono: successfully reloaded assembly
- Completed reload, in  1.318 seconds
Domain Reload Profiling:
	ReloadAssembly (1319ms)
		BeginReloadAssembly (137ms)
			ExecutionOrderSort (0ms)
			DisableScriptedObjects (6ms)
			BackupInstance (0ms)
			ReleaseScriptingObjects (0ms)
			CreateAndSetChildDomain (36ms)
		EndReloadAssembly (1101ms)
			LoadAssemblies (88ms)
			RebuildTransferFunctionScriptingTraits (0ms)
			SetupTypeCache (268ms)
			ReleaseScriptCaches (1ms)
			RebuildScriptCaches (36ms)
			SetupLoadedEditorAssemblies (687ms)
				LogAssemblyErrors (0ms)
				InitializePlatformSupportModulesInManaged (12ms)
				SetLoadedEditorAssemblies (0ms)
				RefreshPlugins (1ms)
				BeforeProcessingInitializeOnLoad (53ms)
				ProcessInitializeOnLoadAttributes (587ms)
				ProcessInitializeOnLoadMethodAttributes (29ms)
				AfterProcessingInitializeOnLoad (5ms)
				EditorAssembliesLoaded (0ms)
			ExecutionOrderSort2 (0ms)
			AwakeInstancesAfterBackupRestoration (7ms)
Platform modules already initialized, skipping
Refreshing native plugins compatible for Editor in 0.42 ms, found 4 plugins.
Preloading 0 native plugins for Editor in 0.00 ms.
Unloading 3890 Unused Serialized files (Serialized files now loaded: 0)
Unloading 27 unused Assets / (21.9 KB). Loaded Objects now: 4656.
Memory consumption went from 153.7 MB to 153.7 MB.
Total: 2.297800 ms (FindLiveObjects: 0.215900 ms CreateObjectMapping: 0.099800 ms MarkObjects: 1.960900 ms  DeleteObjects: 0.019600 ms)

AssetImportParameters requested are different than current active one (requested -> active):
  custom:video-decoder-ogg-theora: a1e56fd34408186e4bbccfd4996cb3dc -> 
  custom:container-muxer-webm: aa71ff27fc2769a1b78a27578f13a17b -> 
  custom:container-demuxer-webm: 4f35f7cbe854078d1ac9338744f61a02 -> 
  custom:video-encoder-webm-vp8: eb34c28f22e8b96e1ab97ce403110664 -> 
  custom:video-codec-MediaFoundation-h265: 746d11721c4dcdbdad8f713fa42b33f4 -> 
  custom:CustomObjectIndexerAttribute: bc11b3a6c3213fcdd17b65e7da85e133 -> 
  custom:audio-encoder-webm-vorbis: bf7c407c2cedff20999df2af8eb42d56 -> 
  custom:framework-win-MediaFoundation: 216162199b28c13a410421893ffa2e32 -> 
  custom:SearchIndexIgnoredProperties: e643bd26f0fe6173181afceb89e7c659 -> 
  custom:container-demuxer-ogg: 62fdf1f143b41e24485cea50d1cbac27 -> 
  custom:video-decoder-webm-vp8: 9c59270c3fd7afecdb556c50c9e8de78 -> 
  custom:audio-decoder-ogg-vorbis: bf7c407c2cedff20999df2af8eb42d56 -> 
========================================================================
Received Prepare
Registering precompiled user dll's ...
Registered in 0.003755 seconds.
Begin MonoManager ReloadAssembly
Native extension for WindowsStandalone target not found
Native extension for Android target not found
Native extension for WebGL target not found
Refreshing native plugins compatible for Editor in 0.58 ms, found 4 plugins.
Preloading 0 native plugins for Editor in 0.00 ms.
[Package Manager] Server::EnsureServerProcessIsRunning -- launch failed, reason: Unity was launched with the -noUpm command-line argument
[Package Manager] Cannot connect to Unity Package Manager local server
Mono: successfully reloaded assembly
- Completed reload, in  1.245 seconds
Domain Reload Profiling:
	ReloadAssembly (1246ms)
		BeginReloadAssembly (108ms)
			ExecutionOrderSort (0ms)
			DisableScriptedObjects (5ms)
			BackupInstance (0ms)
			ReleaseScriptingObjects (0ms)
			CreateAndSetChildDomain (26ms)
		EndReloadAssembly (1073ms)
			LoadAssemblies (70ms)
			RebuildTransferFunctionScriptingTraits (0ms)
			SetupTypeCache (215ms)
			ReleaseScriptCaches (1ms)
			RebuildScriptCaches (37ms)
			SetupLoadedEditorAssemblies (716ms)
				LogAssemblyErrors (0ms)
				InitializePlatformSupportModulesInManaged (13ms)
				SetLoadedEditorAssemblies (0ms)
				RefreshPlugins (1ms)
				BeforeProcessingInitializeOnLoad (50ms)
				ProcessInitializeOnLoadAttributes (612ms)
				ProcessInitializeOnLoadMethodAttributes (35ms)
				AfterProcessingInitializeOnLoad (4ms)
				EditorAssembliesLoaded (0ms)
			ExecutionOrderSort2 (0ms)
			AwakeInstancesAfterBackupRestoration (6ms)
Platform modules already initialized, skipping
Refreshing native plugins compatible for Editor in 0.69 ms, found 4 plugins.
Preloading 0 native plugins for Editor in 0.00 ms.
Unloading 3890 Unused Serialized files (Serialized files now loaded: 0)
Unloading 27 unused Assets / (21.9 KB). Loaded Objects now: 4659.
Memory consumption went from 153.8 MB to 153.7 MB.
Total: 2.568300 ms (FindLiveObjects: 0.277500 ms CreateObjectMapping: 0.161900 ms MarkObjects: 2.102100 ms  DeleteObjects: 0.025900 ms)

AssetImportParameters requested are different than current active one (requested -> active):
  custom:video-decoder-ogg-theora: a1e56fd34408186e4bbccfd4996cb3dc -> 
  custom:container-muxer-webm: aa71ff27fc2769a1b78a27578f13a17b -> 
  custom:container-demuxer-webm: 4f35f7cbe854078d1ac9338744f61a02 -> 
  custom:video-encoder-webm-vp8: eb34c28f22e8b96e1ab97ce403110664 -> 
  custom:video-codec-MediaFoundation-h265: 746d11721c4dcdbdad8f713fa42b33f4 -> 
  custom:CustomObjectIndexerAttribute: bc11b3a6c3213fcdd17b65e7da85e133 -> 
  custom:audio-encoder-webm-vorbis: bf7c407c2cedff20999df2af8eb42d56 -> 
  custom:framework-win-MediaFoundation: 216162199b28c13a410421893ffa2e32 -> 
  custom:SearchIndexIgnoredProperties: e643bd26f0fe6173181afceb89e7c659 -> 
  custom:container-demuxer-ogg: 62fdf1f143b41e24485cea50d1cbac27 -> 
  custom:video-decoder-webm-vp8: 9c59270c3fd7afecdb556c50c9e8de78 -> 
  custom:audio-decoder-ogg-vorbis: bf7c407c2cedff20999df2af8eb42d56 -> 
========================================================================
Received Prepare
Registering precompiled user dll's ...
Registered in 0.007106 seconds.
Begin MonoManager ReloadAssembly
Native extension for WindowsStandalone target not found
Native extension for Android target not found
Native extension for WebGL target not found
Refreshing native plugins compatible for Editor in 0.50 ms, found 4 plugins.
Preloading 0 native plugins for Editor in 0.00 ms.
[Package Manager] Server::EnsureServerProcessIsRunning -- launch failed, reason: Unity was launched with the -noUpm command-line argument
[Package Manager] Cannot connect to Unity Package Manager local server
Mono: successfully reloaded assembly
- Completed reload, in  1.281 seconds
Domain Reload Profiling:
	ReloadAssembly (1281ms)
		BeginReloadAssembly (139ms)
			ExecutionOrderSort (0ms)
			DisableScriptedObjects (5ms)
			BackupInstance (0ms)
			ReleaseScriptingObjects (0ms)
			CreateAndSetChildDomain (39ms)
		EndReloadAssembly (1074ms)
			LoadAssemblies (89ms)
			RebuildTransferFunctionScriptingTraits (0ms)
			SetupTypeCache (249ms)
			ReleaseScriptCaches (2ms)
			RebuildScriptCaches (41ms)
			SetupLoadedEditorAssemblies (671ms)
				LogAssemblyErrors (0ms)
				InitializePlatformSupportModulesInManaged (12ms)
				SetLoadedEditorAssemblies (0ms)
				RefreshPlugins (1ms)
				BeforeProcessingInitializeOnLoad (53ms)
				ProcessInitializeOnLoadAttributes (573ms)
				ProcessInitializeOnLoadMethodAttributes (28ms)
				AfterProcessingInitializeOnLoad (3ms)
				EditorAssembliesLoaded (0ms)
			ExecutionOrderSort2 (0ms)
			AwakeInstancesAfterBackupRestoration (5ms)
Platform modules already initialized, skipping
Refreshing native plugins compatible for Editor in 0.45 ms, found 4 plugins.
Preloading 0 native plugins for Editor in 0.00 ms.
Unloading 3890 Unused Serialized files (Serialized files now loaded: 0)
Unloading 27 unused Assets / (21.9 KB). Loaded Objects now: 4662.
Memory consumption went from 153.8 MB to 153.7 MB.
Total: 2.282800 ms (FindLiveObjects: 0.217900 ms CreateObjectMapping: 0.093700 ms MarkObjects: 1.946200 ms  DeleteObjects: 0.023500 ms)

AssetImportParameters requested are different than current active one (requested -> active):
  custom:video-decoder-ogg-theora: a1e56fd34408186e4bbccfd4996cb3dc -> 
  custom:container-muxer-webm: aa71ff27fc2769a1b78a27578f13a17b -> 
  custom:container-demuxer-webm: 4f35f7cbe854078d1ac9338744f61a02 -> 
  custom:video-encoder-webm-vp8: eb34c28f22e8b96e1ab97ce403110664 -> 
  custom:video-codec-MediaFoundation-h265: 746d11721c4dcdbdad8f713fa42b33f4 -> 
  custom:CustomObjectIndexerAttribute: bc11b3a6c3213fcdd17b65e7da85e133 -> 
  custom:audio-encoder-webm-vorbis: bf7c407c2cedff20999df2af8eb42d56 -> 
  custom:framework-win-MediaFoundation: 216162199b28c13a410421893ffa2e32 -> 
  custom:SearchIndexIgnoredProperties: e643bd26f0fe6173181afceb89e7c659 -> 
  custom:container-demuxer-ogg: 62fdf1f143b41e24485cea50d1cbac27 -> 
  custom:video-decoder-webm-vp8: 9c59270c3fd7afecdb556c50c9e8de78 -> 
  custom:audio-decoder-ogg-vorbis: bf7c407c2cedff20999df2af8eb42d56 -> 
========================================================================
Received Import Request.
  Time since last request: 2079.053380 seconds.
  path: Assets/Assets/standard/spellcast.png
  artifactKey: Guid(e5ab6be0f9c7eea45bc126a0ab1b49a0) Importer(815301076,1909f56bfc062723c751e8b465ee728b)
Number of updated assets reloaded before import = 0
Start importing Assets/Assets/standard/spellcast.png using Guid(e5ab6be0f9c7eea45bc126a0ab1b49a0) Importer(815301076,1909f56bfc062723c751e8b465ee728b)  -> (artifact id: '79be43331e1d55dfeffa210298c10f84') in 0.044450 seconds 
Number of asset objects unloaded after import = 2
========================================================================
Received Import Request.
  Time since last request: 4.775768 seconds.
  path: Assets/Assets/standard/spellcast.png
  artifactKey: Guid(e5ab6be0f9c7eea45bc126a0ab1b49a0) Importer(815301076,1909f56bfc062723c751e8b465ee728b)
Number of updated assets reloaded before import = 0
Start importing Assets/Assets/standard/spellcast.png using Guid(e5ab6be0f9c7eea45bc126a0ab1b49a0) Importer(815301076,1909f56bfc062723c751e8b465ee728b)  -> (artifact id: 'aadeb3b95480ca2e3486c04ee8a7d9e0') in 0.061049 seconds 
Number of asset objects unloaded after import = 30
========================================================================
Received Prepare
Registering precompiled user dll's ...
Registered in 0.004413 seconds.
Begin MonoManager ReloadAssembly
Native extension for WindowsStandalone target not found
Native extension for Android target not found
Native extension for WebGL target not found
Refreshing native plugins compatible for Editor in 0.48 ms, found 4 plugins.
Preloading 0 native plugins for Editor in 0.00 ms.
[Package Manager] Server::EnsureServerProcessIsRunning -- launch failed, reason: Unity was launched with the -noUpm command-line argument
[Package Manager] Cannot connect to Unity Package Manager local server
Mono: successfully reloaded assembly
- Completed reload, in  1.327 seconds
Domain Reload Profiling:
	ReloadAssembly (1327ms)
		BeginReloadAssembly (137ms)
			ExecutionOrderSort (0ms)
			DisableScriptedObjects (7ms)
			BackupInstance (0ms)
			ReleaseScriptingObjects (0ms)
			CreateAndSetChildDomain (32ms)
		EndReloadAssembly (1102ms)
			LoadAssemblies (91ms)
			RebuildTransferFunctionScriptingTraits (0ms)
			SetupTypeCache (246ms)
			ReleaseScriptCaches (1ms)
			RebuildScriptCaches (37ms)
			SetupLoadedEditorAssemblies (720ms)
				LogAssemblyErrors (0ms)
				InitializePlatformSupportModulesInManaged (11ms)
				SetLoadedEditorAssemblies (0ms)
				RefreshPlugins (1ms)
				BeforeProcessingInitializeOnLoad (49ms)
				ProcessInitializeOnLoadAttributes (625ms)
				ProcessInitializeOnLoadMethodAttributes (31ms)
				AfterProcessingInitializeOnLoad (3ms)
				EditorAssembliesLoaded (0ms)
			ExecutionOrderSort2 (0ms)
			AwakeInstancesAfterBackupRestoration (5ms)
Platform modules already initialized, skipping
Refreshing native plugins compatible for Editor in 0.50 ms, found 4 plugins.
Preloading 0 native plugins for Editor in 0.00 ms.
Unloading 3890 Unused Serialized files (Serialized files now loaded: 0)
Unloading 27 unused Assets / (21.9 KB). Loaded Objects now: 4681.
Memory consumption went from 153.8 MB to 153.8 MB.
Total: 2.909100 ms (FindLiveObjects: 0.215700 ms CreateObjectMapping: 0.090300 ms MarkObjects: 2.582900 ms  DeleteObjects: 0.019600 ms)

AssetImportParameters requested are different than current active one (requested -> active):
  custom:video-decoder-ogg-theora: a1e56fd34408186e4bbccfd4996cb3dc -> 
  custom:container-muxer-webm: aa71ff27fc2769a1b78a27578f13a17b -> 
  custom:container-demuxer-webm: 4f35f7cbe854078d1ac9338744f61a02 -> 
  custom:video-encoder-webm-vp8: eb34c28f22e8b96e1ab97ce403110664 -> 
  custom:video-codec-MediaFoundation-h265: 746d11721c4dcdbdad8f713fa42b33f4 -> 
  custom:CustomObjectIndexerAttribute: bc11b3a6c3213fcdd17b65e7da85e133 -> 
  custom:audio-encoder-webm-vorbis: bf7c407c2cedff20999df2af8eb42d56 -> 
  custom:framework-win-MediaFoundation: 216162199b28c13a410421893ffa2e32 -> 
  custom:SearchIndexIgnoredProperties: e643bd26f0fe6173181afceb89e7c659 -> 
  custom:container-demuxer-ogg: 62fdf1f143b41e24485cea50d1cbac27 -> 
  custom:video-decoder-webm-vp8: 9c59270c3fd7afecdb556c50c9e8de78 -> 
  custom:audio-decoder-ogg-vorbis: bf7c407c2cedff20999df2af8eb42d56 -> 
========================================================================
Received Prepare
Registering precompiled user dll's ...
Registered in 0.005199 seconds.
Begin MonoManager ReloadAssembly
Native extension for WindowsStandalone target not found
Native extension for Android target not found
Native extension for WebGL target not found
Refreshing native plugins compatible for Editor in 0.56 ms, found 4 plugins.
Preloading 0 native plugins for Editor in 0.00 ms.
[Package Manager] Server::EnsureServerProcessIsRunning -- launch failed, reason: Unity was launched with the -noUpm command-line argument
[Package Manager] Cannot connect to Unity Package Manager local server
Mono: successfully reloaded assembly
- Completed reload, in  1.335 seconds
Domain Reload Profiling:
	ReloadAssembly (1336ms)
		BeginReloadAssembly (131ms)
			ExecutionOrderSort (0ms)
			DisableScriptedObjects (5ms)
			BackupInstance (0ms)
			ReleaseScriptingObjects (0ms)
			CreateAndSetChildDomain (29ms)
		EndReloadAssembly (1126ms)
			LoadAssemblies (90ms)
			RebuildTransferFunctionScriptingTraits (0ms)
			SetupTypeCache (279ms)
			ReleaseScriptCaches (1ms)
			RebuildScriptCaches (40ms)
			SetupLoadedEditorAssemblies (696ms)
				LogAssemblyErrors (0ms)
				InitializePlatformSupportModulesInManaged (12ms)
				SetLoadedEditorAssemblies (0ms)
				RefreshPlugins (1ms)
				BeforeProcessingInitializeOnLoad (50ms)
				ProcessInitializeOnLoadAttributes (598ms)
				ProcessInitializeOnLoadMethodAttributes (29ms)
				AfterProcessingInitializeOnLoad (5ms)
				EditorAssembliesLoaded (0ms)
			ExecutionOrderSort2 (0ms)
			AwakeInstancesAfterBackupRestoration (6ms)
Platform modules already initialized, skipping
Refreshing native plugins compatible for Editor in 0.45 ms, found 4 plugins.
Preloading 0 native plugins for Editor in 0.00 ms.
Unloading 3890 Unused Serialized files (Serialized files now loaded: 0)
Unloading 27 unused Assets / (21.9 KB). Loaded Objects now: 4684.
Memory consumption went from 153.8 MB to 153.8 MB.
Total: 2.594900 ms (FindLiveObjects: 0.256500 ms CreateObjectMapping: 0.167300 ms MarkObjects: 2.152500 ms  DeleteObjects: 0.017900 ms)

AssetImportParameters requested are different than current active one (requested -> active):
  custom:video-decoder-ogg-theora: a1e56fd34408186e4bbccfd4996cb3dc -> 
  custom:container-muxer-webm: aa71ff27fc2769a1b78a27578f13a17b -> 
  custom:container-demuxer-webm: 4f35f7cbe854078d1ac9338744f61a02 -> 
  custom:video-encoder-webm-vp8: eb34c28f22e8b96e1ab97ce403110664 -> 
  custom:video-codec-MediaFoundation-h265: 746d11721c4dcdbdad8f713fa42b33f4 -> 
  custom:CustomObjectIndexerAttribute: bc11b3a6c3213fcdd17b65e7da85e133 -> 
  custom:audio-encoder-webm-vorbis: bf7c407c2cedff20999df2af8eb42d56 -> 
  custom:framework-win-MediaFoundation: 216162199b28c13a410421893ffa2e32 -> 
  custom:SearchIndexIgnoredProperties: e643bd26f0fe6173181afceb89e7c659 -> 
  custom:container-demuxer-ogg: 62fdf1f143b41e24485cea50d1cbac27 -> 
  custom:video-decoder-webm-vp8: 9c59270c3fd7afecdb556c50c9e8de78 -> 
  custom:audio-decoder-ogg-vorbis: bf7c407c2cedff20999df2af8eb42d56 -> 
========================================================================
Received Prepare
Registering precompiled user dll's ...
Registered in 0.003489 seconds.
Begin MonoManager ReloadAssembly
Native extension for WindowsStandalone target not found
Native extension for Android target not found
Native extension for WebGL target not found
Refreshing native plugins compatible for Editor in 0.56 ms, found 4 plugins.
Preloading 0 native plugins for Editor in 0.00 ms.
[Package Manager] Server::EnsureServerProcessIsRunning -- launch failed, reason: Unity was launched with the -noUpm command-line argument
[Package Manager] Cannot connect to Unity Package Manager local server
Mono: successfully reloaded assembly
- Completed reload, in  1.277 seconds
Domain Reload Profiling:
	ReloadAssembly (1278ms)
		BeginReloadAssembly (118ms)
			ExecutionOrderSort (0ms)
			DisableScriptedObjects (4ms)
			BackupInstance (0ms)
			ReleaseScriptingObjects (0ms)
			CreateAndSetChildDomain (26ms)
		EndReloadAssembly (1097ms)
			LoadAssemblies (78ms)
			RebuildTransferFunctionScriptingTraits (0ms)
			SetupTypeCache (221ms)
			ReleaseScriptCaches (1ms)
			RebuildScriptCaches (39ms)
			SetupLoadedEditorAssemblies (729ms)
				LogAssemblyErrors (0ms)
				InitializePlatformSupportModulesInManaged (14ms)
				SetLoadedEditorAssemblies (1ms)
				RefreshPlugins (1ms)
				BeforeProcessingInitializeOnLoad (55ms)
				ProcessInitializeOnLoadAttributes (618ms)
				ProcessInitializeOnLoadMethodAttributes (35ms)
				AfterProcessingInitializeOnLoad (4ms)
				EditorAssembliesLoaded (0ms)
			ExecutionOrderSort2 (0ms)
			AwakeInstancesAfterBackupRestoration (6ms)
Platform modules already initialized, skipping
Refreshing native plugins compatible for Editor in 0.70 ms, found 4 plugins.
Preloading 0 native plugins for Editor in 0.00 ms.
Unloading 3890 Unused Serialized files (Serialized files now loaded: 0)
Unloading 27 unused Assets / (23.0 KB). Loaded Objects now: 4687.
Memory consumption went from 153.8 MB to 153.8 MB.
Total: 2.441000 ms (FindLiveObjects: 0.228900 ms CreateObjectMapping: 0.110000 ms MarkObjects: 2.058000 ms  DeleteObjects: 0.043300 ms)

AssetImportParameters requested are different than current active one (requested -> active):
  custom:video-decoder-ogg-theora: a1e56fd34408186e4bbccfd4996cb3dc -> 
  custom:container-muxer-webm: aa71ff27fc2769a1b78a27578f13a17b -> 
  custom:container-demuxer-webm: 4f35f7cbe854078d1ac9338744f61a02 -> 
  custom:video-encoder-webm-vp8: eb34c28f22e8b96e1ab97ce403110664 -> 
  custom:video-codec-MediaFoundation-h265: 746d11721c4dcdbdad8f713fa42b33f4 -> 
  custom:CustomObjectIndexerAttribute: bc11b3a6c3213fcdd17b65e7da85e133 -> 
  custom:audio-encoder-webm-vorbis: bf7c407c2cedff20999df2af8eb42d56 -> 
  custom:framework-win-MediaFoundation: 216162199b28c13a410421893ffa2e32 -> 
  custom:SearchIndexIgnoredProperties: e643bd26f0fe6173181afceb89e7c659 -> 
  custom:container-demuxer-ogg: 62fdf1f143b41e24485cea50d1cbac27 -> 
  custom:video-decoder-webm-vp8: 9c59270c3fd7afecdb556c50c9e8de78 -> 
  custom:audio-decoder-ogg-vorbis: bf7c407c2cedff20999df2af8eb42d56 -> 
========================================================================
Received Prepare
Registering precompiled user dll's ...
Registered in 0.003923 seconds.
Begin MonoManager ReloadAssembly
Native extension for WindowsStandalone target not found
Native extension for Android target not found
Native extension for WebGL target not found
Refreshing native plugins compatible for Editor in 0.68 ms, found 4 plugins.
Preloading 0 native plugins for Editor in 0.00 ms.
[Package Manager] Server::EnsureServerProcessIsRunning -- launch failed, reason: Unity was launched with the -noUpm command-line argument
[Package Manager] Cannot connect to Unity Package Manager local server
Mono: successfully reloaded assembly
- Completed reload, in  1.273 seconds
Domain Reload Profiling:
	ReloadAssembly (1274ms)
		BeginReloadAssembly (120ms)
			ExecutionOrderSort (0ms)
			DisableScriptedObjects (4ms)
			BackupInstance (0ms)
			ReleaseScriptingObjects (0ms)
			CreateAndSetChildDomain (25ms)
		EndReloadAssembly (1076ms)
			LoadAssemblies (83ms)
			RebuildTransferFunctionScriptingTraits (0ms)
			SetupTypeCache (212ms)
			ReleaseScriptCaches (1ms)
			RebuildScriptCaches (33ms)
			SetupLoadedEditorAssemblies (715ms)
				LogAssemblyErrors (0ms)
				InitializePlatformSupportModulesInManaged (14ms)
				SetLoadedEditorAssemblies (0ms)
				RefreshPlugins (1ms)
				BeforeProcessingInitializeOnLoad (55ms)
				ProcessInitializeOnLoadAttributes (606ms)
				ProcessInitializeOnLoadMethodAttributes (35ms)
				AfterProcessingInitializeOnLoad (4ms)
				EditorAssembliesLoaded (0ms)
			ExecutionOrderSort2 (0ms)
			AwakeInstancesAfterBackupRestoration (7ms)
Platform modules already initialized, skipping
Refreshing native plugins compatible for Editor in 0.56 ms, found 4 plugins.
Preloading 0 native plugins for Editor in 0.00 ms.
Unloading 3890 Unused Serialized files (Serialized files now loaded: 0)
Unloading 27 unused Assets / (22.0 KB). Loaded Objects now: 4690.
Memory consumption went from 153.9 MB to 153.8 MB.
Total: 2.587000 ms (FindLiveObjects: 0.293900 ms CreateObjectMapping: 0.211800 ms MarkObjects: 2.059000 ms  DeleteObjects: 0.021300 ms)

AssetImportParameters requested are different than current active one (requested -> active):
  custom:video-decoder-ogg-theora: a1e56fd34408186e4bbccfd4996cb3dc -> 
  custom:container-muxer-webm: aa71ff27fc2769a1b78a27578f13a17b -> 
  custom:container-demuxer-webm: 4f35f7cbe854078d1ac9338744f61a02 -> 
  custom:video-encoder-webm-vp8: eb34c28f22e8b96e1ab97ce403110664 -> 
  custom:video-codec-MediaFoundation-h265: 746d11721c4dcdbdad8f713fa42b33f4 -> 
  custom:CustomObjectIndexerAttribute: bc11b3a6c3213fcdd17b65e7da85e133 -> 
  custom:audio-encoder-webm-vorbis: bf7c407c2cedff20999df2af8eb42d56 -> 
  custom:framework-win-MediaFoundation: 216162199b28c13a410421893ffa2e32 -> 
  custom:SearchIndexIgnoredProperties: e643bd26f0fe6173181afceb89e7c659 -> 
  custom:container-demuxer-ogg: 62fdf1f143b41e24485cea50d1cbac27 -> 
  custom:video-decoder-webm-vp8: 9c59270c3fd7afecdb556c50c9e8de78 -> 
  custom:audio-decoder-ogg-vorbis: bf7c407c2cedff20999df2af8eb42d56 -> 
========================================================================
Received Prepare
Registering precompiled user dll's ...
Registered in 0.004465 seconds.
Begin MonoManager ReloadAssembly
Native extension for WindowsStandalone target not found
Native extension for Android target not found
Native extension for WebGL target not found
Refreshing native plugins compatible for Editor in 0.51 ms, found 4 plugins.
Preloading 0 native plugins for Editor in 0.00 ms.
[Package Manager] Server::EnsureServerProcessIsRunning -- launch failed, reason: Unity was launched with the -noUpm command-line argument
[Package Manager] Cannot connect to Unity Package Manager local server
Mono: successfully reloaded assembly
- Completed reload, in  1.252 seconds
Domain Reload Profiling:
	ReloadAssembly (1253ms)
		BeginReloadAssembly (137ms)
			ExecutionOrderSort (0ms)
			DisableScriptedObjects (6ms)
			BackupInstance (0ms)
			ReleaseScriptingObjects (0ms)
			CreateAndSetChildDomain (31ms)
		EndReloadAssembly (1034ms)
			LoadAssemblies (88ms)
			RebuildTransferFunctionScriptingTraits (0ms)
			SetupTypeCache (206ms)
			ReleaseScriptCaches (1ms)
			RebuildScriptCaches (36ms)
			SetupLoadedEditorAssemblies (692ms)
				LogAssemblyErrors (0ms)
				InitializePlatformSupportModulesInManaged (11ms)
				SetLoadedEditorAssemblies (0ms)
				RefreshPlugins (1ms)
				BeforeProcessingInitializeOnLoad (48ms)
				ProcessInitializeOnLoadAttributes (595ms)
				ProcessInitializeOnLoadMethodAttributes (33ms)
				AfterProcessingInitializeOnLoad (4ms)
				EditorAssembliesLoaded (0ms)
			ExecutionOrderSort2 (0ms)
			AwakeInstancesAfterBackupRestoration (6ms)
Platform modules already initialized, skipping
Refreshing native plugins compatible for Editor in 0.78 ms, found 4 plugins.
Preloading 0 native plugins for Editor in 0.00 ms.
Unloading 3890 Unused Serialized files (Serialized files now loaded: 0)
Unloading 27 unused Assets / (43.9 KB). Loaded Objects now: 4693.
Memory consumption went from 153.9 MB to 153.8 MB.
Total: 2.945800 ms (FindLiveObjects: 0.257700 ms CreateObjectMapping: 0.102800 ms MarkObjects: 2.554500 ms  DeleteObjects: 0.030000 ms)

AssetImportParameters requested are different than current active one (requested -> active):
  custom:video-decoder-ogg-theora: a1e56fd34408186e4bbccfd4996cb3dc -> 
  custom:container-muxer-webm: aa71ff27fc2769a1b78a27578f13a17b -> 
  custom:container-demuxer-webm: 4f35f7cbe854078d1ac9338744f61a02 -> 
  custom:video-encoder-webm-vp8: eb34c28f22e8b96e1ab97ce403110664 -> 
  custom:video-codec-MediaFoundation-h265: 746d11721c4dcdbdad8f713fa42b33f4 -> 
  custom:CustomObjectIndexerAttribute: bc11b3a6c3213fcdd17b65e7da85e133 -> 
  custom:audio-encoder-webm-vorbis: bf7c407c2cedff20999df2af8eb42d56 -> 
  custom:framework-win-MediaFoundation: 216162199b28c13a410421893ffa2e32 -> 
  custom:SearchIndexIgnoredProperties: e643bd26f0fe6173181afceb89e7c659 -> 
  custom:container-demuxer-ogg: 62fdf1f143b41e24485cea50d1cbac27 -> 
  custom:video-decoder-webm-vp8: 9c59270c3fd7afecdb556c50c9e8de78 -> 
  custom:audio-decoder-ogg-vorbis: bf7c407c2cedff20999df2af8eb42d56 -> 
========================================================================
Received Prepare
Registering precompiled user dll's ...
Registered in 0.004332 seconds.
Begin MonoManager ReloadAssembly
Native extension for WindowsStandalone target not found
Native extension for Android target not found
Native extension for WebGL target not found
Refreshing native plugins compatible for Editor in 0.75 ms, found 4 plugins.
Preloading 0 native plugins for Editor in 0.00 ms.
[Package Manager] Server::EnsureServerProcessIsRunning -- launch failed, reason: Unity was launched with the -noUpm command-line argument
[Package Manager] Cannot connect to Unity Package Manager local server
Mono: successfully reloaded assembly
- Completed reload, in  1.203 seconds
Domain Reload Profiling:
	ReloadAssembly (1203ms)
		BeginReloadAssembly (118ms)
			ExecutionOrderSort (0ms)
			DisableScriptedObjects (7ms)
			BackupInstance (0ms)
			ReleaseScriptingObjects (0ms)
			CreateAndSetChildDomain (27ms)
		EndReloadAssembly (1021ms)
			LoadAssemblies (75ms)
			RebuildTransferFunctionScriptingTraits (0ms)
			SetupTypeCache (186ms)
			ReleaseScriptCaches (2ms)
			RebuildScriptCaches (37ms)
			SetupLoadedEditorAssemblies (697ms)
				LogAssemblyErrors (0ms)
				InitializePlatformSupportModulesInManaged (14ms)
				SetLoadedEditorAssemblies (0ms)
				RefreshPlugins (1ms)
				BeforeProcessingInitializeOnLoad (50ms)
				ProcessInitializeOnLoadAttributes (595ms)
				ProcessInitializeOnLoadMethodAttributes (33ms)
				AfterProcessingInitializeOnLoad (3ms)
				EditorAssembliesLoaded (0ms)
			ExecutionOrderSort2 (0ms)
			AwakeInstancesAfterBackupRestoration (8ms)
Platform modules already initialized, skipping
Refreshing native plugins compatible for Editor in 0.59 ms, found 4 plugins.
Preloading 0 native plugins for Editor in 0.00 ms.
Unloading 3890 Unused Serialized files (Serialized files now loaded: 0)
Unloading 27 unused Assets / (21.9 KB). Loaded Objects now: 4696.
Memory consumption went from 153.9 MB to 153.9 MB.
Total: 2.670600 ms (FindLiveObjects: 0.308600 ms CreateObjectMapping: 0.157100 ms MarkObjects: 2.165000 ms  DeleteObjects: 0.038900 ms)

AssetImportParameters requested are different than current active one (requested -> active):
  custom:video-decoder-ogg-theora: a1e56fd34408186e4bbccfd4996cb3dc -> 
  custom:container-muxer-webm: aa71ff27fc2769a1b78a27578f13a17b -> 
  custom:container-demuxer-webm: 4f35f7cbe854078d1ac9338744f61a02 -> 
  custom:video-encoder-webm-vp8: eb34c28f22e8b96e1ab97ce403110664 -> 
  custom:video-codec-MediaFoundation-h265: 746d11721c4dcdbdad8f713fa42b33f4 -> 
  custom:CustomObjectIndexerAttribute: bc11b3a6c3213fcdd17b65e7da85e133 -> 
  custom:audio-encoder-webm-vorbis: bf7c407c2cedff20999df2af8eb42d56 -> 
  custom:framework-win-MediaFoundation: 216162199b28c13a410421893ffa2e32 -> 
  custom:SearchIndexIgnoredProperties: e643bd26f0fe6173181afceb89e7c659 -> 
  custom:container-demuxer-ogg: 62fdf1f143b41e24485cea50d1cbac27 -> 
  custom:video-decoder-webm-vp8: 9c59270c3fd7afecdb556c50c9e8de78 -> 
  custom:audio-decoder-ogg-vorbis: bf7c407c2cedff20999df2af8eb42d56 -> 
========================================================================
Received Prepare
Registering precompiled user dll's ...
Registered in 0.004063 seconds.
Begin MonoManager ReloadAssembly
Native extension for WindowsStandalone target not found
Native extension for Android target not found
Native extension for WebGL target not found
Refreshing native plugins compatible for Editor in 0.52 ms, found 4 plugins.
Preloading 0 native plugins for Editor in 0.00 ms.
[Package Manager] Server::EnsureServerProcessIsRunning -- launch failed, reason: Unity was launched with the -noUpm command-line argument
[Package Manager] Cannot connect to Unity Package Manager local server
Mono: successfully reloaded assembly
- Completed reload, in  1.216 seconds
Domain Reload Profiling:
	ReloadAssembly (1217ms)
		BeginReloadAssembly (117ms)
			ExecutionOrderSort (0ms)
			DisableScriptedObjects (5ms)
			BackupInstance (0ms)
			ReleaseScriptingObjects (0ms)
			CreateAndSetChildDomain (26ms)
		EndReloadAssembly (1032ms)
			LoadAssemblies (71ms)
			RebuildTransferFunctionScriptingTraits (0ms)
			SetupTypeCache (203ms)
			ReleaseScriptCaches (1ms)
			RebuildScriptCaches (38ms)
			SetupLoadedEditorAssemblies (696ms)
				LogAssemblyErrors (0ms)
				InitializePlatformSupportModulesInManaged (13ms)
				SetLoadedEditorAssemblies (0ms)
				RefreshPlugins (1ms)
				BeforeProcessingInitializeOnLoad (52ms)
				ProcessInitializeOnLoadAttributes (591ms)
				ProcessInitializeOnLoadMethodAttributes (34ms)
				AfterProcessingInitializeOnLoad (4ms)
				EditorAssembliesLoaded (0ms)
			ExecutionOrderSort2 (0ms)
			AwakeInstancesAfterBackupRestoration (7ms)
Platform modules already initialized, skipping
Refreshing native plugins compatible for Editor in 0.53 ms, found 4 plugins.
Preloading 0 native plugins for Editor in 0.00 ms.
Unloading 3890 Unused Serialized files (Serialized files now loaded: 0)
Unloading 27 unused Assets / (22.0 KB). Loaded Objects now: 4699.
Memory consumption went from 153.9 MB to 153.9 MB.
Total: 2.359100 ms (FindLiveObjects: 0.225800 ms CreateObjectMapping: 0.102400 ms MarkObjects: 2.009100 ms  DeleteObjects: 0.020900 ms)

AssetImportParameters requested are different than current active one (requested -> active):
  custom:video-decoder-ogg-theora: a1e56fd34408186e4bbccfd4996cb3dc -> 
  custom:container-muxer-webm: aa71ff27fc2769a1b78a27578f13a17b -> 
  custom:container-demuxer-webm: 4f35f7cbe854078d1ac9338744f61a02 -> 
  custom:video-encoder-webm-vp8: eb34c28f22e8b96e1ab97ce403110664 -> 
  custom:video-codec-MediaFoundation-h265: 746d11721c4dcdbdad8f713fa42b33f4 -> 
  custom:CustomObjectIndexerAttribute: bc11b3a6c3213fcdd17b65e7da85e133 -> 
  custom:audio-encoder-webm-vorbis: bf7c407c2cedff20999df2af8eb42d56 -> 
  custom:framework-win-MediaFoundation: 216162199b28c13a410421893ffa2e32 -> 
  custom:SearchIndexIgnoredProperties: e643bd26f0fe6173181afceb89e7c659 -> 
  custom:container-demuxer-ogg: 62fdf1f143b41e24485cea50d1cbac27 -> 
  custom:video-decoder-webm-vp8: 9c59270c3fd7afecdb556c50c9e8de78 -> 
  custom:audio-decoder-ogg-vorbis: bf7c407c2cedff20999df2af8eb42d56 -> 
========================================================================
Received Prepare
Registering precompiled user dll's ...
Registered in 0.005514 seconds.
Begin MonoManager ReloadAssembly
Native extension for WindowsStandalone target not found
Native extension for Android target not found
Native extension for WebGL target not found
Refreshing native plugins compatible for Editor in 0.53 ms, found 4 plugins.
Preloading 0 native plugins for Editor in 0.00 ms.
[Package Manager] Server::EnsureServerProcessIsRunning -- launch failed, reason: Unity was launched with the -noUpm command-line argument
[Package Manager] Cannot connect to Unity Package Manager local server
Mono: successfully reloaded assembly
- Completed reload, in  1.198 seconds
Domain Reload Profiling:
	ReloadAssembly (1199ms)
		BeginReloadAssembly (118ms)
			ExecutionOrderSort (0ms)
			DisableScriptedObjects (7ms)
			BackupInstance (0ms)
			ReleaseScriptingObjects (0ms)
			CreateAndSetChildDomain (29ms)
		EndReloadAssembly (1001ms)
			LoadAssemblies (73ms)
			RebuildTransferFunctionScriptingTraits (0ms)
			SetupTypeCache (192ms)
			ReleaseScriptCaches (1ms)
			RebuildScriptCaches (33ms)
			SetupLoadedEditorAssemblies (680ms)
				LogAssemblyErrors (0ms)
				InitializePlatformSupportModulesInManaged (11ms)
				SetLoadedEditorAssemblies (0ms)
				RefreshPlugins (1ms)
				BeforeProcessingInitializeOnLoad (44ms)
				ProcessInitializeOnLoadAttributes (587ms)
				ProcessInitializeOnLoadMethodAttributes (33ms)
				AfterProcessingInitializeOnLoad (4ms)
				EditorAssembliesLoaded (0ms)
			ExecutionOrderSort2 (0ms)
			AwakeInstancesAfterBackupRestoration (6ms)
Platform modules already initialized, skipping
Refreshing native plugins compatible for Editor in 0.75 ms, found 4 plugins.
Preloading 0 native plugins for Editor in 0.00 ms.
Unloading 3890 Unused Serialized files (Serialized files now loaded: 0)
Unloading 27 unused Assets / (22.0 KB). Loaded Objects now: 4702.
Memory consumption went from 153.9 MB to 153.9 MB.
Total: 2.432300 ms (FindLiveObjects: 0.236300 ms CreateObjectMapping: 0.114600 ms MarkObjects: 2.058900 ms  DeleteObjects: 0.021600 ms)

AssetImportParameters requested are different than current active one (requested -> active):
  custom:video-decoder-ogg-theora: a1e56fd34408186e4bbccfd4996cb3dc -> 
  custom:container-muxer-webm: aa71ff27fc2769a1b78a27578f13a17b -> 
  custom:container-demuxer-webm: 4f35f7cbe854078d1ac9338744f61a02 -> 
  custom:video-encoder-webm-vp8: eb34c28f22e8b96e1ab97ce403110664 -> 
  custom:video-codec-MediaFoundation-h265: 746d11721c4dcdbdad8f713fa42b33f4 -> 
  custom:CustomObjectIndexerAttribute: bc11b3a6c3213fcdd17b65e7da85e133 -> 
  custom:audio-encoder-webm-vorbis: bf7c407c2cedff20999df2af8eb42d56 -> 
  custom:framework-win-MediaFoundation: 216162199b28c13a410421893ffa2e32 -> 
  custom:SearchIndexIgnoredProperties: e643bd26f0fe6173181afceb89e7c659 -> 
  custom:container-demuxer-ogg: 62fdf1f143b41e24485cea50d1cbac27 -> 
  custom:video-decoder-webm-vp8: 9c59270c3fd7afecdb556c50c9e8de78 -> 
  custom:audio-decoder-ogg-vorbis: bf7c407c2cedff20999df2af8eb42d56 -> 
========================================================================
Received Prepare
Registering precompiled user dll's ...
Registered in 0.005309 seconds.
Begin MonoManager ReloadAssembly
Native extension for WindowsStandalone target not found
Native extension for Android target not found
Native extension for WebGL target not found
Refreshing native plugins compatible for Editor in 0.58 ms, found 4 plugins.
Preloading 0 native plugins for Editor in 0.00 ms.
[Package Manager] Server::EnsureServerProcessIsRunning -- launch failed, reason: Unity was launched with the -noUpm command-line argument
[Package Manager] Cannot connect to Unity Package Manager local server
Mono: successfully reloaded assembly
- Completed reload, in  1.254 seconds
Domain Reload Profiling:
	ReloadAssembly (1254ms)
		BeginReloadAssembly (115ms)
			ExecutionOrderSort (0ms)
			DisableScriptedObjects (5ms)
			BackupInstance (0ms)
			ReleaseScriptingObjects (0ms)
			CreateAndSetChildDomain (26ms)
		EndReloadAssembly (1057ms)
			LoadAssemblies (77ms)
			RebuildTransferFunctionScriptingTraits (0ms)
			SetupTypeCache (216ms)
			ReleaseScriptCaches (1ms)
			RebuildScriptCaches (40ms)
			SetupLoadedEditorAssemblies (698ms)
				LogAssemblyErrors (0ms)
				InitializePlatformSupportModulesInManaged (13ms)
				SetLoadedEditorAssemblies (0ms)
				RefreshPlugins (1ms)
				BeforeProcessingInitializeOnLoad (50ms)
				ProcessInitializeOnLoadAttributes (599ms)
				ProcessInitializeOnLoadMethodAttributes (30ms)
				AfterProcessingInitializeOnLoad (4ms)
				EditorAssembliesLoaded (0ms)
			ExecutionOrderSort2 (0ms)
			AwakeInstancesAfterBackupRestoration (5ms)
Platform modules already initialized, skipping
Refreshing native plugins compatible for Editor in 0.83 ms, found 4 plugins.
Preloading 0 native plugins for Editor in 0.00 ms.
Unloading 3890 Unused Serialized files (Serialized files now loaded: 0)
Unloading 27 unused Assets / (22.9 KB). Loaded Objects now: 4705.
Memory consumption went from 153.9 MB to 153.9 MB.
Total: 2.470800 ms (FindLiveObjects: 0.231600 ms CreateObjectMapping: 0.095700 ms MarkObjects: 2.106800 ms  DeleteObjects: 0.035700 ms)

AssetImportParameters requested are different than current active one (requested -> active):
  custom:video-decoder-ogg-theora: a1e56fd34408186e4bbccfd4996cb3dc -> 
  custom:container-muxer-webm: aa71ff27fc2769a1b78a27578f13a17b -> 
  custom:container-demuxer-webm: 4f35f7cbe854078d1ac9338744f61a02 -> 
  custom:video-encoder-webm-vp8: eb34c28f22e8b96e1ab97ce403110664 -> 
  custom:video-codec-MediaFoundation-h265: 746d11721c4dcdbdad8f713fa42b33f4 -> 
  custom:CustomObjectIndexerAttribute: bc11b3a6c3213fcdd17b65e7da85e133 -> 
  custom:audio-encoder-webm-vorbis: bf7c407c2cedff20999df2af8eb42d56 -> 
  custom:framework-win-MediaFoundation: 216162199b28c13a410421893ffa2e32 -> 
  custom:SearchIndexIgnoredProperties: e643bd26f0fe6173181afceb89e7c659 -> 
  custom:container-demuxer-ogg: 62fdf1f143b41e24485cea50d1cbac27 -> 
  custom:video-decoder-webm-vp8: 9c59270c3fd7afecdb556c50c9e8de78 -> 
  custom:audio-decoder-ogg-vorbis: bf7c407c2cedff20999df2af8eb42d56 -> 
========================================================================
Received Prepare
Registering precompiled user dll's ...
Registered in 0.003598 seconds.
Begin MonoManager ReloadAssembly
Native extension for WindowsStandalone target not found
Native extension for Android target not found
Native extension for WebGL target not found
Refreshing native plugins compatible for Editor in 0.76 ms, found 4 plugins.
Preloading 0 native plugins for Editor in 0.00 ms.
[Package Manager] Server::EnsureServerProcessIsRunning -- launch failed, reason: Unity was launched with the -noUpm command-line argument
[Package Manager] Cannot connect to Unity Package Manager local server
Mono: successfully reloaded assembly
- Completed reload, in  1.234 seconds
Domain Reload Profiling:
	ReloadAssembly (1234ms)
		BeginReloadAssembly (123ms)
			ExecutionOrderSort (0ms)
			DisableScriptedObjects (6ms)
			BackupInstance (0ms)
			ReleaseScriptingObjects (0ms)
			CreateAndSetChildDomain (27ms)
		EndReloadAssembly (1029ms)
			LoadAssemblies (81ms)
			RebuildTransferFunctionScriptingTraits (0ms)
			SetupTypeCache (199ms)
			ReleaseScriptCaches (1ms)
			RebuildScriptCaches (38ms)
			SetupLoadedEditorAssemblies (698ms)
				LogAssemblyErrors (0ms)
				InitializePlatformSupportModulesInManaged (12ms)
				SetLoadedEditorAssemblies (0ms)
				RefreshPlugins (1ms)
				BeforeProcessingInitializeOnLoad (50ms)
				ProcessInitializeOnLoadAttributes (596ms)
				ProcessInitializeOnLoadMethodAttributes (34ms)
				AfterProcessingInitializeOnLoad (5ms)
				EditorAssembliesLoaded (0ms)
			ExecutionOrderSort2 (0ms)
			AwakeInstancesAfterBackupRestoration (6ms)
Platform modules already initialized, skipping
Refreshing native plugins compatible for Editor in 0.75 ms, found 4 plugins.
Preloading 0 native plugins for Editor in 0.00 ms.
Unloading 3890 Unused Serialized files (Serialized files now loaded: 0)
Unloading 27 unused Assets / (22.0 KB). Loaded Objects now: 4708.
Memory consumption went from 153.9 MB to 153.9 MB.
Total: 2.770700 ms (FindLiveObjects: 0.228500 ms CreateObjectMapping: 0.099700 ms MarkObjects: 2.421200 ms  DeleteObjects: 0.020600 ms)

AssetImportParameters requested are different than current active one (requested -> active):
  custom:video-decoder-ogg-theora: a1e56fd34408186e4bbccfd4996cb3dc -> 
  custom:container-muxer-webm: aa71ff27fc2769a1b78a27578f13a17b -> 
  custom:container-demuxer-webm: 4f35f7cbe854078d1ac9338744f61a02 -> 
  custom:video-encoder-webm-vp8: eb34c28f22e8b96e1ab97ce403110664 -> 
  custom:video-codec-MediaFoundation-h265: 746d11721c4dcdbdad8f713fa42b33f4 -> 
  custom:CustomObjectIndexerAttribute: bc11b3a6c3213fcdd17b65e7da85e133 -> 
  custom:audio-encoder-webm-vorbis: bf7c407c2cedff20999df2af8eb42d56 -> 
  custom:framework-win-MediaFoundation: 216162199b28c13a410421893ffa2e32 -> 
  custom:SearchIndexIgnoredProperties: e643bd26f0fe6173181afceb89e7c659 -> 
  custom:container-demuxer-ogg: 62fdf1f143b41e24485cea50d1cbac27 -> 
  custom:video-decoder-webm-vp8: 9c59270c3fd7afecdb556c50c9e8de78 -> 
  custom:audio-decoder-ogg-vorbis: bf7c407c2cedff20999df2af8eb42d56 -> 
========================================================================
Received Prepare
Registering precompiled user dll's ...
Registered in 0.006386 seconds.
Begin MonoManager ReloadAssembly
Native extension for WindowsStandalone target not found
Native extension for Android target not found
Native extension for WebGL target not found
Refreshing native plugins compatible for Editor in 0.61 ms, found 4 plugins.
Preloading 0 native plugins for Editor in 0.00 ms.
[Package Manager] Server::EnsureServerProcessIsRunning -- launch failed, reason: Unity was launched with the -noUpm command-line argument
[Package Manager] Cannot connect to Unity Package Manager local server
Mono: successfully reloaded assembly
- Completed reload, in  1.298 seconds
Domain Reload Profiling:
	ReloadAssembly (1298ms)
		BeginReloadAssembly (150ms)
			ExecutionOrderSort (0ms)
			DisableScriptedObjects (6ms)
			BackupInstance (0ms)
			ReleaseScriptingObjects (0ms)
			CreateAndSetChildDomain (38ms)
		EndReloadAssembly (1067ms)
			LoadAssemblies (106ms)
			RebuildTransferFunctionScriptingTraits (0ms)
			SetupTypeCache (242ms)
			ReleaseScriptCaches (1ms)
			RebuildScriptCaches (39ms)
			SetupLoadedEditorAssemblies (676ms)
				LogAssemblyErrors (0ms)
				InitializePlatformSupportModulesInManaged (13ms)
				SetLoadedEditorAssemblies (0ms)
				RefreshPlugins (1ms)
				BeforeProcessingInitializeOnLoad (54ms)
				ProcessInitializeOnLoadAttributes (577ms)
				ProcessInitializeOnLoadMethodAttributes (27ms)
				AfterProcessingInitializeOnLoad (3ms)
				EditorAssembliesLoaded (0ms)
			ExecutionOrderSort2 (0ms)
			AwakeInstancesAfterBackupRestoration (5ms)
Platform modules already initialized, skipping
Refreshing native plugins compatible for Editor in 0.40 ms, found 4 plugins.
Preloading 0 native plugins for Editor in 0.00 ms.
Unloading 3890 Unused Serialized files (Serialized files now loaded: 0)
Unloading 27 unused Assets / (21.9 KB). Loaded Objects now: 4711.
Memory consumption went from 153.9 MB to 153.9 MB.
Total: 3.048600 ms (FindLiveObjects: 0.216700 ms CreateObjectMapping: 0.093800 ms MarkObjects: 2.710600 ms  DeleteObjects: 0.026800 ms)

AssetImportParameters requested are different than current active one (requested -> active):
  custom:video-decoder-ogg-theora: a1e56fd34408186e4bbccfd4996cb3dc -> 
  custom:container-muxer-webm: aa71ff27fc2769a1b78a27578f13a17b -> 
  custom:container-demuxer-webm: 4f35f7cbe854078d1ac9338744f61a02 -> 
  custom:video-encoder-webm-vp8: eb34c28f22e8b96e1ab97ce403110664 -> 
  custom:video-codec-MediaFoundation-h265: 746d11721c4dcdbdad8f713fa42b33f4 -> 
  custom:CustomObjectIndexerAttribute: bc11b3a6c3213fcdd17b65e7da85e133 -> 
  custom:audio-encoder-webm-vorbis: bf7c407c2cedff20999df2af8eb42d56 -> 
  custom:framework-win-MediaFoundation: 216162199b28c13a410421893ffa2e32 -> 
  custom:SearchIndexIgnoredProperties: e643bd26f0fe6173181afceb89e7c659 -> 
  custom:container-demuxer-ogg: 62fdf1f143b41e24485cea50d1cbac27 -> 
  custom:video-decoder-webm-vp8: 9c59270c3fd7afecdb556c50c9e8de78 -> 
  custom:audio-decoder-ogg-vorbis: bf7c407c2cedff20999df2af8eb42d56 -> 
========================================================================
Received Prepare
Registering precompiled user dll's ...
Registered in 0.003551 seconds.
Begin MonoManager ReloadAssembly
Native extension for WindowsStandalone target not found
Native extension for Android target not found
Native extension for WebGL target not found
Refreshing native plugins compatible for Editor in 0.52 ms, found 4 plugins.
Preloading 0 native plugins for Editor in 0.00 ms.
[Package Manager] Server::EnsureServerProcessIsRunning -- launch failed, reason: Unity was launched with the -noUpm command-line argument
[Package Manager] Cannot connect to Unity Package Manager local server
Mono: successfully reloaded assembly
- Completed reload, in  1.215 seconds
Domain Reload Profiling:
	ReloadAssembly (1215ms)
		BeginReloadAssembly (115ms)
			ExecutionOrderSort (0ms)
			DisableScriptedObjects (4ms)
			BackupInstance (0ms)
			ReleaseScriptingObjects (0ms)
			CreateAndSetChildDomain (27ms)
		EndReloadAssembly (1029ms)
			LoadAssemblies (76ms)
			RebuildTransferFunctionScriptingTraits (0ms)
			SetupTypeCache (214ms)
			ReleaseScriptCaches (2ms)
			RebuildScriptCaches (34ms)
			SetupLoadedEditorAssemblies (687ms)
				LogAssemblyErrors (0ms)
				InitializePlatformSupportModulesInManaged (12ms)
				SetLoadedEditorAssemblies (0ms)
				RefreshPlugins (1ms)
				BeforeProcessingInitializeOnLoad (45ms)
				ProcessInitializeOnLoadAttributes (595ms)
				ProcessInitializeOnLoadMethodAttributes (31ms)
				AfterProcessingInitializeOnLoad (4ms)
				EditorAssembliesLoaded (0ms)
			ExecutionOrderSort2 (0ms)
			AwakeInstancesAfterBackupRestoration (6ms)
Platform modules already initialized, skipping
Refreshing native plugins compatible for Editor in 0.53 ms, found 4 plugins.
Preloading 0 native plugins for Editor in 0.00 ms.
Unloading 3890 Unused Serialized files (Serialized files now loaded: 0)
Unloading 27 unused Assets / (22.0 KB). Loaded Objects now: 4714.
Memory consumption went from 153.9 MB to 153.9 MB.
Total: 2.337100 ms (FindLiveObjects: 0.250600 ms CreateObjectMapping: 0.117300 ms MarkObjects: 1.949100 ms  DeleteObjects: 0.018800 ms)

AssetImportParameters requested are different than current active one (requested -> active):
  custom:video-decoder-ogg-theora: a1e56fd34408186e4bbccfd4996cb3dc -> 
  custom:container-muxer-webm: aa71ff27fc2769a1b78a27578f13a17b -> 
  custom:container-demuxer-webm: 4f35f7cbe854078d1ac9338744f61a02 -> 
  custom:video-encoder-webm-vp8: eb34c28f22e8b96e1ab97ce403110664 -> 
  custom:video-codec-MediaFoundation-h265: 746d11721c4dcdbdad8f713fa42b33f4 -> 
  custom:CustomObjectIndexerAttribute: bc11b3a6c3213fcdd17b65e7da85e133 -> 
  custom:audio-encoder-webm-vorbis: bf7c407c2cedff20999df2af8eb42d56 -> 
  custom:framework-win-MediaFoundation: 216162199b28c13a410421893ffa2e32 -> 
  custom:SearchIndexIgnoredProperties: e643bd26f0fe6173181afceb89e7c659 -> 
  custom:container-demuxer-ogg: 62fdf1f143b41e24485cea50d1cbac27 -> 
  custom:video-decoder-webm-vp8: 9c59270c3fd7afecdb556c50c9e8de78 -> 
  custom:audio-decoder-ogg-vorbis: bf7c407c2cedff20999df2af8eb42d56 -> 
========================================================================
Received Prepare
Registering precompiled user dll's ...
Registered in 0.004828 seconds.
Begin MonoManager ReloadAssembly
Native extension for WindowsStandalone target not found
Native extension for Android target not found
Native extension for WebGL target not found
Refreshing native plugins compatible for Editor in 0.52 ms, found 4 plugins.
Preloading 0 native plugins for Editor in 0.00 ms.
[Package Manager] Server::EnsureServerProcessIsRunning -- launch failed, reason: Unity was launched with the -noUpm command-line argument
[Package Manager] Cannot connect to Unity Package Manager local server
Mono: successfully reloaded assembly
- Completed reload, in  1.234 seconds
Domain Reload Profiling:
	ReloadAssembly (1235ms)
		BeginReloadAssembly (119ms)
			ExecutionOrderSort (0ms)
			DisableScriptedObjects (6ms)
			BackupInstance (0ms)
			ReleaseScriptingObjects (0ms)
			CreateAndSetChildDomain (27ms)
		EndReloadAssembly (1048ms)
			LoadAssemblies (77ms)
			RebuildTransferFunctionScriptingTraits (0ms)
			SetupTypeCache (219ms)
			ReleaseScriptCaches (1ms)
			RebuildScriptCaches (36ms)
			SetupLoadedEditorAssemblies (695ms)
				LogAssemblyErrors (0ms)
				InitializePlatformSupportModulesInManaged (11ms)
				SetLoadedEditorAssemblies (0ms)
				RefreshPlugins (1ms)
				BeforeProcessingInitializeOnLoad (46ms)
				ProcessInitializeOnLoadAttributes (600ms)
				ProcessInitializeOnLoadMethodAttributes (33ms)
				AfterProcessingInitializeOnLoad (5ms)
				EditorAssembliesLoaded (0ms)
			ExecutionOrderSort2 (0ms)
			AwakeInstancesAfterBackupRestoration (6ms)
Platform modules already initialized, skipping
Refreshing native plugins compatible for Editor in 0.70 ms, found 4 plugins.
Preloading 0 native plugins for Editor in 0.00 ms.
Unloading 3890 Unused Serialized files (Serialized files now loaded: 0)
Unloading 27 unused Assets / (21.9 KB). Loaded Objects now: 4717.
Memory consumption went from 153.9 MB to 153.9 MB.
Total: 3.039800 ms (FindLiveObjects: 0.267000 ms CreateObjectMapping: 0.132300 ms MarkObjects: 2.617600 ms  DeleteObjects: 0.022000 ms)

AssetImportParameters requested are different than current active one (requested -> active):
  custom:video-decoder-ogg-theora: a1e56fd34408186e4bbccfd4996cb3dc -> 
  custom:container-muxer-webm: aa71ff27fc2769a1b78a27578f13a17b -> 
  custom:container-demuxer-webm: 4f35f7cbe854078d1ac9338744f61a02 -> 
  custom:video-encoder-webm-vp8: eb34c28f22e8b96e1ab97ce403110664 -> 
  custom:video-codec-MediaFoundation-h265: 746d11721c4dcdbdad8f713fa42b33f4 -> 
  custom:CustomObjectIndexerAttribute: bc11b3a6c3213fcdd17b65e7da85e133 -> 
  custom:audio-encoder-webm-vorbis: bf7c407c2cedff20999df2af8eb42d56 -> 
  custom:framework-win-MediaFoundation: 216162199b28c13a410421893ffa2e32 -> 
  custom:SearchIndexIgnoredProperties: e643bd26f0fe6173181afceb89e7c659 -> 
  custom:container-demuxer-ogg: 62fdf1f143b41e24485cea50d1cbac27 -> 
  custom:video-decoder-webm-vp8: 9c59270c3fd7afecdb556c50c9e8de78 -> 
  custom:audio-decoder-ogg-vorbis: bf7c407c2cedff20999df2af8eb42d56 -> 
========================================================================
Received Prepare
Registering precompiled user dll's ...
Registered in 0.003814 seconds.
Begin MonoManager ReloadAssembly
Native extension for WindowsStandalone target not found
Native extension for Android target not found
Native extension for WebGL target not found
Refreshing native plugins compatible for Editor in 0.59 ms, found 4 plugins.
Preloading 0 native plugins for Editor in 0.00 ms.
[Package Manager] Server::EnsureServerProcessIsRunning -- launch failed, reason: Unity was launched with the -noUpm command-line argument
[Package Manager] Cannot connect to Unity Package Manager local server
Mono: successfully reloaded assembly
- Completed reload, in  1.347 seconds
Domain Reload Profiling:
	ReloadAssembly (1347ms)
		BeginReloadAssembly (132ms)
			ExecutionOrderSort (0ms)
			DisableScriptedObjects (4ms)
			BackupInstance (0ms)
			ReleaseScriptingObjects (0ms)
			CreateAndSetChildDomain (31ms)
		EndReloadAssembly (1119ms)
			LoadAssemblies (86ms)
			RebuildTransferFunctionScriptingTraits (0ms)
			SetupTypeCache (266ms)
			ReleaseScriptCaches (2ms)
			RebuildScriptCaches (47ms)
			SetupLoadedEditorAssemblies (702ms)
				LogAssemblyErrors (0ms)
				InitializePlatformSupportModulesInManaged (13ms)
				SetLoadedEditorAssemblies (0ms)
				RefreshPlugins (1ms)
				BeforeProcessingInitializeOnLoad (57ms)
				ProcessInitializeOnLoadAttributes (599ms)
				ProcessInitializeOnLoadMethodAttributes (28ms)
				AfterProcessingInitializeOnLoad (4ms)
				EditorAssembliesLoaded (0ms)
			ExecutionOrderSort2 (0ms)
			AwakeInstancesAfterBackupRestoration (5ms)
Platform modules already initialized, skipping
Refreshing native plugins compatible for Editor in 0.57 ms, found 4 plugins.
Preloading 0 native plugins for Editor in 0.00 ms.
Unloading 3890 Unused Serialized files (Serialized files now loaded: 0)
Unloading 27 unused Assets / (21.9 KB). Loaded Objects now: 4720.
Memory consumption went from 154.0 MB to 153.9 MB.
Total: 2.336000 ms (FindLiveObjects: 0.234300 ms CreateObjectMapping: 0.100400 ms MarkObjects: 1.979700 ms  DeleteObjects: 0.020200 ms)

AssetImportParameters requested are different than current active one (requested -> active):
  custom:video-decoder-ogg-theora: a1e56fd34408186e4bbccfd4996cb3dc -> 
  custom:container-muxer-webm: aa71ff27fc2769a1b78a27578f13a17b -> 
  custom:container-demuxer-webm: 4f35f7cbe854078d1ac9338744f61a02 -> 
  custom:video-encoder-webm-vp8: eb34c28f22e8b96e1ab97ce403110664 -> 
  custom:video-codec-MediaFoundation-h265: 746d11721c4dcdbdad8f713fa42b33f4 -> 
  custom:CustomObjectIndexerAttribute: bc11b3a6c3213fcdd17b65e7da85e133 -> 
  custom:audio-encoder-webm-vorbis: bf7c407c2cedff20999df2af8eb42d56 -> 
  custom:framework-win-MediaFoundation: 216162199b28c13a410421893ffa2e32 -> 
  custom:SearchIndexIgnoredProperties: e643bd26f0fe6173181afceb89e7c659 -> 
  custom:container-demuxer-ogg: 62fdf1f143b41e24485cea50d1cbac27 -> 
  custom:video-decoder-webm-vp8: 9c59270c3fd7afecdb556c50c9e8de78 -> 
  custom:audio-decoder-ogg-vorbis: bf7c407c2cedff20999df2af8eb42d56 -> 
