Using pre-set license
Built from '2021.3/staging' branch; Version is '2021.3.45f1 (0da89fac8e79) revision 895135'; Using compiler version '192829333'; Build Type 'Release'
OS: 'Windows 11  (10.0.26100) 64bit Professional' Language: 'es' Physical Memory: 16103 MB
BatchMode: 1, IsHumanControllingUs: 0, StartBugReporterOnCrash: 0, Is64bit: 1, IsPro: 1

COMMAND LINE ARGUMENTS:
C:\Program Files\Unity\Hub\Editor\2021.3.45f1\Editor\Unity.exe
-adb2
-batchMode
-noUpm
-name
AssetImportWorker11
-projectPath
C:/Users/Admin/Desktop/first_Asignacion/electiva-videojuegos
-logFile
Logs/AssetImportWorker11.log
-srvPort
61740
Successfully changed project path to: C:/Users/Admin/Desktop/first_Asignacion/electiva-videojuegos
C:/Users/Admin/Desktop/first_Asignacion/electiva-videojuegos
[UnityMemory] Configuration Parameters - Can be set up in boot.config
    "memorysetup-bucket-allocator-granularity=16"
    "memorysetup-bucket-allocator-bucket-count=8"
    "memorysetup-bucket-allocator-block-size=33554432"
    "memorysetup-bucket-allocator-block-count=8"
    "memorysetup-main-allocator-block-size=16777216"
    "memorysetup-thread-allocator-block-size=16777216"
    "memorysetup-gfx-main-allocator-block-size=16777216"
    "memorysetup-gfx-thread-allocator-block-size=16777216"
    "memorysetup-cache-allocator-block-size=4194304"
    "memorysetup-typetree-allocator-block-size=2097152"
    "memorysetup-profiler-bucket-allocator-granularity=16"
    "memorysetup-profiler-bucket-allocator-bucket-count=8"
    "memorysetup-profiler-bucket-allocator-block-size=33554432"
    "memorysetup-profiler-bucket-allocator-block-count=8"
    "memorysetup-profiler-allocator-block-size=16777216"
    "memorysetup-profiler-editor-allocator-block-size=1048576"
    "memorysetup-temp-allocator-size-main=16777216"
    "memorysetup-job-temp-allocator-block-size=2097152"
    "memorysetup-job-temp-allocator-block-size-background=1048576"
    "memorysetup-job-temp-allocator-reduction-small-platforms=262144"
    "memorysetup-temp-allocator-size-background-worker=32768"
    "memorysetup-temp-allocator-size-job-worker=262144"
    "memorysetup-temp-allocator-size-preload-manager=33554432"
    "memorysetup-temp-allocator-size-nav-mesh-worker=65536"
    "memorysetup-temp-allocator-size-audio-worker=65536"
    "memorysetup-temp-allocator-size-cloud-worker=32768"
    "memorysetup-temp-allocator-size-gi-baking-worker=262144"
    "memorysetup-temp-allocator-size-gfx=262144"
Player connection [34944] Host "[IP] 192.168.0.105 [Port] 0 [Flags] 2 [Guid] 2043146972 [EditorId] 2043146972 [Version] 1048832 [Id] WindowsEditor(7,DESKTOP-9280USP) [Debug] 1 [PackageName] WindowsEditor [ProjectName] Editor" joined multi-casting on [225.0.0.222:54997]...

Player connection [34944] Host "[IP] 192.168.0.105 [Port] 0 [Flags] 2 [Guid] 2043146972 [EditorId] 2043146972 [Version] 1048832 [Id] WindowsEditor(7,DESKTOP-9280USP) [Debug] 1 [PackageName] WindowsEditor [ProjectName] Editor" joined alternative multi-casting on [225.0.0.222:34997]...

[Physics::Module] Initialized MultithreadedJobDispatcher with {0} workers.
Refreshing native plugins compatible for Editor in 66.15 ms, found 4 plugins.
Preloading 0 native plugins for Editor in 0.00 ms.
Initialize engine version: 2021.3.45f1 (0da89fac8e79)
[Subsystems] Discovering subsystems at path C:/Program Files/Unity/Hub/Editor/2021.3.45f1/Editor/Data/Resources/UnitySubsystems
[Subsystems] Discovering subsystems at path C:/Users/Admin/Desktop/first_Asignacion/electiva-videojuegos/Assets
GfxDevice: creating device client; threaded=0; jobified=0
Direct3D:
    Version:  Direct3D 11.0 [level 11.1]
    Renderer: Radeon (TM) RX 470 Series (ID=0x67df)
    Vendor:   ATI
    VRAM:     4039 MB
    Driver:   31.0.21923.1000
Initialize mono
Mono path[0] = 'C:/Program Files/Unity/Hub/Editor/2021.3.45f1/Editor/Data/Managed'
Mono path[1] = 'C:/Program Files/Unity/Hub/Editor/2021.3.45f1/Editor/Data/MonoBleedingEdge/lib/mono/unityjit-win32'
Mono config path = 'C:/Program Files/Unity/Hub/Editor/2021.3.45f1/Editor/Data/MonoBleedingEdge/etc'
Using monoOptions --debugger-agent=transport=dt_socket,embedding=1,server=y,suspend=n,address=127.0.0.1:56628
Begin MonoManager ReloadAssembly
Registering precompiled unity dll's ...
Register platform support module: C:/Program Files/Unity/Hub/Editor/2021.3.45f1/Editor/Data/PlaybackEngines/WebGLSupport/UnityEditor.WebGL.Extensions.dll
Register platform support module: C:/Program Files/Unity/Hub/Editor/2021.3.45f1/Editor/Data/PlaybackEngines/AndroidPlayer/UnityEditor.Android.Extensions.dll
Register platform support module: C:/Program Files/Unity/Hub/Editor/2021.3.45f1/Editor/Data/PlaybackEngines/WindowsStandaloneSupport/UnityEditor.WindowsStandalone.Extensions.dll
Registered in 0.004141 seconds.
Native extension for WindowsStandalone target not found
Native extension for Android target not found
Android Extension - Scanning For ADB Devices 251 ms
Native extension for WebGL target not found
Refreshing native plugins compatible for Editor in 62.44 ms, found 4 plugins.
Preloading 0 native plugins for Editor in 0.00 ms.
Mono: successfully reloaded assembly
- Completed reload, in  0.854 seconds
Domain Reload Profiling:
	ReloadAssembly (855ms)
		BeginReloadAssembly (92ms)
			ExecutionOrderSort (0ms)
			DisableScriptedObjects (0ms)
			BackupInstance (0ms)
			ReleaseScriptingObjects (0ms)
			CreateAndSetChildDomain (1ms)
		EndReloadAssembly (676ms)
			LoadAssemblies (90ms)
			RebuildTransferFunctionScriptingTraits (0ms)
			SetupTypeCache (100ms)
			ReleaseScriptCaches (0ms)
			RebuildScriptCaches (25ms)
			SetupLoadedEditorAssemblies (512ms)
				LogAssemblyErrors (0ms)
				InitializePlatformSupportModulesInManaged (320ms)
				SetLoadedEditorAssemblies (0ms)
				RefreshPlugins (63ms)
				BeforeProcessingInitializeOnLoad (1ms)
				ProcessInitializeOnLoadAttributes (88ms)
				ProcessInitializeOnLoadMethodAttributes (40ms)
				AfterProcessingInitializeOnLoad (0ms)
				EditorAssembliesLoaded (0ms)
			ExecutionOrderSort2 (0ms)
			AwakeInstancesAfterBackupRestoration (0ms)
Platform modules already initialized, skipping
Registering precompiled user dll's ...
Registered in 0.005183 seconds.
Begin MonoManager ReloadAssembly
Native extension for WindowsStandalone target not found
Native extension for Android target not found
Native extension for WebGL target not found
Refreshing native plugins compatible for Editor in 66.27 ms, found 4 plugins.
Preloading 0 native plugins for Editor in 0.00 ms.
Package Manager log level set to [2]
[Package Manager] Server::EnsureServerProcessIsRunning -- launch failed, reason: Unity was launched with the -noUpm command-line argument
[Package Manager] Cannot connect to Unity Package Manager local server
Mono: successfully reloaded assembly
- Completed reload, in  1.472 seconds
Domain Reload Profiling:
	ReloadAssembly (1472ms)
		BeginReloadAssembly (114ms)
			ExecutionOrderSort (0ms)
			DisableScriptedObjects (5ms)
			BackupInstance (0ms)
			ReleaseScriptingObjects (0ms)
			CreateAndSetChildDomain (15ms)
		EndReloadAssembly (1260ms)
			LoadAssemblies (101ms)
			RebuildTransferFunctionScriptingTraits (0ms)
			SetupTypeCache (259ms)
			ReleaseScriptCaches (0ms)
			RebuildScriptCaches (55ms)
			SetupLoadedEditorAssemblies (830ms)
				LogAssemblyErrors (0ms)
				InitializePlatformSupportModulesInManaged (12ms)
				SetLoadedEditorAssemblies (0ms)
				RefreshPlugins (66ms)
				BeforeProcessingInitializeOnLoad (61ms)
				ProcessInitializeOnLoadAttributes (651ms)
				ProcessInitializeOnLoadMethodAttributes (36ms)
				AfterProcessingInitializeOnLoad (4ms)
				EditorAssembliesLoaded (0ms)
			ExecutionOrderSort2 (0ms)
			AwakeInstancesAfterBackupRestoration (5ms)
Platform modules already initialized, skipping
========================================================================
Worker process is ready to serve import requests
Launched and connected shader compiler UnityShaderCompiler.exe after 0.05 seconds
Refreshing native plugins compatible for Editor in 0.72 ms, found 4 plugins.
Preloading 0 native plugins for Editor in 0.00 ms.
Unloading 3951 Unused Serialized files (Serialized files now loaded: 0)
Unloading 38 unused Assets / (46.5 KB). Loaded Objects now: 4411.
Memory consumption went from 151.0 MB to 151.0 MB.
Total: 3.266200 ms (FindLiveObjects: 0.306000 ms CreateObjectMapping: 0.183100 ms MarkObjects: 2.677700 ms  DeleteObjects: 0.098400 ms)

AssetImportParameters requested are different than current active one (requested -> active):
  custom:video-decoder-ogg-theora: a1e56fd34408186e4bbccfd4996cb3dc -> 
  custom:container-muxer-webm: aa71ff27fc2769a1b78a27578f13a17b -> 
  custom:container-demuxer-webm: 4f35f7cbe854078d1ac9338744f61a02 -> 
  custom:video-encoder-webm-vp8: eb34c28f22e8b96e1ab97ce403110664 -> 
  custom:video-codec-MediaFoundation-h265: 746d11721c4dcdbdad8f713fa42b33f4 -> 
  custom:CustomObjectIndexerAttribute: bc11b3a6c3213fcdd17b65e7da85e133 -> 
  custom:audio-encoder-webm-vorbis: bf7c407c2cedff20999df2af8eb42d56 -> 
  custom:framework-win-MediaFoundation: 216162199b28c13a410421893ffa2e32 -> 
  custom:SearchIndexIgnoredProperties: e643bd26f0fe6173181afceb89e7c659 -> 
  custom:container-demuxer-ogg: 62fdf1f143b41e24485cea50d1cbac27 -> 
  custom:video-decoder-webm-vp8: 9c59270c3fd7afecdb556c50c9e8de78 -> 
  custom:audio-decoder-ogg-vorbis: bf7c407c2cedff20999df2af8eb42d56 -> 
========================================================================
Received Import Request.
  Time since last request: 89560.298762 seconds.
  path: Assets/Assets/HUD/Tutorial
  artifactKey: Guid(4bb11afd178683144b738bdf218cd18e) Importer(815301076,1909f56bfc062723c751e8b465ee728b)
Number of updated assets reloaded before import = 0
Start importing Assets/Assets/HUD/Tutorial using Guid(4bb11afd178683144b738bdf218cd18e) Importer(815301076,1909f56bfc062723c751e8b465ee728b)  -> (artifact id: 'b6c0031168885f9526c0fe269db0e2e8') in 0.016887 seconds 
Number of asset objects unloaded after import = 0
========================================================================
Received Import Request.
  Time since last request: 0.167141 seconds.
  path: Assets/Assets/HUD/Tutorial/Build-Animation.gif
  artifactKey: Guid(ba228bcc26c8b2741baf3abef066942d) Importer(815301076,1909f56bfc062723c751e8b465ee728b)
Number of updated assets reloaded before import = 0
Start importing Assets/Assets/HUD/Tutorial/Build-Animation.gif using Guid(ba228bcc26c8b2741baf3abef066942d) Importer(815301076,1909f56bfc062723c751e8b465ee728b)  -> (artifact id: '801e12ab61566af3820cbba9b0ade539') in 0.090772 seconds 
Number of asset objects unloaded after import = 2
========================================================================
Received Import Request.
  Time since last request: 4.353632 seconds.
  path: Assets/Assets/HUD/HUD Health Bar
  artifactKey: Guid(dbe5b6819d35dd24f9739df994017d6d) Importer(815301076,1909f56bfc062723c751e8b465ee728b)
Number of updated assets reloaded before import = 0
Start importing Assets/Assets/HUD/HUD Health Bar using Guid(dbe5b6819d35dd24f9739df994017d6d) Importer(815301076,1909f56bfc062723c751e8b465ee728b)  -> (artifact id: '25751c1c20ed69a719f6af833d362ba4') in 0.010581 seconds 
Number of asset objects unloaded after import = 0
========================================================================
Received Import Request.
  Time since last request: 0.069919 seconds.
  path: Assets/Assets/HUD/HUD Health Bar/HUDHealthBar.aseprite
  artifactKey: Guid(7df73de2f7752df489695e431e825ddb) Importer(815301076,1909f56bfc062723c751e8b465ee728b)
Number of updated assets reloaded before import = 0
Start importing Assets/Assets/HUD/HUD Health Bar/HUDHealthBar.aseprite using Guid(7df73de2f7752df489695e431e825ddb) Importer(815301076,1909f56bfc062723c751e8b465ee728b)  -> (artifact id: 'ae4c5bdbbf47f59577ae8519a86d18bf') in 0.079658 seconds 
Number of asset objects unloaded after import = 7
========================================================================
Received Import Request.
  Time since last request: 26.331836 seconds.
  path: Assets/Assets/HUD/Elements
  artifactKey: Guid(13be539cf20e9a340aa5156fb624607d) Importer(815301076,1909f56bfc062723c751e8b465ee728b)
Number of updated assets reloaded before import = 0
Start importing Assets/Assets/HUD/Elements using Guid(13be539cf20e9a340aa5156fb624607d) Importer(815301076,1909f56bfc062723c751e8b465ee728b)  -> (artifact id: '36e9068fee0c0ddfce40591c0104851d') in 0.010100 seconds 
Number of asset objects unloaded after import = 0
========================================================================
Received Import Request.
  Time since last request: 0.070962 seconds.
  path: Assets/Assets/HUD/Elements/1-1.png
  artifactKey: Guid(0499c88f79d53aa4aa954ceb514e087b) Importer(815301076,1909f56bfc062723c751e8b465ee728b)
Number of updated assets reloaded before import = 0
Start importing Assets/Assets/HUD/Elements/1-1.png using Guid(0499c88f79d53aa4aa954ceb514e087b) Importer(815301076,1909f56bfc062723c751e8b465ee728b)  -> (artifact id: '92ee360010ce94e7faeb43c5bc71b891') in 0.014291 seconds 
Number of asset objects unloaded after import = 2
========================================================================
Received Import Request.
  Time since last request: 0.000017 seconds.
  path: Assets/Assets/HUD/Elements/11-3.png
  artifactKey: Guid(891355bbb39e7cc40ab1d848710429de) Importer(815301076,1909f56bfc062723c751e8b465ee728b)
Number of updated assets reloaded before import = 0
Start importing Assets/Assets/HUD/Elements/11-3.png using Guid(891355bbb39e7cc40ab1d848710429de) Importer(815301076,1909f56bfc062723c751e8b465ee728b)  -> (artifact id: '9e74371f91a203f755d7d8ba0c3ae808') in 0.015046 seconds 
Number of asset objects unloaded after import = 2
========================================================================
Received Import Request.
  Time since last request: 0.000019 seconds.
  path: Assets/Assets/HUD/Elements/4-1.png
  artifactKey: Guid(33eb870e5b8cac24dbab486897734208) Importer(815301076,1909f56bfc062723c751e8b465ee728b)
Number of updated assets reloaded before import = 0
Start importing Assets/Assets/HUD/Elements/4-1.png using Guid(33eb870e5b8cac24dbab486897734208) Importer(815301076,1909f56bfc062723c751e8b465ee728b)  -> (artifact id: '690ea6f071e7f871546ee008d53f98d5') in 0.011140 seconds 
Number of asset objects unloaded after import = 2
========================================================================
Received Import Request.
  Time since last request: 0.000015 seconds.
  path: Assets/Assets/HUD/Elements/6-2.png
  artifactKey: Guid(9a9d5659bd56c464fb22454413a1dfb8) Importer(815301076,1909f56bfc062723c751e8b465ee728b)
Number of updated assets reloaded before import = 0
Start importing Assets/Assets/HUD/Elements/6-2.png using Guid(9a9d5659bd56c464fb22454413a1dfb8) Importer(815301076,1909f56bfc062723c751e8b465ee728b)  -> (artifact id: '4ef6094d847e4b2d740b1800513226bc') in 0.013048 seconds 
Number of asset objects unloaded after import = 2
========================================================================
Received Import Request.
  Time since last request: 0.000025 seconds.
  path: Assets/Assets/HUD/Elements/3-2.png
  artifactKey: Guid(56164720d1140284e852e95d7e1946a2) Importer(815301076,1909f56bfc062723c751e8b465ee728b)
Number of updated assets reloaded before import = 0
Start importing Assets/Assets/HUD/Elements/3-2.png using Guid(56164720d1140284e852e95d7e1946a2) Importer(815301076,1909f56bfc062723c751e8b465ee728b)  -> (artifact id: 'e8342cfabaf69a84f016d747b81cc1be') in 0.013250 seconds 
Number of asset objects unloaded after import = 2
========================================================================
Received Import Request.
  Time since last request: 0.000015 seconds.
  path: Assets/Assets/HUD/Elements/7-1.png
  artifactKey: Guid(d35652707d36e6349956f61ba4cc7be0) Importer(815301076,1909f56bfc062723c751e8b465ee728b)
Number of updated assets reloaded before import = 0
Start importing Assets/Assets/HUD/Elements/7-1.png using Guid(d35652707d36e6349956f61ba4cc7be0) Importer(815301076,1909f56bfc062723c751e8b465ee728b)  -> (artifact id: '90b03637a1a6d47e906660ec971b2a8e') in 0.011257 seconds 
Number of asset objects unloaded after import = 2
========================================================================
Received Import Request.
  Time since last request: 0.000017 seconds.
  path: Assets/Assets/HUD/Elements/10-3.png
  artifactKey: Guid(a19bb188cb85cf04f809e018a92c38a1) Importer(815301076,1909f56bfc062723c751e8b465ee728b)
Number of updated assets reloaded before import = 0
Start importing Assets/Assets/HUD/Elements/10-3.png using Guid(a19bb188cb85cf04f809e018a92c38a1) Importer(815301076,1909f56bfc062723c751e8b465ee728b)  -> (artifact id: 'e0a9febe2b42c7ed9a129e65de7e811b') in 0.012457 seconds 
Number of asset objects unloaded after import = 2
========================================================================
Received Import Request.
  Time since last request: 0.000024 seconds.
  path: Assets/Assets/HUD/Elements/14-2.png
  artifactKey: Guid(4f6de4f40d919f94a95a672b9566052a) Importer(815301076,1909f56bfc062723c751e8b465ee728b)
Number of updated assets reloaded before import = 0
Start importing Assets/Assets/HUD/Elements/14-2.png using Guid(4f6de4f40d919f94a95a672b9566052a) Importer(815301076,1909f56bfc062723c751e8b465ee728b)  -> (artifact id: '4634f766e4413422fd79f20fe8951363') in 0.012061 seconds 
Number of asset objects unloaded after import = 2
========================================================================
Received Import Request.
  Time since last request: 0.000031 seconds.
  path: Assets/Assets/HUD/Elements/10-2.png
  artifactKey: Guid(0b2555274c70a15499229ca53b158a10) Importer(815301076,1909f56bfc062723c751e8b465ee728b)
Number of updated assets reloaded before import = 0
Start importing Assets/Assets/HUD/Elements/10-2.png using Guid(0b2555274c70a15499229ca53b158a10) Importer(815301076,1909f56bfc062723c751e8b465ee728b)  -> (artifact id: 'd9411d45b780e445419a1741ee375f8e') in 0.013990 seconds 
Number of asset objects unloaded after import = 2
========================================================================
Received Import Request.
  Time since last request: 0.000027 seconds.
  path: Assets/Assets/HUD/Elements/5-3.png
  artifactKey: Guid(2c27af87857c5914da69d90d64b37794) Importer(815301076,1909f56bfc062723c751e8b465ee728b)
Number of updated assets reloaded before import = 0
Start importing Assets/Assets/HUD/Elements/5-3.png using Guid(2c27af87857c5914da69d90d64b37794) Importer(815301076,1909f56bfc062723c751e8b465ee728b)  -> (artifact id: 'c9486db3ff3beb223c51550f54f38383') in 0.010792 seconds 
Number of asset objects unloaded after import = 2
========================================================================
Received Import Request.
  Time since last request: 0.000015 seconds.
  path: Assets/Assets/HUD/Elements/5-2.png
  artifactKey: Guid(9f8b015764bf43844bfa5b1c04a378af) Importer(815301076,1909f56bfc062723c751e8b465ee728b)
Number of updated assets reloaded before import = 0
Start importing Assets/Assets/HUD/Elements/5-2.png using Guid(9f8b015764bf43844bfa5b1c04a378af) Importer(815301076,1909f56bfc062723c751e8b465ee728b)  -> (artifact id: '8fdf33013e633070a1e72f1cb347b1c5') in 0.011444 seconds 
Number of asset objects unloaded after import = 2
========================================================================
Received Import Request.
  Time since last request: 0.000019 seconds.
  path: Assets/Assets/HUD/Elements/13-3.png
  artifactKey: Guid(068f4583f2113e845971fcd3012cd5eb) Importer(815301076,1909f56bfc062723c751e8b465ee728b)
Number of updated assets reloaded before import = 0
Start importing Assets/Assets/HUD/Elements/13-3.png using Guid(068f4583f2113e845971fcd3012cd5eb) Importer(815301076,1909f56bfc062723c751e8b465ee728b)  -> (artifact id: 'be45826fae6f37bc54813199065ea20b') in 0.013263 seconds 
Number of asset objects unloaded after import = 2
========================================================================
Received Import Request.
  Time since last request: 0.000019 seconds.
  path: Assets/Assets/HUD/Elements/12-3.png
  artifactKey: Guid(addd336781bca844bb1cd2198ffd1a89) Importer(815301076,1909f56bfc062723c751e8b465ee728b)
Number of updated assets reloaded before import = 0
Start importing Assets/Assets/HUD/Elements/12-3.png using Guid(addd336781bca844bb1cd2198ffd1a89) Importer(815301076,1909f56bfc062723c751e8b465ee728b)  -> (artifact id: '24131e4c203b7e76f90f4fdd2cef9141') in 0.012411 seconds 
Number of asset objects unloaded after import = 2
========================================================================
Received Import Request.
  Time since last request: 0.000015 seconds.
  path: Assets/Assets/HUD/Elements/7-2.png
  artifactKey: Guid(9a69231d149883d49b08e7681c39bedf) Importer(815301076,1909f56bfc062723c751e8b465ee728b)
Number of updated assets reloaded before import = 0
Start importing Assets/Assets/HUD/Elements/7-2.png using Guid(9a69231d149883d49b08e7681c39bedf) Importer(815301076,1909f56bfc062723c751e8b465ee728b)  -> (artifact id: '38211b3549d751e69f02668cc3a8c86d') in 0.010558 seconds 
Number of asset objects unloaded after import = 2
========================================================================
Received Import Request.
  Time since last request: 4.664478 seconds.
  path: Assets/Assets/HUD/Elements/14-3.png
  artifactKey: Guid(2ece840038043324d836f90657f5b568) Importer(815301076,1909f56bfc062723c751e8b465ee728b)
Number of updated assets reloaded before import = 0
Start importing Assets/Assets/HUD/Elements/14-3.png using Guid(2ece840038043324d836f90657f5b568) Importer(815301076,1909f56bfc062723c751e8b465ee728b)  -> (artifact id: '54a53db184162f6f0dbdd76e5214ccb8') in 0.015789 seconds 
Number of asset objects unloaded after import = 2
========================================================================
Received Import Request.
  Time since last request: 0.000016 seconds.
  path: Assets/Assets/HUD/Elements/16-2.png
  artifactKey: Guid(af15f6baffd01a249bbdfa3339340b75) Importer(815301076,1909f56bfc062723c751e8b465ee728b)
Number of updated assets reloaded before import = 0
Start importing Assets/Assets/HUD/Elements/16-2.png using Guid(af15f6baffd01a249bbdfa3339340b75) Importer(815301076,1909f56bfc062723c751e8b465ee728b)  -> (artifact id: '5cd1aa9e90add5ff30be3c0419523e22') in 0.013405 seconds 
Number of asset objects unloaded after import = 2
========================================================================
Received Import Request.
  Time since last request: 17.307482 seconds.
  path: Assets/Assets/HUD/Elements/7-1.png
  artifactKey: Guid(d35652707d36e6349956f61ba4cc7be0) Importer(815301076,1909f56bfc062723c751e8b465ee728b)
Number of updated assets reloaded before import = 0
Start importing Assets/Assets/HUD/Elements/7-1.png using Guid(d35652707d36e6349956f61ba4cc7be0) Importer(815301076,1909f56bfc062723c751e8b465ee728b)  -> (artifact id: 'eb1a74224566008d46624241147f51ee') in 0.017082 seconds 
Number of asset objects unloaded after import = 3
========================================================================
Received Prepare
Registering precompiled user dll's ...
Registered in 0.003593 seconds.
Begin MonoManager ReloadAssembly
Native extension for WindowsStandalone target not found
Native extension for Android target not found
Native extension for WebGL target not found
Refreshing native plugins compatible for Editor in 0.61 ms, found 4 plugins.
Preloading 0 native plugins for Editor in 0.00 ms.
[Package Manager] Server::EnsureServerProcessIsRunning -- launch failed, reason: Unity was launched with the -noUpm command-line argument
[Package Manager] Cannot connect to Unity Package Manager local server
Mono: successfully reloaded assembly
- Completed reload, in  1.233 seconds
Domain Reload Profiling:
	ReloadAssembly (1234ms)
		BeginReloadAssembly (123ms)
			ExecutionOrderSort (0ms)
			DisableScriptedObjects (5ms)
			BackupInstance (0ms)
			ReleaseScriptingObjects (0ms)
			CreateAndSetChildDomain (32ms)
		EndReloadAssembly (1036ms)
			LoadAssemblies (82ms)
			RebuildTransferFunctionScriptingTraits (0ms)
			SetupTypeCache (217ms)
			ReleaseScriptCaches (1ms)
			RebuildScriptCaches (34ms)
			SetupLoadedEditorAssemblies (685ms)
				LogAssemblyErrors (0ms)
				InitializePlatformSupportModulesInManaged (11ms)
				SetLoadedEditorAssemblies (0ms)
				RefreshPlugins (1ms)
				BeforeProcessingInitializeOnLoad (44ms)
				ProcessInitializeOnLoadAttributes (592ms)
				ProcessInitializeOnLoadMethodAttributes (33ms)
				AfterProcessingInitializeOnLoad (4ms)
				EditorAssembliesLoaded (0ms)
			ExecutionOrderSort2 (0ms)
			AwakeInstancesAfterBackupRestoration (5ms)
Platform modules already initialized, skipping
Refreshing native plugins compatible for Editor in 0.69 ms, found 4 plugins.
Preloading 0 native plugins for Editor in 0.00 ms.
Unloading 3926 Unused Serialized files (Serialized files now loaded: 0)
Unloading 27 unused Assets / (21.9 KB). Loaded Objects now: 4435.
Memory consumption went from 153.0 MB to 153.0 MB.
Total: 2.423000 ms (FindLiveObjects: 0.209000 ms CreateObjectMapping: 0.142700 ms MarkObjects: 2.050200 ms  DeleteObjects: 0.020100 ms)

AssetImportParameters requested are different than current active one (requested -> active):
  custom:video-decoder-ogg-theora: a1e56fd34408186e4bbccfd4996cb3dc -> 
  custom:container-muxer-webm: aa71ff27fc2769a1b78a27578f13a17b -> 
  custom:container-demuxer-webm: 4f35f7cbe854078d1ac9338744f61a02 -> 
  custom:video-encoder-webm-vp8: eb34c28f22e8b96e1ab97ce403110664 -> 
  custom:video-codec-MediaFoundation-h265: 746d11721c4dcdbdad8f713fa42b33f4 -> 
  custom:CustomObjectIndexerAttribute: bc11b3a6c3213fcdd17b65e7da85e133 -> 
  custom:audio-encoder-webm-vorbis: bf7c407c2cedff20999df2af8eb42d56 -> 
  custom:framework-win-MediaFoundation: 216162199b28c13a410421893ffa2e32 -> 
  custom:SearchIndexIgnoredProperties: e643bd26f0fe6173181afceb89e7c659 -> 
  custom:container-demuxer-ogg: 62fdf1f143b41e24485cea50d1cbac27 -> 
  custom:video-decoder-webm-vp8: 9c59270c3fd7afecdb556c50c9e8de78 -> 
  custom:audio-decoder-ogg-vorbis: bf7c407c2cedff20999df2af8eb42d56 -> 
========================================================================
Received Prepare
Registering precompiled user dll's ...
Registered in 0.003708 seconds.
Begin MonoManager ReloadAssembly
Native extension for WindowsStandalone target not found
Native extension for Android target not found
Native extension for WebGL target not found
Refreshing native plugins compatible for Editor in 0.86 ms, found 4 plugins.
Preloading 0 native plugins for Editor in 0.00 ms.
[Package Manager] Server::EnsureServerProcessIsRunning -- launch failed, reason: Unity was launched with the -noUpm command-line argument
[Package Manager] Cannot connect to Unity Package Manager local server
Mono: successfully reloaded assembly
- Completed reload, in  1.223 seconds
Domain Reload Profiling:
	ReloadAssembly (1223ms)
		BeginReloadAssembly (120ms)
			ExecutionOrderSort (0ms)
			DisableScriptedObjects (5ms)
			BackupInstance (0ms)
			ReleaseScriptingObjects (0ms)
			CreateAndSetChildDomain (30ms)
		EndReloadAssembly (1029ms)
			LoadAssemblies (78ms)
			RebuildTransferFunctionScriptingTraits (0ms)
			SetupTypeCache (210ms)
			ReleaseScriptCaches (1ms)
			RebuildScriptCaches (38ms)
			SetupLoadedEditorAssemblies (687ms)
				LogAssemblyErrors (0ms)
				InitializePlatformSupportModulesInManaged (11ms)
				SetLoadedEditorAssemblies (0ms)
				RefreshPlugins (1ms)
				BeforeProcessingInitializeOnLoad (42ms)
				ProcessInitializeOnLoadAttributes (594ms)
				ProcessInitializeOnLoadMethodAttributes (34ms)
				AfterProcessingInitializeOnLoad (4ms)
				EditorAssembliesLoaded (0ms)
			ExecutionOrderSort2 (0ms)
			AwakeInstancesAfterBackupRestoration (6ms)
Platform modules already initialized, skipping
Refreshing native plugins compatible for Editor in 0.76 ms, found 4 plugins.
Preloading 0 native plugins for Editor in 0.00 ms.
Unloading 3926 Unused Serialized files (Serialized files now loaded: 0)
Unloading 27 unused Assets / (21.9 KB). Loaded Objects now: 4438.
Memory consumption went from 153.0 MB to 153.0 MB.
Total: 2.717100 ms (FindLiveObjects: 0.200500 ms CreateObjectMapping: 0.107200 ms MarkObjects: 2.386400 ms  DeleteObjects: 0.022000 ms)

AssetImportParameters requested are different than current active one (requested -> active):
  custom:video-decoder-ogg-theora: a1e56fd34408186e4bbccfd4996cb3dc -> 
  custom:container-muxer-webm: aa71ff27fc2769a1b78a27578f13a17b -> 
  custom:container-demuxer-webm: 4f35f7cbe854078d1ac9338744f61a02 -> 
  custom:video-encoder-webm-vp8: eb34c28f22e8b96e1ab97ce403110664 -> 
  custom:video-codec-MediaFoundation-h265: 746d11721c4dcdbdad8f713fa42b33f4 -> 
  custom:CustomObjectIndexerAttribute: bc11b3a6c3213fcdd17b65e7da85e133 -> 
  custom:audio-encoder-webm-vorbis: bf7c407c2cedff20999df2af8eb42d56 -> 
  custom:framework-win-MediaFoundation: 216162199b28c13a410421893ffa2e32 -> 
  custom:SearchIndexIgnoredProperties: e643bd26f0fe6173181afceb89e7c659 -> 
  custom:container-demuxer-ogg: 62fdf1f143b41e24485cea50d1cbac27 -> 
  custom:video-decoder-webm-vp8: 9c59270c3fd7afecdb556c50c9e8de78 -> 
  custom:audio-decoder-ogg-vorbis: bf7c407c2cedff20999df2af8eb42d56 -> 
========================================================================
Received Prepare
Registering precompiled user dll's ...
Registered in 0.004510 seconds.
Begin MonoManager ReloadAssembly
Native extension for WindowsStandalone target not found
Native extension for Android target not found
Native extension for WebGL target not found
Refreshing native plugins compatible for Editor in 0.59 ms, found 4 plugins.
Preloading 0 native plugins for Editor in 0.00 ms.
[Package Manager] Server::EnsureServerProcessIsRunning -- launch failed, reason: Unity was launched with the -noUpm command-line argument
[Package Manager] Cannot connect to Unity Package Manager local server
Mono: successfully reloaded assembly
- Completed reload, in  1.237 seconds
Domain Reload Profiling:
	ReloadAssembly (1238ms)
		BeginReloadAssembly (124ms)
			ExecutionOrderSort (0ms)
			DisableScriptedObjects (4ms)
			BackupInstance (0ms)
			ReleaseScriptingObjects (0ms)
			CreateAndSetChildDomain (32ms)
		EndReloadAssembly (1045ms)
			LoadAssemblies (85ms)
			RebuildTransferFunctionScriptingTraits (0ms)
			SetupTypeCache (223ms)
			ReleaseScriptCaches (1ms)
			RebuildScriptCaches (40ms)
			SetupLoadedEditorAssemblies (676ms)
				LogAssemblyErrors (0ms)
				InitializePlatformSupportModulesInManaged (11ms)
				SetLoadedEditorAssemblies (0ms)
				RefreshPlugins (1ms)
				BeforeProcessingInitializeOnLoad (46ms)
				ProcessInitializeOnLoadAttributes (582ms)
				ProcessInitializeOnLoadMethodAttributes (33ms)
				AfterProcessingInitializeOnLoad (4ms)
				EditorAssembliesLoaded (0ms)
			ExecutionOrderSort2 (0ms)
			AwakeInstancesAfterBackupRestoration (6ms)
Platform modules already initialized, skipping
Refreshing native plugins compatible for Editor in 0.75 ms, found 4 plugins.
Preloading 0 native plugins for Editor in 0.00 ms.
Unloading 3926 Unused Serialized files (Serialized files now loaded: 0)
Unloading 27 unused Assets / (21.9 KB). Loaded Objects now: 4441.
Memory consumption went from 153.0 MB to 153.0 MB.
Total: 2.383400 ms (FindLiveObjects: 0.194200 ms CreateObjectMapping: 0.091900 ms MarkObjects: 2.074400 ms  DeleteObjects: 0.022200 ms)

AssetImportParameters requested are different than current active one (requested -> active):
  custom:video-decoder-ogg-theora: a1e56fd34408186e4bbccfd4996cb3dc -> 
  custom:container-muxer-webm: aa71ff27fc2769a1b78a27578f13a17b -> 
  custom:container-demuxer-webm: 4f35f7cbe854078d1ac9338744f61a02 -> 
  custom:video-encoder-webm-vp8: eb34c28f22e8b96e1ab97ce403110664 -> 
  custom:video-codec-MediaFoundation-h265: 746d11721c4dcdbdad8f713fa42b33f4 -> 
  custom:CustomObjectIndexerAttribute: bc11b3a6c3213fcdd17b65e7da85e133 -> 
  custom:audio-encoder-webm-vorbis: bf7c407c2cedff20999df2af8eb42d56 -> 
  custom:framework-win-MediaFoundation: 216162199b28c13a410421893ffa2e32 -> 
  custom:SearchIndexIgnoredProperties: e643bd26f0fe6173181afceb89e7c659 -> 
  custom:container-demuxer-ogg: 62fdf1f143b41e24485cea50d1cbac27 -> 
  custom:video-decoder-webm-vp8: 9c59270c3fd7afecdb556c50c9e8de78 -> 
  custom:audio-decoder-ogg-vorbis: bf7c407c2cedff20999df2af8eb42d56 -> 
========================================================================
Received Prepare
Registering precompiled user dll's ...
Registered in 0.003807 seconds.
Begin MonoManager ReloadAssembly
Native extension for WindowsStandalone target not found
Native extension for Android target not found
Native extension for WebGL target not found
Refreshing native plugins compatible for Editor in 0.64 ms, found 4 plugins.
Preloading 0 native plugins for Editor in 0.00 ms.
[Package Manager] Server::EnsureServerProcessIsRunning -- launch failed, reason: Unity was launched with the -noUpm command-line argument
[Package Manager] Cannot connect to Unity Package Manager local server
Mono: successfully reloaded assembly
- Completed reload, in  1.225 seconds
Domain Reload Profiling:
	ReloadAssembly (1226ms)
		BeginReloadAssembly (132ms)
			ExecutionOrderSort (0ms)
			DisableScriptedObjects (4ms)
			BackupInstance (0ms)
			ReleaseScriptingObjects (0ms)
			CreateAndSetChildDomain (35ms)
		EndReloadAssembly (1029ms)
			LoadAssemblies (91ms)
			RebuildTransferFunctionScriptingTraits (0ms)
			SetupTypeCache (200ms)
			ReleaseScriptCaches (1ms)
			RebuildScriptCaches (38ms)
			SetupLoadedEditorAssemblies (693ms)
				LogAssemblyErrors (0ms)
				InitializePlatformSupportModulesInManaged (11ms)
				SetLoadedEditorAssemblies (0ms)
				RefreshPlugins (1ms)
				BeforeProcessingInitializeOnLoad (43ms)
				ProcessInitializeOnLoadAttributes (596ms)
				ProcessInitializeOnLoadMethodAttributes (36ms)
				AfterProcessingInitializeOnLoad (5ms)
				EditorAssembliesLoaded (0ms)
			ExecutionOrderSort2 (0ms)
			AwakeInstancesAfterBackupRestoration (6ms)
Platform modules already initialized, skipping
Refreshing native plugins compatible for Editor in 0.63 ms, found 4 plugins.
Preloading 0 native plugins for Editor in 0.00 ms.
Unloading 3926 Unused Serialized files (Serialized files now loaded: 0)
Unloading 27 unused Assets / (23.0 KB). Loaded Objects now: 4444.
Memory consumption went from 153.0 MB to 153.0 MB.
Total: 2.179000 ms (FindLiveObjects: 0.190300 ms CreateObjectMapping: 0.091000 ms MarkObjects: 1.874200 ms  DeleteObjects: 0.022200 ms)

AssetImportParameters requested are different than current active one (requested -> active):
  custom:video-decoder-ogg-theora: a1e56fd34408186e4bbccfd4996cb3dc -> 
  custom:container-muxer-webm: aa71ff27fc2769a1b78a27578f13a17b -> 
  custom:container-demuxer-webm: 4f35f7cbe854078d1ac9338744f61a02 -> 
  custom:video-encoder-webm-vp8: eb34c28f22e8b96e1ab97ce403110664 -> 
  custom:video-codec-MediaFoundation-h265: 746d11721c4dcdbdad8f713fa42b33f4 -> 
  custom:CustomObjectIndexerAttribute: bc11b3a6c3213fcdd17b65e7da85e133 -> 
  custom:audio-encoder-webm-vorbis: bf7c407c2cedff20999df2af8eb42d56 -> 
  custom:framework-win-MediaFoundation: 216162199b28c13a410421893ffa2e32 -> 
  custom:SearchIndexIgnoredProperties: e643bd26f0fe6173181afceb89e7c659 -> 
  custom:container-demuxer-ogg: 62fdf1f143b41e24485cea50d1cbac27 -> 
  custom:video-decoder-webm-vp8: 9c59270c3fd7afecdb556c50c9e8de78 -> 
  custom:audio-decoder-ogg-vorbis: bf7c407c2cedff20999df2af8eb42d56 -> 
========================================================================
Received Prepare
Registering precompiled user dll's ...
Registered in 0.003333 seconds.
Begin MonoManager ReloadAssembly
Native extension for WindowsStandalone target not found
Native extension for Android target not found
Native extension for WebGL target not found
Refreshing native plugins compatible for Editor in 0.70 ms, found 4 plugins.
Preloading 0 native plugins for Editor in 0.00 ms.
[Package Manager] Server::EnsureServerProcessIsRunning -- launch failed, reason: Unity was launched with the -noUpm command-line argument
[Package Manager] Cannot connect to Unity Package Manager local server
Mono: successfully reloaded assembly
- Completed reload, in  1.222 seconds
Domain Reload Profiling:
	ReloadAssembly (1223ms)
		BeginReloadAssembly (123ms)
			ExecutionOrderSort (0ms)
			DisableScriptedObjects (6ms)
			BackupInstance (0ms)
			ReleaseScriptingObjects (0ms)
			CreateAndSetChildDomain (30ms)
		EndReloadAssembly (1028ms)
			LoadAssemblies (82ms)
			RebuildTransferFunctionScriptingTraits (0ms)
			SetupTypeCache (208ms)
			ReleaseScriptCaches (1ms)
			RebuildScriptCaches (34ms)
			SetupLoadedEditorAssemblies (678ms)
				LogAssemblyErrors (0ms)
				InitializePlatformSupportModulesInManaged (13ms)
				SetLoadedEditorAssemblies (0ms)
				RefreshPlugins (1ms)
				BeforeProcessingInitializeOnLoad (51ms)
				ProcessInitializeOnLoadAttributes (574ms)
				ProcessInitializeOnLoadMethodAttributes (34ms)
				AfterProcessingInitializeOnLoad (4ms)
				EditorAssembliesLoaded (0ms)
			ExecutionOrderSort2 (0ms)
			AwakeInstancesAfterBackupRestoration (6ms)
Platform modules already initialized, skipping
Refreshing native plugins compatible for Editor in 0.62 ms, found 4 plugins.
Preloading 0 native plugins for Editor in 0.00 ms.
Unloading 3926 Unused Serialized files (Serialized files now loaded: 0)
Unloading 27 unused Assets / (21.9 KB). Loaded Objects now: 4447.
Memory consumption went from 153.0 MB to 153.0 MB.
Total: 2.528100 ms (FindLiveObjects: 0.210400 ms CreateObjectMapping: 0.099500 ms MarkObjects: 2.189600 ms  DeleteObjects: 0.027600 ms)

AssetImportParameters requested are different than current active one (requested -> active):
  custom:video-decoder-ogg-theora: a1e56fd34408186e4bbccfd4996cb3dc -> 
  custom:container-muxer-webm: aa71ff27fc2769a1b78a27578f13a17b -> 
  custom:container-demuxer-webm: 4f35f7cbe854078d1ac9338744f61a02 -> 
  custom:video-encoder-webm-vp8: eb34c28f22e8b96e1ab97ce403110664 -> 
  custom:video-codec-MediaFoundation-h265: 746d11721c4dcdbdad8f713fa42b33f4 -> 
  custom:CustomObjectIndexerAttribute: bc11b3a6c3213fcdd17b65e7da85e133 -> 
  custom:audio-encoder-webm-vorbis: bf7c407c2cedff20999df2af8eb42d56 -> 
  custom:framework-win-MediaFoundation: 216162199b28c13a410421893ffa2e32 -> 
  custom:SearchIndexIgnoredProperties: e643bd26f0fe6173181afceb89e7c659 -> 
  custom:container-demuxer-ogg: 62fdf1f143b41e24485cea50d1cbac27 -> 
  custom:video-decoder-webm-vp8: 9c59270c3fd7afecdb556c50c9e8de78 -> 
  custom:audio-decoder-ogg-vorbis: bf7c407c2cedff20999df2af8eb42d56 -> 
========================================================================
Received Prepare
Registering precompiled user dll's ...
Registered in 0.003480 seconds.
Begin MonoManager ReloadAssembly
Native extension for WindowsStandalone target not found
Native extension for Android target not found
Native extension for WebGL target not found
Refreshing native plugins compatible for Editor in 0.81 ms, found 4 plugins.
Preloading 0 native plugins for Editor in 0.00 ms.
[Package Manager] Server::EnsureServerProcessIsRunning -- launch failed, reason: Unity was launched with the -noUpm command-line argument
[Package Manager] Cannot connect to Unity Package Manager local server
Mono: successfully reloaded assembly
- Completed reload, in  1.239 seconds
Domain Reload Profiling:
	ReloadAssembly (1239ms)
		BeginReloadAssembly (133ms)
			ExecutionOrderSort (0ms)
			DisableScriptedObjects (6ms)
			BackupInstance (0ms)
			ReleaseScriptingObjects (0ms)
			CreateAndSetChildDomain (35ms)
		EndReloadAssembly (1037ms)
			LoadAssemblies (90ms)
			RebuildTransferFunctionScriptingTraits (0ms)
			SetupTypeCache (212ms)
			ReleaseScriptCaches (1ms)
			RebuildScriptCaches (36ms)
			SetupLoadedEditorAssemblies (682ms)
				LogAssemblyErrors (0ms)
				InitializePlatformSupportModulesInManaged (11ms)
				SetLoadedEditorAssemblies (0ms)
				RefreshPlugins (1ms)
				BeforeProcessingInitializeOnLoad (44ms)
				ProcessInitializeOnLoadAttributes (587ms)
				ProcessInitializeOnLoadMethodAttributes (35ms)
				AfterProcessingInitializeOnLoad (4ms)
				EditorAssembliesLoaded (0ms)
			ExecutionOrderSort2 (0ms)
			AwakeInstancesAfterBackupRestoration (7ms)
Platform modules already initialized, skipping
Refreshing native plugins compatible for Editor in 0.74 ms, found 4 plugins.
Preloading 0 native plugins for Editor in 0.00 ms.
Unloading 3926 Unused Serialized files (Serialized files now loaded: 0)
Unloading 27 unused Assets / (21.9 KB). Loaded Objects now: 4450.
Memory consumption went from 153.0 MB to 153.0 MB.
Total: 2.348800 ms (FindLiveObjects: 0.199100 ms CreateObjectMapping: 0.098400 ms MarkObjects: 2.028700 ms  DeleteObjects: 0.021600 ms)

AssetImportParameters requested are different than current active one (requested -> active):
  custom:video-decoder-ogg-theora: a1e56fd34408186e4bbccfd4996cb3dc -> 
  custom:container-muxer-webm: aa71ff27fc2769a1b78a27578f13a17b -> 
  custom:container-demuxer-webm: 4f35f7cbe854078d1ac9338744f61a02 -> 
  custom:video-encoder-webm-vp8: eb34c28f22e8b96e1ab97ce403110664 -> 
  custom:video-codec-MediaFoundation-h265: 746d11721c4dcdbdad8f713fa42b33f4 -> 
  custom:CustomObjectIndexerAttribute: bc11b3a6c3213fcdd17b65e7da85e133 -> 
  custom:audio-encoder-webm-vorbis: bf7c407c2cedff20999df2af8eb42d56 -> 
  custom:framework-win-MediaFoundation: 216162199b28c13a410421893ffa2e32 -> 
  custom:SearchIndexIgnoredProperties: e643bd26f0fe6173181afceb89e7c659 -> 
  custom:container-demuxer-ogg: 62fdf1f143b41e24485cea50d1cbac27 -> 
  custom:video-decoder-webm-vp8: 9c59270c3fd7afecdb556c50c9e8de78 -> 
  custom:audio-decoder-ogg-vorbis: bf7c407c2cedff20999df2af8eb42d56 -> 
========================================================================
Received Prepare
Registering precompiled user dll's ...
Registered in 0.005145 seconds.
Begin MonoManager ReloadAssembly
Native extension for WindowsStandalone target not found
Native extension for Android target not found
Native extension for WebGL target not found
Refreshing native plugins compatible for Editor in 0.61 ms, found 4 plugins.
Preloading 0 native plugins for Editor in 0.00 ms.
[Package Manager] Server::EnsureServerProcessIsRunning -- launch failed, reason: Unity was launched with the -noUpm command-line argument
[Package Manager] Cannot connect to Unity Package Manager local server
Mono: successfully reloaded assembly
- Completed reload, in  1.226 seconds
Domain Reload Profiling:
	ReloadAssembly (1227ms)
		BeginReloadAssembly (127ms)
			ExecutionOrderSort (0ms)
			DisableScriptedObjects (4ms)
			BackupInstance (0ms)
			ReleaseScriptingObjects (0ms)
			CreateAndSetChildDomain (31ms)
		EndReloadAssembly (1021ms)
			LoadAssemblies (92ms)
			RebuildTransferFunctionScriptingTraits (0ms)
			SetupTypeCache (203ms)
			ReleaseScriptCaches (1ms)
			RebuildScriptCaches (34ms)
			SetupLoadedEditorAssemblies (675ms)
				LogAssemblyErrors (0ms)
				InitializePlatformSupportModulesInManaged (13ms)
				SetLoadedEditorAssemblies (0ms)
				RefreshPlugins (1ms)
				BeforeProcessingInitializeOnLoad (47ms)
				ProcessInitializeOnLoadAttributes (574ms)
				ProcessInitializeOnLoadMethodAttributes (35ms)
				AfterProcessingInitializeOnLoad (4ms)
				EditorAssembliesLoaded (0ms)
			ExecutionOrderSort2 (0ms)
			AwakeInstancesAfterBackupRestoration (6ms)
Platform modules already initialized, skipping
Refreshing native plugins compatible for Editor in 0.77 ms, found 4 plugins.
Preloading 0 native plugins for Editor in 0.00 ms.
Unloading 3926 Unused Serialized files (Serialized files now loaded: 0)
Unloading 27 unused Assets / (22.0 KB). Loaded Objects now: 4453.
Memory consumption went from 153.0 MB to 153.0 MB.
Total: 2.811900 ms (FindLiveObjects: 0.262600 ms CreateObjectMapping: 0.171400 ms MarkObjects: 2.354500 ms  DeleteObjects: 0.022800 ms)

AssetImportParameters requested are different than current active one (requested -> active):
  custom:video-decoder-ogg-theora: a1e56fd34408186e4bbccfd4996cb3dc -> 
  custom:container-muxer-webm: aa71ff27fc2769a1b78a27578f13a17b -> 
  custom:container-demuxer-webm: 4f35f7cbe854078d1ac9338744f61a02 -> 
  custom:video-encoder-webm-vp8: eb34c28f22e8b96e1ab97ce403110664 -> 
  custom:video-codec-MediaFoundation-h265: 746d11721c4dcdbdad8f713fa42b33f4 -> 
  custom:CustomObjectIndexerAttribute: bc11b3a6c3213fcdd17b65e7da85e133 -> 
  custom:audio-encoder-webm-vorbis: bf7c407c2cedff20999df2af8eb42d56 -> 
  custom:framework-win-MediaFoundation: 216162199b28c13a410421893ffa2e32 -> 
  custom:SearchIndexIgnoredProperties: e643bd26f0fe6173181afceb89e7c659 -> 
  custom:container-demuxer-ogg: 62fdf1f143b41e24485cea50d1cbac27 -> 
  custom:video-decoder-webm-vp8: 9c59270c3fd7afecdb556c50c9e8de78 -> 
  custom:audio-decoder-ogg-vorbis: bf7c407c2cedff20999df2af8eb42d56 -> 
========================================================================
Received Prepare
Registering precompiled user dll's ...
Registered in 0.004728 seconds.
Begin MonoManager ReloadAssembly
Native extension for WindowsStandalone target not found
Native extension for Android target not found
Native extension for WebGL target not found
Refreshing native plugins compatible for Editor in 0.68 ms, found 4 plugins.
Preloading 0 native plugins for Editor in 0.00 ms.
[Package Manager] Server::EnsureServerProcessIsRunning -- launch failed, reason: Unity was launched with the -noUpm command-line argument
[Package Manager] Cannot connect to Unity Package Manager local server
Mono: successfully reloaded assembly
- Completed reload, in  1.210 seconds
Domain Reload Profiling:
	ReloadAssembly (1210ms)
		BeginReloadAssembly (122ms)
			ExecutionOrderSort (0ms)
			DisableScriptedObjects (4ms)
			BackupInstance (0ms)
			ReleaseScriptingObjects (0ms)
			CreateAndSetChildDomain (28ms)
		EndReloadAssembly (1016ms)
			LoadAssemblies (86ms)
			RebuildTransferFunctionScriptingTraits (0ms)
			SetupTypeCache (207ms)
			ReleaseScriptCaches (1ms)
			RebuildScriptCaches (37ms)
			SetupLoadedEditorAssemblies (671ms)
				LogAssemblyErrors (0ms)
				InitializePlatformSupportModulesInManaged (13ms)
				SetLoadedEditorAssemblies (0ms)
				RefreshPlugins (1ms)
				BeforeProcessingInitializeOnLoad (43ms)
				ProcessInitializeOnLoadAttributes (575ms)
				ProcessInitializeOnLoadMethodAttributes (34ms)
				AfterProcessingInitializeOnLoad (5ms)
				EditorAssembliesLoaded (0ms)
			ExecutionOrderSort2 (0ms)
			AwakeInstancesAfterBackupRestoration (6ms)
Platform modules already initialized, skipping
Refreshing native plugins compatible for Editor in 0.70 ms, found 4 plugins.
Preloading 0 native plugins for Editor in 0.00 ms.
Unloading 3926 Unused Serialized files (Serialized files now loaded: 0)
Unloading 27 unused Assets / (21.9 KB). Loaded Objects now: 4456.
Memory consumption went from 153.0 MB to 153.0 MB.
Total: 2.333500 ms (FindLiveObjects: 0.204000 ms CreateObjectMapping: 0.096300 ms MarkObjects: 2.008600 ms  DeleteObjects: 0.023500 ms)

AssetImportParameters requested are different than current active one (requested -> active):
  custom:video-decoder-ogg-theora: a1e56fd34408186e4bbccfd4996cb3dc -> 
  custom:container-muxer-webm: aa71ff27fc2769a1b78a27578f13a17b -> 
  custom:container-demuxer-webm: 4f35f7cbe854078d1ac9338744f61a02 -> 
  custom:video-encoder-webm-vp8: eb34c28f22e8b96e1ab97ce403110664 -> 
  custom:video-codec-MediaFoundation-h265: 746d11721c4dcdbdad8f713fa42b33f4 -> 
  custom:CustomObjectIndexerAttribute: bc11b3a6c3213fcdd17b65e7da85e133 -> 
  custom:audio-encoder-webm-vorbis: bf7c407c2cedff20999df2af8eb42d56 -> 
  custom:framework-win-MediaFoundation: 216162199b28c13a410421893ffa2e32 -> 
  custom:SearchIndexIgnoredProperties: e643bd26f0fe6173181afceb89e7c659 -> 
  custom:container-demuxer-ogg: 62fdf1f143b41e24485cea50d1cbac27 -> 
  custom:video-decoder-webm-vp8: 9c59270c3fd7afecdb556c50c9e8de78 -> 
  custom:audio-decoder-ogg-vorbis: bf7c407c2cedff20999df2af8eb42d56 -> 
========================================================================
Received Prepare
Registering precompiled user dll's ...
Registered in 0.004630 seconds.
Begin MonoManager ReloadAssembly
Native extension for WindowsStandalone target not found
Native extension for Android target not found
Native extension for WebGL target not found
Refreshing native plugins compatible for Editor in 0.57 ms, found 4 plugins.
Preloading 0 native plugins for Editor in 0.00 ms.
[Package Manager] Server::EnsureServerProcessIsRunning -- launch failed, reason: Unity was launched with the -noUpm command-line argument
[Package Manager] Cannot connect to Unity Package Manager local server
Mono: successfully reloaded assembly
- Completed reload, in  1.229 seconds
Domain Reload Profiling:
	ReloadAssembly (1229ms)
		BeginReloadAssembly (118ms)
			ExecutionOrderSort (0ms)
			DisableScriptedObjects (5ms)
			BackupInstance (0ms)
			ReleaseScriptingObjects (0ms)
			CreateAndSetChildDomain (26ms)
		EndReloadAssembly (1044ms)
			LoadAssemblies (84ms)
			RebuildTransferFunctionScriptingTraits (0ms)
			SetupTypeCache (231ms)
			ReleaseScriptCaches (1ms)
			RebuildScriptCaches (36ms)
			SetupLoadedEditorAssemblies (673ms)
				LogAssemblyErrors (0ms)
				InitializePlatformSupportModulesInManaged (10ms)
				SetLoadedEditorAssemblies (0ms)
				RefreshPlugins (1ms)
				BeforeProcessingInitializeOnLoad (45ms)
				ProcessInitializeOnLoadAttributes (580ms)
				ProcessInitializeOnLoadMethodAttributes (33ms)
				AfterProcessingInitializeOnLoad (5ms)
				EditorAssembliesLoaded (0ms)
			ExecutionOrderSort2 (0ms)
			AwakeInstancesAfterBackupRestoration (7ms)
Platform modules already initialized, skipping
Refreshing native plugins compatible for Editor in 0.73 ms, found 4 plugins.
Preloading 0 native plugins for Editor in 0.00 ms.
Unloading 3926 Unused Serialized files (Serialized files now loaded: 0)
Unloading 27 unused Assets / (22.0 KB). Loaded Objects now: 4459.
Memory consumption went from 153.1 MB to 153.0 MB.
Total: 2.885400 ms (FindLiveObjects: 0.212200 ms CreateObjectMapping: 0.144600 ms MarkObjects: 2.503500 ms  DeleteObjects: 0.024200 ms)

AssetImportParameters requested are different than current active one (requested -> active):
  custom:video-decoder-ogg-theora: a1e56fd34408186e4bbccfd4996cb3dc -> 
  custom:container-muxer-webm: aa71ff27fc2769a1b78a27578f13a17b -> 
  custom:container-demuxer-webm: 4f35f7cbe854078d1ac9338744f61a02 -> 
  custom:video-encoder-webm-vp8: eb34c28f22e8b96e1ab97ce403110664 -> 
  custom:video-codec-MediaFoundation-h265: 746d11721c4dcdbdad8f713fa42b33f4 -> 
  custom:CustomObjectIndexerAttribute: bc11b3a6c3213fcdd17b65e7da85e133 -> 
  custom:audio-encoder-webm-vorbis: bf7c407c2cedff20999df2af8eb42d56 -> 
  custom:framework-win-MediaFoundation: 216162199b28c13a410421893ffa2e32 -> 
  custom:SearchIndexIgnoredProperties: e643bd26f0fe6173181afceb89e7c659 -> 
  custom:container-demuxer-ogg: 62fdf1f143b41e24485cea50d1cbac27 -> 
  custom:video-decoder-webm-vp8: 9c59270c3fd7afecdb556c50c9e8de78 -> 
  custom:audio-decoder-ogg-vorbis: bf7c407c2cedff20999df2af8eb42d56 -> 
========================================================================
Received Prepare
Registering precompiled user dll's ...
Registered in 0.004308 seconds.
Begin MonoManager ReloadAssembly
Native extension for WindowsStandalone target not found
Native extension for Android target not found
Native extension for WebGL target not found
Refreshing native plugins compatible for Editor in 0.61 ms, found 4 plugins.
Preloading 0 native plugins for Editor in 0.00 ms.
[Package Manager] Server::EnsureServerProcessIsRunning -- launch failed, reason: Unity was launched with the -noUpm command-line argument
[Package Manager] Cannot connect to Unity Package Manager local server
Mono: successfully reloaded assembly
- Completed reload, in  1.233 seconds
Domain Reload Profiling:
	ReloadAssembly (1233ms)
		BeginReloadAssembly (120ms)
			ExecutionOrderSort (0ms)
			DisableScriptedObjects (4ms)
			BackupInstance (0ms)
			ReleaseScriptingObjects (0ms)
			CreateAndSetChildDomain (30ms)
		EndReloadAssembly (1048ms)
			LoadAssemblies (87ms)
			RebuildTransferFunctionScriptingTraits (0ms)
			SetupTypeCache (215ms)
			ReleaseScriptCaches (1ms)
			RebuildScriptCaches (35ms)
			SetupLoadedEditorAssemblies (685ms)
				LogAssemblyErrors (0ms)
				InitializePlatformSupportModulesInManaged (11ms)
				SetLoadedEditorAssemblies (0ms)
				RefreshPlugins (1ms)
				BeforeProcessingInitializeOnLoad (54ms)
				ProcessInitializeOnLoadAttributes (578ms)
				ProcessInitializeOnLoadMethodAttributes (36ms)
				AfterProcessingInitializeOnLoad (4ms)
				EditorAssembliesLoaded (0ms)
			ExecutionOrderSort2 (0ms)
			AwakeInstancesAfterBackupRestoration (6ms)
Platform modules already initialized, skipping
Refreshing native plugins compatible for Editor in 0.66 ms, found 4 plugins.
Preloading 0 native plugins for Editor in 0.00 ms.
Unloading 3926 Unused Serialized files (Serialized files now loaded: 0)
Unloading 27 unused Assets / (22.0 KB). Loaded Objects now: 4462.
Memory consumption went from 153.1 MB to 153.0 MB.
Total: 2.768600 ms (FindLiveObjects: 0.333800 ms CreateObjectMapping: 0.141000 ms MarkObjects: 2.266600 ms  DeleteObjects: 0.026200 ms)

AssetImportParameters requested are different than current active one (requested -> active):
  custom:video-decoder-ogg-theora: a1e56fd34408186e4bbccfd4996cb3dc -> 
  custom:container-muxer-webm: aa71ff27fc2769a1b78a27578f13a17b -> 
  custom:container-demuxer-webm: 4f35f7cbe854078d1ac9338744f61a02 -> 
  custom:video-encoder-webm-vp8: eb34c28f22e8b96e1ab97ce403110664 -> 
  custom:video-codec-MediaFoundation-h265: 746d11721c4dcdbdad8f713fa42b33f4 -> 
  custom:CustomObjectIndexerAttribute: bc11b3a6c3213fcdd17b65e7da85e133 -> 
  custom:audio-encoder-webm-vorbis: bf7c407c2cedff20999df2af8eb42d56 -> 
  custom:framework-win-MediaFoundation: 216162199b28c13a410421893ffa2e32 -> 
  custom:SearchIndexIgnoredProperties: e643bd26f0fe6173181afceb89e7c659 -> 
  custom:container-demuxer-ogg: 62fdf1f143b41e24485cea50d1cbac27 -> 
  custom:video-decoder-webm-vp8: 9c59270c3fd7afecdb556c50c9e8de78 -> 
  custom:audio-decoder-ogg-vorbis: bf7c407c2cedff20999df2af8eb42d56 -> 
========================================================================
Received Prepare
Registering precompiled user dll's ...
Registered in 0.004154 seconds.
Begin MonoManager ReloadAssembly
Native extension for WindowsStandalone target not found
Native extension for Android target not found
Native extension for WebGL target not found
Refreshing native plugins compatible for Editor in 0.79 ms, found 4 plugins.
Preloading 0 native plugins for Editor in 0.00 ms.
[Package Manager] Server::EnsureServerProcessIsRunning -- launch failed, reason: Unity was launched with the -noUpm command-line argument
[Package Manager] Cannot connect to Unity Package Manager local server
Mono: successfully reloaded assembly
- Completed reload, in  1.217 seconds
Domain Reload Profiling:
	ReloadAssembly (1217ms)
		BeginReloadAssembly (122ms)
			ExecutionOrderSort (0ms)
			DisableScriptedObjects (4ms)
			BackupInstance (0ms)
			ReleaseScriptingObjects (0ms)
			CreateAndSetChildDomain (26ms)
		EndReloadAssembly (1023ms)
			LoadAssemblies (92ms)
			RebuildTransferFunctionScriptingTraits (0ms)
			SetupTypeCache (207ms)
			ReleaseScriptCaches (1ms)
			RebuildScriptCaches (36ms)
			SetupLoadedEditorAssemblies (684ms)
				LogAssemblyErrors (0ms)
				InitializePlatformSupportModulesInManaged (10ms)
				SetLoadedEditorAssemblies (0ms)
				RefreshPlugins (1ms)
				BeforeProcessingInitializeOnLoad (42ms)
				ProcessInitializeOnLoadAttributes (595ms)
				ProcessInitializeOnLoadMethodAttributes (32ms)
				AfterProcessingInitializeOnLoad (3ms)
				EditorAssembliesLoaded (0ms)
			ExecutionOrderSort2 (0ms)
			AwakeInstancesAfterBackupRestoration (4ms)
Platform modules already initialized, skipping
Refreshing native plugins compatible for Editor in 0.82 ms, found 4 plugins.
Preloading 0 native plugins for Editor in 0.00 ms.
Unloading 3926 Unused Serialized files (Serialized files now loaded: 0)
Unloading 27 unused Assets / (22.0 KB). Loaded Objects now: 4465.
Memory consumption went from 153.1 MB to 153.0 MB.
Total: 2.336600 ms (FindLiveObjects: 0.191900 ms CreateObjectMapping: 0.091300 ms MarkObjects: 2.028900 ms  DeleteObjects: 0.023800 ms)

AssetImportParameters requested are different than current active one (requested -> active):
  custom:video-decoder-ogg-theora: a1e56fd34408186e4bbccfd4996cb3dc -> 
  custom:container-muxer-webm: aa71ff27fc2769a1b78a27578f13a17b -> 
  custom:container-demuxer-webm: 4f35f7cbe854078d1ac9338744f61a02 -> 
  custom:video-encoder-webm-vp8: eb34c28f22e8b96e1ab97ce403110664 -> 
  custom:video-codec-MediaFoundation-h265: 746d11721c4dcdbdad8f713fa42b33f4 -> 
  custom:CustomObjectIndexerAttribute: bc11b3a6c3213fcdd17b65e7da85e133 -> 
  custom:audio-encoder-webm-vorbis: bf7c407c2cedff20999df2af8eb42d56 -> 
  custom:framework-win-MediaFoundation: 216162199b28c13a410421893ffa2e32 -> 
  custom:SearchIndexIgnoredProperties: e643bd26f0fe6173181afceb89e7c659 -> 
  custom:container-demuxer-ogg: 62fdf1f143b41e24485cea50d1cbac27 -> 
  custom:video-decoder-webm-vp8: 9c59270c3fd7afecdb556c50c9e8de78 -> 
  custom:audio-decoder-ogg-vorbis: bf7c407c2cedff20999df2af8eb42d56 -> 
========================================================================
Received Prepare
Registering precompiled user dll's ...
Registered in 0.003345 seconds.
Begin MonoManager ReloadAssembly
Native extension for WindowsStandalone target not found
Native extension for Android target not found
Native extension for WebGL target not found
Refreshing native plugins compatible for Editor in 0.65 ms, found 4 plugins.
Preloading 0 native plugins for Editor in 0.00 ms.
[Package Manager] Server::EnsureServerProcessIsRunning -- launch failed, reason: Unity was launched with the -noUpm command-line argument
[Package Manager] Cannot connect to Unity Package Manager local server
Mono: successfully reloaded assembly
- Completed reload, in  1.189 seconds
Domain Reload Profiling:
	ReloadAssembly (1190ms)
		BeginReloadAssembly (134ms)
			ExecutionOrderSort (0ms)
			DisableScriptedObjects (4ms)
			BackupInstance (0ms)
			ReleaseScriptingObjects (0ms)
			CreateAndSetChildDomain (36ms)
		EndReloadAssembly (984ms)
			LoadAssemblies (90ms)
			RebuildTransferFunctionScriptingTraits (0ms)
			SetupTypeCache (199ms)
			ReleaseScriptCaches (1ms)
			RebuildScriptCaches (33ms)
			SetupLoadedEditorAssemblies (660ms)
				LogAssemblyErrors (0ms)
				InitializePlatformSupportModulesInManaged (12ms)
				SetLoadedEditorAssemblies (0ms)
				RefreshPlugins (1ms)
				BeforeProcessingInitializeOnLoad (52ms)
				ProcessInitializeOnLoadAttributes (567ms)
				ProcessInitializeOnLoadMethodAttributes (24ms)
				AfterProcessingInitializeOnLoad (3ms)
				EditorAssembliesLoaded (0ms)
			ExecutionOrderSort2 (0ms)
			AwakeInstancesAfterBackupRestoration (4ms)
Platform modules already initialized, skipping
Refreshing native plugins compatible for Editor in 0.69 ms, found 4 plugins.
Preloading 0 native plugins for Editor in 0.00 ms.
Unloading 3926 Unused Serialized files (Serialized files now loaded: 0)
Unloading 27 unused Assets / (22.0 KB). Loaded Objects now: 4468.
Memory consumption went from 153.1 MB to 153.1 MB.
Total: 2.529200 ms (FindLiveObjects: 0.229600 ms CreateObjectMapping: 0.132400 ms MarkObjects: 2.143100 ms  DeleteObjects: 0.023000 ms)

AssetImportParameters requested are different than current active one (requested -> active):
  custom:video-decoder-ogg-theora: a1e56fd34408186e4bbccfd4996cb3dc -> 
  custom:container-muxer-webm: aa71ff27fc2769a1b78a27578f13a17b -> 
  custom:container-demuxer-webm: 4f35f7cbe854078d1ac9338744f61a02 -> 
  custom:video-encoder-webm-vp8: eb34c28f22e8b96e1ab97ce403110664 -> 
  custom:video-codec-MediaFoundation-h265: 746d11721c4dcdbdad8f713fa42b33f4 -> 
  custom:CustomObjectIndexerAttribute: bc11b3a6c3213fcdd17b65e7da85e133 -> 
  custom:audio-encoder-webm-vorbis: bf7c407c2cedff20999df2af8eb42d56 -> 
  custom:framework-win-MediaFoundation: 216162199b28c13a410421893ffa2e32 -> 
  custom:SearchIndexIgnoredProperties: e643bd26f0fe6173181afceb89e7c659 -> 
  custom:container-demuxer-ogg: 62fdf1f143b41e24485cea50d1cbac27 -> 
  custom:video-decoder-webm-vp8: 9c59270c3fd7afecdb556c50c9e8de78 -> 
  custom:audio-decoder-ogg-vorbis: bf7c407c2cedff20999df2af8eb42d56 -> 
========================================================================
Received Prepare
Registering precompiled user dll's ...
Registered in 0.003688 seconds.
Begin MonoManager ReloadAssembly
Native extension for WindowsStandalone target not found
Native extension for Android target not found
Native extension for WebGL target not found
Refreshing native plugins compatible for Editor in 0.65 ms, found 4 plugins.
Preloading 0 native plugins for Editor in 0.00 ms.
[Package Manager] Server::EnsureServerProcessIsRunning -- launch failed, reason: Unity was launched with the -noUpm command-line argument
[Package Manager] Cannot connect to Unity Package Manager local server
Mono: successfully reloaded assembly
- Completed reload, in  1.227 seconds
Domain Reload Profiling:
	ReloadAssembly (1227ms)
		BeginReloadAssembly (122ms)
			ExecutionOrderSort (0ms)
			DisableScriptedObjects (4ms)
			BackupInstance (0ms)
			ReleaseScriptingObjects (0ms)
			CreateAndSetChildDomain (30ms)
		EndReloadAssembly (1035ms)
			LoadAssemblies (84ms)
			RebuildTransferFunctionScriptingTraits (0ms)
			SetupTypeCache (229ms)
			ReleaseScriptCaches (1ms)
			RebuildScriptCaches (36ms)
			SetupLoadedEditorAssemblies (662ms)
				LogAssemblyErrors (0ms)
				InitializePlatformSupportModulesInManaged (11ms)
				SetLoadedEditorAssemblies (0ms)
				RefreshPlugins (1ms)
				BeforeProcessingInitializeOnLoad (44ms)
				ProcessInitializeOnLoadAttributes (568ms)
				ProcessInitializeOnLoadMethodAttributes (33ms)
				AfterProcessingInitializeOnLoad (5ms)
				EditorAssembliesLoaded (0ms)
			ExecutionOrderSort2 (0ms)
			AwakeInstancesAfterBackupRestoration (6ms)
Platform modules already initialized, skipping
Refreshing native plugins compatible for Editor in 0.87 ms, found 4 plugins.
Preloading 0 native plugins for Editor in 0.00 ms.
Unloading 3926 Unused Serialized files (Serialized files now loaded: 0)
Unloading 27 unused Assets / (22.0 KB). Loaded Objects now: 4471.
Memory consumption went from 153.1 MB to 153.1 MB.
Total: 2.741600 ms (FindLiveObjects: 0.236300 ms CreateObjectMapping: 0.143600 ms MarkObjects: 2.338200 ms  DeleteObjects: 0.022600 ms)

AssetImportParameters requested are different than current active one (requested -> active):
  custom:video-decoder-ogg-theora: a1e56fd34408186e4bbccfd4996cb3dc -> 
  custom:container-muxer-webm: aa71ff27fc2769a1b78a27578f13a17b -> 
  custom:container-demuxer-webm: 4f35f7cbe854078d1ac9338744f61a02 -> 
  custom:video-encoder-webm-vp8: eb34c28f22e8b96e1ab97ce403110664 -> 
  custom:video-codec-MediaFoundation-h265: 746d11721c4dcdbdad8f713fa42b33f4 -> 
  custom:CustomObjectIndexerAttribute: bc11b3a6c3213fcdd17b65e7da85e133 -> 
  custom:audio-encoder-webm-vorbis: bf7c407c2cedff20999df2af8eb42d56 -> 
  custom:framework-win-MediaFoundation: 216162199b28c13a410421893ffa2e32 -> 
  custom:SearchIndexIgnoredProperties: e643bd26f0fe6173181afceb89e7c659 -> 
  custom:container-demuxer-ogg: 62fdf1f143b41e24485cea50d1cbac27 -> 
  custom:video-decoder-webm-vp8: 9c59270c3fd7afecdb556c50c9e8de78 -> 
  custom:audio-decoder-ogg-vorbis: bf7c407c2cedff20999df2af8eb42d56 -> 
========================================================================
Received Import Request.
  Time since last request: 1593.117242 seconds.
  path: ProjectSettings/TagManager.asset
  artifactKey: Guid(00000000000000003000000000000000) Importer(815301076,1909f56bfc062723c751e8b465ee728b)
Number of updated assets reloaded before import = 0
Start importing ProjectSettings/TagManager.asset using Guid(00000000000000003000000000000000) Importer(815301076,1909f56bfc062723c751e8b465ee728b)  -> (artifact id: '5269872dff0b0b7c55f11df7fb26d66f') in 0.025223 seconds 
Number of asset objects unloaded after import = 0
========================================================================
Received Prepare
Registering precompiled user dll's ...
Registered in 0.003543 seconds.
Begin MonoManager ReloadAssembly
Native extension for WindowsStandalone target not found
Native extension for Android target not found
Native extension for WebGL target not found
Refreshing native plugins compatible for Editor in 0.60 ms, found 4 plugins.
Preloading 0 native plugins for Editor in 0.00 ms.
[Package Manager] Server::EnsureServerProcessIsRunning -- launch failed, reason: Unity was launched with the -noUpm command-line argument
[Package Manager] Cannot connect to Unity Package Manager local server
Mono: successfully reloaded assembly
- Completed reload, in  1.219 seconds
Domain Reload Profiling:
	ReloadAssembly (1220ms)
		BeginReloadAssembly (136ms)
			ExecutionOrderSort (0ms)
			DisableScriptedObjects (4ms)
			BackupInstance (0ms)
			ReleaseScriptingObjects (0ms)
			CreateAndSetChildDomain (30ms)
		EndReloadAssembly (1010ms)
			LoadAssemblies (99ms)
			RebuildTransferFunctionScriptingTraits (0ms)
			SetupTypeCache (210ms)
			ReleaseScriptCaches (1ms)
			RebuildScriptCaches (31ms)
			SetupLoadedEditorAssemblies (672ms)
				LogAssemblyErrors (0ms)
				InitializePlatformSupportModulesInManaged (11ms)
				SetLoadedEditorAssemblies (0ms)
				RefreshPlugins (1ms)
				BeforeProcessingInitializeOnLoad (40ms)
				ProcessInitializeOnLoadAttributes (591ms)
				ProcessInitializeOnLoadMethodAttributes (27ms)
				AfterProcessingInitializeOnLoad (3ms)
				EditorAssembliesLoaded (0ms)
			ExecutionOrderSort2 (0ms)
			AwakeInstancesAfterBackupRestoration (5ms)
Platform modules already initialized, skipping
Refreshing native plugins compatible for Editor in 0.78 ms, found 4 plugins.
Preloading 0 native plugins for Editor in 0.00 ms.
Unloading 3926 Unused Serialized files (Serialized files now loaded: 0)
Unloading 28 unused Assets / (21.9 KB). Loaded Objects now: 4474.
Memory consumption went from 153.1 MB to 153.1 MB.
Total: 2.386200 ms (FindLiveObjects: 0.208500 ms CreateObjectMapping: 0.094300 ms MarkObjects: 2.058600 ms  DeleteObjects: 0.024000 ms)

AssetImportParameters requested are different than current active one (requested -> active):
  custom:video-decoder-ogg-theora: a1e56fd34408186e4bbccfd4996cb3dc -> 
  custom:container-muxer-webm: aa71ff27fc2769a1b78a27578f13a17b -> 
  custom:container-demuxer-webm: 4f35f7cbe854078d1ac9338744f61a02 -> 
  custom:video-encoder-webm-vp8: eb34c28f22e8b96e1ab97ce403110664 -> 
  custom:video-codec-MediaFoundation-h265: 746d11721c4dcdbdad8f713fa42b33f4 -> 
  custom:CustomObjectIndexerAttribute: bc11b3a6c3213fcdd17b65e7da85e133 -> 
  custom:audio-encoder-webm-vorbis: bf7c407c2cedff20999df2af8eb42d56 -> 
  custom:framework-win-MediaFoundation: 216162199b28c13a410421893ffa2e32 -> 
  custom:SearchIndexIgnoredProperties: e643bd26f0fe6173181afceb89e7c659 -> 
  custom:container-demuxer-ogg: 62fdf1f143b41e24485cea50d1cbac27 -> 
  custom:video-decoder-webm-vp8: 9c59270c3fd7afecdb556c50c9e8de78 -> 
  custom:audio-decoder-ogg-vorbis: bf7c407c2cedff20999df2af8eb42d56 -> 
========================================================================
Received Prepare
Registering precompiled user dll's ...
Registered in 0.003837 seconds.
Begin MonoManager ReloadAssembly
Native extension for WindowsStandalone target not found
Native extension for Android target not found
Native extension for WebGL target not found
Refreshing native plugins compatible for Editor in 0.62 ms, found 4 plugins.
Preloading 0 native plugins for Editor in 0.00 ms.
[Package Manager] Server::EnsureServerProcessIsRunning -- launch failed, reason: Unity was launched with the -noUpm command-line argument
[Package Manager] Cannot connect to Unity Package Manager local server
Mono: successfully reloaded assembly
- Completed reload, in  1.169 seconds
Domain Reload Profiling:
	ReloadAssembly (1170ms)
		BeginReloadAssembly (118ms)
			ExecutionOrderSort (0ms)
			DisableScriptedObjects (4ms)
			BackupInstance (0ms)
			ReleaseScriptingObjects (0ms)
			CreateAndSetChildDomain (30ms)
		EndReloadAssembly (985ms)
			LoadAssemblies (75ms)
			RebuildTransferFunctionScriptingTraits (0ms)
			SetupTypeCache (217ms)
			ReleaseScriptCaches (2ms)
			RebuildScriptCaches (38ms)
			SetupLoadedEditorAssemblies (641ms)
				LogAssemblyErrors (0ms)
				InitializePlatformSupportModulesInManaged (12ms)
				SetLoadedEditorAssemblies (0ms)
				RefreshPlugins (1ms)
				BeforeProcessingInitializeOnLoad (42ms)
				ProcessInitializeOnLoadAttributes (557ms)
				ProcessInitializeOnLoadMethodAttributes (25ms)
				AfterProcessingInitializeOnLoad (3ms)
				EditorAssembliesLoaded (0ms)
			ExecutionOrderSort2 (0ms)
			AwakeInstancesAfterBackupRestoration (5ms)
Platform modules already initialized, skipping
Refreshing native plugins compatible for Editor in 0.72 ms, found 4 plugins.
Preloading 0 native plugins for Editor in 0.00 ms.
Unloading 3926 Unused Serialized files (Serialized files now loaded: 0)
Unloading 27 unused Assets / (22.0 KB). Loaded Objects now: 4477.
Memory consumption went from 153.1 MB to 153.1 MB.
Total: 2.855700 ms (FindLiveObjects: 0.287800 ms CreateObjectMapping: 0.130000 ms MarkObjects: 2.407800 ms  DeleteObjects: 0.029100 ms)

AssetImportParameters requested are different than current active one (requested -> active):
  custom:video-decoder-ogg-theora: a1e56fd34408186e4bbccfd4996cb3dc -> 
  custom:container-muxer-webm: aa71ff27fc2769a1b78a27578f13a17b -> 
  custom:container-demuxer-webm: 4f35f7cbe854078d1ac9338744f61a02 -> 
  custom:video-encoder-webm-vp8: eb34c28f22e8b96e1ab97ce403110664 -> 
  custom:video-codec-MediaFoundation-h265: 746d11721c4dcdbdad8f713fa42b33f4 -> 
  custom:CustomObjectIndexerAttribute: bc11b3a6c3213fcdd17b65e7da85e133 -> 
  custom:audio-encoder-webm-vorbis: bf7c407c2cedff20999df2af8eb42d56 -> 
  custom:framework-win-MediaFoundation: 216162199b28c13a410421893ffa2e32 -> 
  custom:SearchIndexIgnoredProperties: e643bd26f0fe6173181afceb89e7c659 -> 
  custom:container-demuxer-ogg: 62fdf1f143b41e24485cea50d1cbac27 -> 
  custom:video-decoder-webm-vp8: 9c59270c3fd7afecdb556c50c9e8de78 -> 
  custom:audio-decoder-ogg-vorbis: bf7c407c2cedff20999df2af8eb42d56 -> 
========================================================================
Received Prepare
Registering precompiled user dll's ...
Registered in 0.003390 seconds.
Begin MonoManager ReloadAssembly
Native extension for WindowsStandalone target not found
Native extension for Android target not found
Native extension for WebGL target not found
Refreshing native plugins compatible for Editor in 1.00 ms, found 4 plugins.
Preloading 0 native plugins for Editor in 0.00 ms.
[Package Manager] Server::EnsureServerProcessIsRunning -- launch failed, reason: Unity was launched with the -noUpm command-line argument
[Package Manager] Cannot connect to Unity Package Manager local server
Mono: successfully reloaded assembly
- Completed reload, in  1.177 seconds
Domain Reload Profiling:
	ReloadAssembly (1178ms)
		BeginReloadAssembly (114ms)
			ExecutionOrderSort (0ms)
			DisableScriptedObjects (4ms)
			BackupInstance (0ms)
			ReleaseScriptingObjects (0ms)
			CreateAndSetChildDomain (28ms)
		EndReloadAssembly (994ms)
			LoadAssemblies (79ms)
			RebuildTransferFunctionScriptingTraits (0ms)
			SetupTypeCache (217ms)
			ReleaseScriptCaches (1ms)
			RebuildScriptCaches (40ms)
			SetupLoadedEditorAssemblies (640ms)
				LogAssemblyErrors (0ms)
				InitializePlatformSupportModulesInManaged (10ms)
				SetLoadedEditorAssemblies (0ms)
				RefreshPlugins (1ms)
				BeforeProcessingInitializeOnLoad (42ms)
				ProcessInitializeOnLoadAttributes (551ms)
				ProcessInitializeOnLoadMethodAttributes (31ms)
				AfterProcessingInitializeOnLoad (4ms)
				EditorAssembliesLoaded (0ms)
			ExecutionOrderSort2 (0ms)
			AwakeInstancesAfterBackupRestoration (6ms)
Platform modules already initialized, skipping
Refreshing native plugins compatible for Editor in 0.65 ms, found 4 plugins.
Preloading 0 native plugins for Editor in 0.00 ms.
Unloading 3926 Unused Serialized files (Serialized files now loaded: 0)
Unloading 27 unused Assets / (22.0 KB). Loaded Objects now: 4480.
Memory consumption went from 153.1 MB to 153.1 MB.
Total: 2.898800 ms (FindLiveObjects: 0.266800 ms CreateObjectMapping: 0.233300 ms MarkObjects: 2.374200 ms  DeleteObjects: 0.023700 ms)

AssetImportParameters requested are different than current active one (requested -> active):
  custom:video-decoder-ogg-theora: a1e56fd34408186e4bbccfd4996cb3dc -> 
  custom:container-muxer-webm: aa71ff27fc2769a1b78a27578f13a17b -> 
  custom:container-demuxer-webm: 4f35f7cbe854078d1ac9338744f61a02 -> 
  custom:video-encoder-webm-vp8: eb34c28f22e8b96e1ab97ce403110664 -> 
  custom:video-codec-MediaFoundation-h265: 746d11721c4dcdbdad8f713fa42b33f4 -> 
  custom:CustomObjectIndexerAttribute: bc11b3a6c3213fcdd17b65e7da85e133 -> 
  custom:audio-encoder-webm-vorbis: bf7c407c2cedff20999df2af8eb42d56 -> 
  custom:framework-win-MediaFoundation: 216162199b28c13a410421893ffa2e32 -> 
  custom:SearchIndexIgnoredProperties: e643bd26f0fe6173181afceb89e7c659 -> 
  custom:container-demuxer-ogg: 62fdf1f143b41e24485cea50d1cbac27 -> 
  custom:video-decoder-webm-vp8: 9c59270c3fd7afecdb556c50c9e8de78 -> 
  custom:audio-decoder-ogg-vorbis: bf7c407c2cedff20999df2af8eb42d56 -> 
========================================================================
Received Prepare
Registering precompiled user dll's ...
Registered in 0.005526 seconds.
Begin MonoManager ReloadAssembly
Native extension for WindowsStandalone target not found
Native extension for Android target not found
Native extension for WebGL target not found
Refreshing native plugins compatible for Editor in 0.59 ms, found 4 plugins.
Preloading 0 native plugins for Editor in 0.00 ms.
[Package Manager] Server::EnsureServerProcessIsRunning -- launch failed, reason: Unity was launched with the -noUpm command-line argument
[Package Manager] Cannot connect to Unity Package Manager local server
Mono: successfully reloaded assembly
- Completed reload, in  1.188 seconds
Domain Reload Profiling:
	ReloadAssembly (1188ms)
		BeginReloadAssembly (118ms)
			ExecutionOrderSort (0ms)
			DisableScriptedObjects (4ms)
			BackupInstance (0ms)
			ReleaseScriptingObjects (0ms)
			CreateAndSetChildDomain (28ms)
		EndReloadAssembly (1002ms)
			LoadAssemblies (73ms)
			RebuildTransferFunctionScriptingTraits (0ms)
			SetupTypeCache (214ms)
			ReleaseScriptCaches (2ms)
			RebuildScriptCaches (38ms)
			SetupLoadedEditorAssemblies (654ms)
				LogAssemblyErrors (0ms)
				InitializePlatformSupportModulesInManaged (11ms)
				SetLoadedEditorAssemblies (0ms)
				RefreshPlugins (1ms)
				BeforeProcessingInitializeOnLoad (46ms)
				ProcessInitializeOnLoadAttributes (562ms)
				ProcessInitializeOnLoadMethodAttributes (30ms)
				AfterProcessingInitializeOnLoad (4ms)
				EditorAssembliesLoaded (0ms)
			ExecutionOrderSort2 (0ms)
			AwakeInstancesAfterBackupRestoration (7ms)
Platform modules already initialized, skipping
Refreshing native plugins compatible for Editor in 0.72 ms, found 4 plugins.
Preloading 0 native plugins for Editor in 0.00 ms.
Unloading 3926 Unused Serialized files (Serialized files now loaded: 0)
Unloading 27 unused Assets / (22.0 KB). Loaded Objects now: 4483.
Memory consumption went from 153.1 MB to 153.1 MB.
Total: 2.402600 ms (FindLiveObjects: 0.208400 ms CreateObjectMapping: 0.096900 ms MarkObjects: 2.068100 ms  DeleteObjects: 0.028400 ms)

AssetImportParameters requested are different than current active one (requested -> active):
  custom:video-decoder-ogg-theora: a1e56fd34408186e4bbccfd4996cb3dc -> 
  custom:container-muxer-webm: aa71ff27fc2769a1b78a27578f13a17b -> 
  custom:container-demuxer-webm: 4f35f7cbe854078d1ac9338744f61a02 -> 
  custom:video-encoder-webm-vp8: eb34c28f22e8b96e1ab97ce403110664 -> 
  custom:video-codec-MediaFoundation-h265: 746d11721c4dcdbdad8f713fa42b33f4 -> 
  custom:CustomObjectIndexerAttribute: bc11b3a6c3213fcdd17b65e7da85e133 -> 
  custom:audio-encoder-webm-vorbis: bf7c407c2cedff20999df2af8eb42d56 -> 
  custom:framework-win-MediaFoundation: 216162199b28c13a410421893ffa2e32 -> 
  custom:SearchIndexIgnoredProperties: e643bd26f0fe6173181afceb89e7c659 -> 
  custom:container-demuxer-ogg: 62fdf1f143b41e24485cea50d1cbac27 -> 
  custom:video-decoder-webm-vp8: 9c59270c3fd7afecdb556c50c9e8de78 -> 
  custom:audio-decoder-ogg-vorbis: bf7c407c2cedff20999df2af8eb42d56 -> 
========================================================================
Received Prepare
Registering precompiled user dll's ...
Registered in 0.005818 seconds.
Begin MonoManager ReloadAssembly
Native extension for WindowsStandalone target not found
Native extension for Android target not found
Native extension for WebGL target not found
Refreshing native plugins compatible for Editor in 0.94 ms, found 4 plugins.
Preloading 0 native plugins for Editor in 0.00 ms.
[Package Manager] Server::EnsureServerProcessIsRunning -- launch failed, reason: Unity was launched with the -noUpm command-line argument
[Package Manager] Cannot connect to Unity Package Manager local server
Mono: successfully reloaded assembly
- Completed reload, in  1.220 seconds
Domain Reload Profiling:
	ReloadAssembly (1221ms)
		BeginReloadAssembly (129ms)
			ExecutionOrderSort (0ms)
			DisableScriptedObjects (6ms)
			BackupInstance (0ms)
			ReleaseScriptingObjects (0ms)
			CreateAndSetChildDomain (29ms)
		EndReloadAssembly (1019ms)
			LoadAssemblies (83ms)
			RebuildTransferFunctionScriptingTraits (0ms)
			SetupTypeCache (210ms)
			ReleaseScriptCaches (1ms)
			RebuildScriptCaches (42ms)
			SetupLoadedEditorAssemblies (670ms)
				LogAssemblyErrors (0ms)
				InitializePlatformSupportModulesInManaged (10ms)
				SetLoadedEditorAssemblies (0ms)
				RefreshPlugins (1ms)
				BeforeProcessingInitializeOnLoad (51ms)
				ProcessInitializeOnLoadAttributes (568ms)
				ProcessInitializeOnLoadMethodAttributes (35ms)
				AfterProcessingInitializeOnLoad (5ms)
				EditorAssembliesLoaded (0ms)
			ExecutionOrderSort2 (0ms)
			AwakeInstancesAfterBackupRestoration (6ms)
Platform modules already initialized, skipping
Refreshing native plugins compatible for Editor in 0.71 ms, found 4 plugins.
Preloading 0 native plugins for Editor in 0.00 ms.
Unloading 3926 Unused Serialized files (Serialized files now loaded: 0)
Unloading 27 unused Assets / (21.9 KB). Loaded Objects now: 4486.
Memory consumption went from 153.1 MB to 153.1 MB.
Total: 2.567400 ms (FindLiveObjects: 0.220800 ms CreateObjectMapping: 0.141000 ms MarkObjects: 2.179200 ms  DeleteObjects: 0.024800 ms)

AssetImportParameters requested are different than current active one (requested -> active):
  custom:video-decoder-ogg-theora: a1e56fd34408186e4bbccfd4996cb3dc -> 
  custom:container-muxer-webm: aa71ff27fc2769a1b78a27578f13a17b -> 
  custom:container-demuxer-webm: 4f35f7cbe854078d1ac9338744f61a02 -> 
  custom:video-encoder-webm-vp8: eb34c28f22e8b96e1ab97ce403110664 -> 
  custom:video-codec-MediaFoundation-h265: 746d11721c4dcdbdad8f713fa42b33f4 -> 
  custom:CustomObjectIndexerAttribute: bc11b3a6c3213fcdd17b65e7da85e133 -> 
  custom:audio-encoder-webm-vorbis: bf7c407c2cedff20999df2af8eb42d56 -> 
  custom:framework-win-MediaFoundation: 216162199b28c13a410421893ffa2e32 -> 
  custom:SearchIndexIgnoredProperties: e643bd26f0fe6173181afceb89e7c659 -> 
  custom:container-demuxer-ogg: 62fdf1f143b41e24485cea50d1cbac27 -> 
  custom:video-decoder-webm-vp8: 9c59270c3fd7afecdb556c50c9e8de78 -> 
  custom:audio-decoder-ogg-vorbis: bf7c407c2cedff20999df2af8eb42d56 -> 
========================================================================
Received Prepare
Registering precompiled user dll's ...
Registered in 0.004529 seconds.
Begin MonoManager ReloadAssembly
Native extension for WindowsStandalone target not found
Native extension for Android target not found
Native extension for WebGL target not found
Refreshing native plugins compatible for Editor in 0.78 ms, found 4 plugins.
Preloading 0 native plugins for Editor in 0.00 ms.
[Package Manager] Server::EnsureServerProcessIsRunning -- launch failed, reason: Unity was launched with the -noUpm command-line argument
[Package Manager] Cannot connect to Unity Package Manager local server
Mono: successfully reloaded assembly
- Completed reload, in  1.195 seconds
Domain Reload Profiling:
	ReloadAssembly (1195ms)
		BeginReloadAssembly (130ms)
			ExecutionOrderSort (0ms)
			DisableScriptedObjects (5ms)
			BackupInstance (0ms)
			ReleaseScriptingObjects (0ms)
			CreateAndSetChildDomain (27ms)
		EndReloadAssembly (982ms)
			LoadAssemblies (89ms)
			RebuildTransferFunctionScriptingTraits (0ms)
			SetupTypeCache (205ms)
			ReleaseScriptCaches (1ms)
			RebuildScriptCaches (33ms)
			SetupLoadedEditorAssemblies (650ms)
				LogAssemblyErrors (0ms)
				InitializePlatformSupportModulesInManaged (10ms)
				SetLoadedEditorAssemblies (0ms)
				RefreshPlugins (1ms)
				BeforeProcessingInitializeOnLoad (44ms)
				ProcessInitializeOnLoadAttributes (560ms)
				ProcessInitializeOnLoadMethodAttributes (30ms)
				AfterProcessingInitializeOnLoad (5ms)
				EditorAssembliesLoaded (0ms)
			ExecutionOrderSort2 (0ms)
			AwakeInstancesAfterBackupRestoration (6ms)
Platform modules already initialized, skipping
Refreshing native plugins compatible for Editor in 0.72 ms, found 4 plugins.
Preloading 0 native plugins for Editor in 0.00 ms.
Unloading 3926 Unused Serialized files (Serialized files now loaded: 0)
Unloading 27 unused Assets / (21.9 KB). Loaded Objects now: 4489.
Memory consumption went from 153.1 MB to 153.1 MB.
Total: 2.501500 ms (FindLiveObjects: 0.191400 ms CreateObjectMapping: 0.091200 ms MarkObjects: 2.190700 ms  DeleteObjects: 0.027500 ms)

AssetImportParameters requested are different than current active one (requested -> active):
  custom:video-decoder-ogg-theora: a1e56fd34408186e4bbccfd4996cb3dc -> 
  custom:container-muxer-webm: aa71ff27fc2769a1b78a27578f13a17b -> 
  custom:container-demuxer-webm: 4f35f7cbe854078d1ac9338744f61a02 -> 
  custom:video-encoder-webm-vp8: eb34c28f22e8b96e1ab97ce403110664 -> 
  custom:video-codec-MediaFoundation-h265: 746d11721c4dcdbdad8f713fa42b33f4 -> 
  custom:CustomObjectIndexerAttribute: bc11b3a6c3213fcdd17b65e7da85e133 -> 
  custom:audio-encoder-webm-vorbis: bf7c407c2cedff20999df2af8eb42d56 -> 
  custom:framework-win-MediaFoundation: 216162199b28c13a410421893ffa2e32 -> 
  custom:SearchIndexIgnoredProperties: e643bd26f0fe6173181afceb89e7c659 -> 
  custom:container-demuxer-ogg: 62fdf1f143b41e24485cea50d1cbac27 -> 
  custom:video-decoder-webm-vp8: 9c59270c3fd7afecdb556c50c9e8de78 -> 
  custom:audio-decoder-ogg-vorbis: bf7c407c2cedff20999df2af8eb42d56 -> 
========================================================================
Received Prepare
Registering precompiled user dll's ...
Registered in 0.005684 seconds.
Begin MonoManager ReloadAssembly
Native extension for WindowsStandalone target not found
Native extension for Android target not found
Native extension for WebGL target not found
Refreshing native plugins compatible for Editor in 0.60 ms, found 4 plugins.
Preloading 0 native plugins for Editor in 0.00 ms.
[Package Manager] Server::EnsureServerProcessIsRunning -- launch failed, reason: Unity was launched with the -noUpm command-line argument
[Package Manager] Cannot connect to Unity Package Manager local server
Mono: successfully reloaded assembly
- Completed reload, in  1.176 seconds
Domain Reload Profiling:
	ReloadAssembly (1176ms)
		BeginReloadAssembly (119ms)
			ExecutionOrderSort (0ms)
			DisableScriptedObjects (4ms)
			BackupInstance (0ms)
			ReleaseScriptingObjects (0ms)
			CreateAndSetChildDomain (29ms)
		EndReloadAssembly (984ms)
			LoadAssemblies (83ms)
			RebuildTransferFunctionScriptingTraits (0ms)
			SetupTypeCache (213ms)
			ReleaseScriptCaches (1ms)
			RebuildScriptCaches (43ms)
			SetupLoadedEditorAssemblies (635ms)
				LogAssemblyErrors (0ms)
				InitializePlatformSupportModulesInManaged (11ms)
				SetLoadedEditorAssemblies (0ms)
				RefreshPlugins (1ms)
				BeforeProcessingInitializeOnLoad (42ms)
				ProcessInitializeOnLoadAttributes (551ms)
				ProcessInitializeOnLoadMethodAttributes (27ms)
				AfterProcessingInitializeOnLoad (3ms)
				EditorAssembliesLoaded (0ms)
			ExecutionOrderSort2 (0ms)
			AwakeInstancesAfterBackupRestoration (4ms)
Platform modules already initialized, skipping
Refreshing native plugins compatible for Editor in 0.69 ms, found 4 plugins.
Preloading 0 native plugins for Editor in 0.00 ms.
Unloading 3926 Unused Serialized files (Serialized files now loaded: 0)
Unloading 27 unused Assets / (22.0 KB). Loaded Objects now: 4492.
Memory consumption went from 153.1 MB to 153.1 MB.
Total: 2.538100 ms (FindLiveObjects: 0.211200 ms CreateObjectMapping: 0.101400 ms MarkObjects: 2.196400 ms  DeleteObjects: 0.028100 ms)

AssetImportParameters requested are different than current active one (requested -> active):
  custom:video-decoder-ogg-theora: a1e56fd34408186e4bbccfd4996cb3dc -> 
  custom:container-muxer-webm: aa71ff27fc2769a1b78a27578f13a17b -> 
  custom:container-demuxer-webm: 4f35f7cbe854078d1ac9338744f61a02 -> 
  custom:video-encoder-webm-vp8: eb34c28f22e8b96e1ab97ce403110664 -> 
  custom:video-codec-MediaFoundation-h265: 746d11721c4dcdbdad8f713fa42b33f4 -> 
  custom:CustomObjectIndexerAttribute: bc11b3a6c3213fcdd17b65e7da85e133 -> 
  custom:audio-encoder-webm-vorbis: bf7c407c2cedff20999df2af8eb42d56 -> 
  custom:framework-win-MediaFoundation: 216162199b28c13a410421893ffa2e32 -> 
  custom:SearchIndexIgnoredProperties: e643bd26f0fe6173181afceb89e7c659 -> 
  custom:container-demuxer-ogg: 62fdf1f143b41e24485cea50d1cbac27 -> 
  custom:video-decoder-webm-vp8: 9c59270c3fd7afecdb556c50c9e8de78 -> 
  custom:audio-decoder-ogg-vorbis: bf7c407c2cedff20999df2af8eb42d56 -> 
========================================================================
Received Prepare
Registering precompiled user dll's ...
Registered in 0.003777 seconds.
Begin MonoManager ReloadAssembly
Native extension for WindowsStandalone target not found
Native extension for Android target not found
Native extension for WebGL target not found
Refreshing native plugins compatible for Editor in 0.64 ms, found 4 plugins.
Preloading 0 native plugins for Editor in 0.00 ms.
[Package Manager] Server::EnsureServerProcessIsRunning -- launch failed, reason: Unity was launched with the -noUpm command-line argument
[Package Manager] Cannot connect to Unity Package Manager local server
Mono: successfully reloaded assembly
- Completed reload, in  1.198 seconds
Domain Reload Profiling:
	ReloadAssembly (1199ms)
		BeginReloadAssembly (117ms)
			ExecutionOrderSort (0ms)
			DisableScriptedObjects (4ms)
			BackupInstance (0ms)
			ReleaseScriptingObjects (0ms)
			CreateAndSetChildDomain (25ms)
		EndReloadAssembly (1011ms)
			LoadAssemblies (85ms)
			RebuildTransferFunctionScriptingTraits (0ms)
			SetupTypeCache (215ms)
			ReleaseScriptCaches (2ms)
			RebuildScriptCaches (37ms)
			SetupLoadedEditorAssemblies (660ms)
				LogAssemblyErrors (0ms)
				InitializePlatformSupportModulesInManaged (11ms)
				SetLoadedEditorAssemblies (0ms)
				RefreshPlugins (1ms)
				BeforeProcessingInitializeOnLoad (45ms)
				ProcessInitializeOnLoadAttributes (564ms)
				ProcessInitializeOnLoadMethodAttributes (34ms)
				AfterProcessingInitializeOnLoad (4ms)
				EditorAssembliesLoaded (0ms)
			ExecutionOrderSort2 (0ms)
			AwakeInstancesAfterBackupRestoration (7ms)
Platform modules already initialized, skipping
Refreshing native plugins compatible for Editor in 0.81 ms, found 4 plugins.
Preloading 0 native plugins for Editor in 0.00 ms.
Unloading 3926 Unused Serialized files (Serialized files now loaded: 0)
Unloading 27 unused Assets / (21.9 KB). Loaded Objects now: 4495.
Memory consumption went from 153.2 MB to 153.1 MB.
Total: 2.488200 ms (FindLiveObjects: 0.207200 ms CreateObjectMapping: 0.165600 ms MarkObjects: 2.090800 ms  DeleteObjects: 0.023900 ms)

AssetImportParameters requested are different than current active one (requested -> active):
  custom:video-decoder-ogg-theora: a1e56fd34408186e4bbccfd4996cb3dc -> 
  custom:container-muxer-webm: aa71ff27fc2769a1b78a27578f13a17b -> 
  custom:container-demuxer-webm: 4f35f7cbe854078d1ac9338744f61a02 -> 
  custom:video-encoder-webm-vp8: eb34c28f22e8b96e1ab97ce403110664 -> 
  custom:video-codec-MediaFoundation-h265: 746d11721c4dcdbdad8f713fa42b33f4 -> 
  custom:CustomObjectIndexerAttribute: bc11b3a6c3213fcdd17b65e7da85e133 -> 
  custom:audio-encoder-webm-vorbis: bf7c407c2cedff20999df2af8eb42d56 -> 
  custom:framework-win-MediaFoundation: 216162199b28c13a410421893ffa2e32 -> 
  custom:SearchIndexIgnoredProperties: e643bd26f0fe6173181afceb89e7c659 -> 
  custom:container-demuxer-ogg: 62fdf1f143b41e24485cea50d1cbac27 -> 
  custom:video-decoder-webm-vp8: 9c59270c3fd7afecdb556c50c9e8de78 -> 
  custom:audio-decoder-ogg-vorbis: bf7c407c2cedff20999df2af8eb42d56 -> 
========================================================================
Received Prepare
Registering precompiled user dll's ...
Registered in 0.003571 seconds.
Begin MonoManager ReloadAssembly
Native extension for WindowsStandalone target not found
Native extension for Android target not found
Native extension for WebGL target not found
Refreshing native plugins compatible for Editor in 0.63 ms, found 4 plugins.
Preloading 0 native plugins for Editor in 0.00 ms.
[Package Manager] Server::EnsureServerProcessIsRunning -- launch failed, reason: Unity was launched with the -noUpm command-line argument
[Package Manager] Cannot connect to Unity Package Manager local server
Mono: successfully reloaded assembly
- Completed reload, in  1.151 seconds
Domain Reload Profiling:
	ReloadAssembly (1151ms)
		BeginReloadAssembly (116ms)
			ExecutionOrderSort (0ms)
			DisableScriptedObjects (6ms)
			BackupInstance (0ms)
			ReleaseScriptingObjects (0ms)
			CreateAndSetChildDomain (23ms)
		EndReloadAssembly (968ms)
			LoadAssemblies (81ms)
			RebuildTransferFunctionScriptingTraits (0ms)
			SetupTypeCache (208ms)
			ReleaseScriptCaches (1ms)
			RebuildScriptCaches (32ms)
			SetupLoadedEditorAssemblies (635ms)
				LogAssemblyErrors (0ms)
				InitializePlatformSupportModulesInManaged (11ms)
				SetLoadedEditorAssemblies (0ms)
				RefreshPlugins (1ms)
				BeforeProcessingInitializeOnLoad (44ms)
				ProcessInitializeOnLoadAttributes (548ms)
				ProcessInitializeOnLoadMethodAttributes (27ms)
				AfterProcessingInitializeOnLoad (4ms)
				EditorAssembliesLoaded (0ms)
			ExecutionOrderSort2 (0ms)
			AwakeInstancesAfterBackupRestoration (5ms)
Platform modules already initialized, skipping
Refreshing native plugins compatible for Editor in 0.83 ms, found 4 plugins.
Preloading 0 native plugins for Editor in 0.00 ms.
Unloading 3926 Unused Serialized files (Serialized files now loaded: 0)
Unloading 27 unused Assets / (22.0 KB). Loaded Objects now: 4498.
Memory consumption went from 153.2 MB to 153.1 MB.
Total: 2.513600 ms (FindLiveObjects: 0.205600 ms CreateObjectMapping: 0.101000 ms MarkObjects: 2.168800 ms  DeleteObjects: 0.037300 ms)

AssetImportParameters requested are different than current active one (requested -> active):
  custom:video-decoder-ogg-theora: a1e56fd34408186e4bbccfd4996cb3dc -> 
  custom:container-muxer-webm: aa71ff27fc2769a1b78a27578f13a17b -> 
  custom:container-demuxer-webm: 4f35f7cbe854078d1ac9338744f61a02 -> 
  custom:video-encoder-webm-vp8: eb34c28f22e8b96e1ab97ce403110664 -> 
  custom:video-codec-MediaFoundation-h265: 746d11721c4dcdbdad8f713fa42b33f4 -> 
  custom:CustomObjectIndexerAttribute: bc11b3a6c3213fcdd17b65e7da85e133 -> 
  custom:audio-encoder-webm-vorbis: bf7c407c2cedff20999df2af8eb42d56 -> 
  custom:framework-win-MediaFoundation: 216162199b28c13a410421893ffa2e32 -> 
  custom:SearchIndexIgnoredProperties: e643bd26f0fe6173181afceb89e7c659 -> 
  custom:container-demuxer-ogg: 62fdf1f143b41e24485cea50d1cbac27 -> 
  custom:video-decoder-webm-vp8: 9c59270c3fd7afecdb556c50c9e8de78 -> 
  custom:audio-decoder-ogg-vorbis: bf7c407c2cedff20999df2af8eb42d56 -> 
========================================================================
Received Prepare
Registering precompiled user dll's ...
Registered in 0.003862 seconds.
Begin MonoManager ReloadAssembly
Native extension for WindowsStandalone target not found
Native extension for Android target not found
Native extension for WebGL target not found
Refreshing native plugins compatible for Editor in 0.82 ms, found 4 plugins.
Preloading 0 native plugins for Editor in 0.00 ms.
[Package Manager] Server::EnsureServerProcessIsRunning -- launch failed, reason: Unity was launched with the -noUpm command-line argument
[Package Manager] Cannot connect to Unity Package Manager local server
Mono: successfully reloaded assembly
- Completed reload, in  1.306 seconds
Domain Reload Profiling:
	ReloadAssembly (1307ms)
		BeginReloadAssembly (148ms)
			ExecutionOrderSort (0ms)
			DisableScriptedObjects (7ms)
			BackupInstance (0ms)
			ReleaseScriptingObjects (0ms)
			CreateAndSetChildDomain (34ms)
		EndReloadAssembly (1083ms)
			LoadAssemblies (100ms)
			RebuildTransferFunctionScriptingTraits (0ms)
			SetupTypeCache (252ms)
			ReleaseScriptCaches (2ms)
			RebuildScriptCaches (34ms)
			SetupLoadedEditorAssemblies (688ms)
				LogAssemblyErrors (0ms)
				InitializePlatformSupportModulesInManaged (12ms)
				SetLoadedEditorAssemblies (0ms)
				RefreshPlugins (1ms)
				BeforeProcessingInitializeOnLoad (66ms)
				ProcessInitializeOnLoadAttributes (566ms)
				ProcessInitializeOnLoadMethodAttributes (38ms)
				AfterProcessingInitializeOnLoad (5ms)
				EditorAssembliesLoaded (0ms)
			ExecutionOrderSort2 (0ms)
			AwakeInstancesAfterBackupRestoration (6ms)
Platform modules already initialized, skipping
Refreshing native plugins compatible for Editor in 0.89 ms, found 4 plugins.
Preloading 0 native plugins for Editor in 0.00 ms.
Unloading 3926 Unused Serialized files (Serialized files now loaded: 0)
Unloading 27 unused Assets / (21.9 KB). Loaded Objects now: 4501.
Memory consumption went from 153.2 MB to 153.2 MB.
Total: 2.480000 ms (FindLiveObjects: 0.223200 ms CreateObjectMapping: 0.099000 ms MarkObjects: 2.116200 ms  DeleteObjects: 0.039600 ms)

AssetImportParameters requested are different than current active one (requested -> active):
  custom:video-decoder-ogg-theora: a1e56fd34408186e4bbccfd4996cb3dc -> 
  custom:container-muxer-webm: aa71ff27fc2769a1b78a27578f13a17b -> 
  custom:container-demuxer-webm: 4f35f7cbe854078d1ac9338744f61a02 -> 
  custom:video-encoder-webm-vp8: eb34c28f22e8b96e1ab97ce403110664 -> 
  custom:video-codec-MediaFoundation-h265: 746d11721c4dcdbdad8f713fa42b33f4 -> 
  custom:CustomObjectIndexerAttribute: bc11b3a6c3213fcdd17b65e7da85e133 -> 
  custom:audio-encoder-webm-vorbis: bf7c407c2cedff20999df2af8eb42d56 -> 
  custom:framework-win-MediaFoundation: 216162199b28c13a410421893ffa2e32 -> 
  custom:SearchIndexIgnoredProperties: e643bd26f0fe6173181afceb89e7c659 -> 
  custom:container-demuxer-ogg: 62fdf1f143b41e24485cea50d1cbac27 -> 
  custom:video-decoder-webm-vp8: 9c59270c3fd7afecdb556c50c9e8de78 -> 
  custom:audio-decoder-ogg-vorbis: bf7c407c2cedff20999df2af8eb42d56 -> 
========================================================================
Received Prepare
Registering precompiled user dll's ...
Registered in 0.003436 seconds.
Begin MonoManager ReloadAssembly
Native extension for WindowsStandalone target not found
Native extension for Android target not found
Native extension for WebGL target not found
Refreshing native plugins compatible for Editor in 0.72 ms, found 4 plugins.
Preloading 0 native plugins for Editor in 0.00 ms.
[Package Manager] Server::EnsureServerProcessIsRunning -- launch failed, reason: Unity was launched with the -noUpm command-line argument
[Package Manager] Cannot connect to Unity Package Manager local server
Mono: successfully reloaded assembly
- Completed reload, in  1.345 seconds
Domain Reload Profiling:
	ReloadAssembly (1346ms)
		BeginReloadAssembly (146ms)
			ExecutionOrderSort (0ms)
			DisableScriptedObjects (5ms)
			BackupInstance (0ms)
			ReleaseScriptingObjects (0ms)
			CreateAndSetChildDomain (48ms)
		EndReloadAssembly (1108ms)
			LoadAssemblies (89ms)
			RebuildTransferFunctionScriptingTraits (0ms)
			SetupTypeCache (254ms)
			ReleaseScriptCaches (1ms)
			RebuildScriptCaches (41ms)
			SetupLoadedEditorAssemblies (698ms)
				LogAssemblyErrors (0ms)
				InitializePlatformSupportModulesInManaged (14ms)
				SetLoadedEditorAssemblies (0ms)
				RefreshPlugins (1ms)
				BeforeProcessingInitializeOnLoad (46ms)
				ProcessInitializeOnLoadAttributes (603ms)
				ProcessInitializeOnLoadMethodAttributes (30ms)
				AfterProcessingInitializeOnLoad (4ms)
				EditorAssembliesLoaded (0ms)
			ExecutionOrderSort2 (0ms)
			AwakeInstancesAfterBackupRestoration (7ms)
Platform modules already initialized, skipping
Refreshing native plugins compatible for Editor in 0.75 ms, found 4 plugins.
Preloading 0 native plugins for Editor in 0.00 ms.
Unloading 3926 Unused Serialized files (Serialized files now loaded: 0)
Unloading 27 unused Assets / (22.0 KB). Loaded Objects now: 4504.
Memory consumption went from 153.2 MB to 153.2 MB.
Total: 2.469900 ms (FindLiveObjects: 0.242200 ms CreateObjectMapping: 0.173900 ms MarkObjects: 2.002700 ms  DeleteObjects: 0.050000 ms)

AssetImportParameters requested are different than current active one (requested -> active):
  custom:video-decoder-ogg-theora: a1e56fd34408186e4bbccfd4996cb3dc -> 
  custom:container-muxer-webm: aa71ff27fc2769a1b78a27578f13a17b -> 
  custom:container-demuxer-webm: 4f35f7cbe854078d1ac9338744f61a02 -> 
  custom:video-encoder-webm-vp8: eb34c28f22e8b96e1ab97ce403110664 -> 
  custom:video-codec-MediaFoundation-h265: 746d11721c4dcdbdad8f713fa42b33f4 -> 
  custom:CustomObjectIndexerAttribute: bc11b3a6c3213fcdd17b65e7da85e133 -> 
  custom:audio-encoder-webm-vorbis: bf7c407c2cedff20999df2af8eb42d56 -> 
  custom:framework-win-MediaFoundation: 216162199b28c13a410421893ffa2e32 -> 
  custom:SearchIndexIgnoredProperties: e643bd26f0fe6173181afceb89e7c659 -> 
  custom:container-demuxer-ogg: 62fdf1f143b41e24485cea50d1cbac27 -> 
  custom:video-decoder-webm-vp8: 9c59270c3fd7afecdb556c50c9e8de78 -> 
  custom:audio-decoder-ogg-vorbis: bf7c407c2cedff20999df2af8eb42d56 -> 
========================================================================
Received Prepare
Registering precompiled user dll's ...
Registered in 0.005594 seconds.
Begin MonoManager ReloadAssembly
Native extension for WindowsStandalone target not found
Native extension for Android target not found
Native extension for WebGL target not found
Refreshing native plugins compatible for Editor in 0.60 ms, found 4 plugins.
Preloading 0 native plugins for Editor in 0.00 ms.
[Package Manager] Server::EnsureServerProcessIsRunning -- launch failed, reason: Unity was launched with the -noUpm command-line argument
[Package Manager] Cannot connect to Unity Package Manager local server
Mono: successfully reloaded assembly
- Completed reload, in  1.194 seconds
Domain Reload Profiling:
	ReloadAssembly (1194ms)
		BeginReloadAssembly (122ms)
			ExecutionOrderSort (0ms)
			DisableScriptedObjects (4ms)
			BackupInstance (0ms)
			ReleaseScriptingObjects (0ms)
			CreateAndSetChildDomain (30ms)
		EndReloadAssembly (998ms)
			LoadAssemblies (79ms)
			RebuildTransferFunctionScriptingTraits (0ms)
			SetupTypeCache (216ms)
			ReleaseScriptCaches (1ms)
			RebuildScriptCaches (32ms)
			SetupLoadedEditorAssemblies (653ms)
				LogAssemblyErrors (0ms)
				InitializePlatformSupportModulesInManaged (15ms)
				SetLoadedEditorAssemblies (0ms)
				RefreshPlugins (1ms)
				BeforeProcessingInitializeOnLoad (39ms)
				ProcessInitializeOnLoadAttributes (564ms)
				ProcessInitializeOnLoadMethodAttributes (29ms)
				AfterProcessingInitializeOnLoad (5ms)
				EditorAssembliesLoaded (0ms)
			ExecutionOrderSort2 (0ms)
			AwakeInstancesAfterBackupRestoration (6ms)
Platform modules already initialized, skipping
Refreshing native plugins compatible for Editor in 0.67 ms, found 4 plugins.
Preloading 0 native plugins for Editor in 0.00 ms.
Unloading 3926 Unused Serialized files (Serialized files now loaded: 0)
Unloading 27 unused Assets / (21.9 KB). Loaded Objects now: 4507.
Memory consumption went from 153.2 MB to 153.2 MB.
Total: 2.249200 ms (FindLiveObjects: 0.202500 ms CreateObjectMapping: 0.097500 ms MarkObjects: 1.889000 ms  DeleteObjects: 0.058000 ms)

AssetImportParameters requested are different than current active one (requested -> active):
  custom:video-decoder-ogg-theora: a1e56fd34408186e4bbccfd4996cb3dc -> 
  custom:container-muxer-webm: aa71ff27fc2769a1b78a27578f13a17b -> 
  custom:container-demuxer-webm: 4f35f7cbe854078d1ac9338744f61a02 -> 
  custom:video-encoder-webm-vp8: eb34c28f22e8b96e1ab97ce403110664 -> 
  custom:video-codec-MediaFoundation-h265: 746d11721c4dcdbdad8f713fa42b33f4 -> 
  custom:CustomObjectIndexerAttribute: bc11b3a6c3213fcdd17b65e7da85e133 -> 
  custom:audio-encoder-webm-vorbis: bf7c407c2cedff20999df2af8eb42d56 -> 
  custom:framework-win-MediaFoundation: 216162199b28c13a410421893ffa2e32 -> 
  custom:SearchIndexIgnoredProperties: e643bd26f0fe6173181afceb89e7c659 -> 
  custom:container-demuxer-ogg: 62fdf1f143b41e24485cea50d1cbac27 -> 
  custom:video-decoder-webm-vp8: 9c59270c3fd7afecdb556c50c9e8de78 -> 
  custom:audio-decoder-ogg-vorbis: bf7c407c2cedff20999df2af8eb42d56 -> 
========================================================================
Received Prepare
Registering precompiled user dll's ...
Registered in 0.005160 seconds.
Begin MonoManager ReloadAssembly
Native extension for WindowsStandalone target not found
Native extension for Android target not found
Native extension for WebGL target not found
Refreshing native plugins compatible for Editor in 0.59 ms, found 4 plugins.
Preloading 0 native plugins for Editor in 0.00 ms.
[Package Manager] Server::EnsureServerProcessIsRunning -- launch failed, reason: Unity was launched with the -noUpm command-line argument
[Package Manager] Cannot connect to Unity Package Manager local server
Mono: successfully reloaded assembly
- Completed reload, in  1.236 seconds
Domain Reload Profiling:
	ReloadAssembly (1236ms)
		BeginReloadAssembly (114ms)
			ExecutionOrderSort (0ms)
			DisableScriptedObjects (5ms)
			BackupInstance (0ms)
			ReleaseScriptingObjects (0ms)
			CreateAndSetChildDomain (29ms)
		EndReloadAssembly (1055ms)
			LoadAssemblies (79ms)
			RebuildTransferFunctionScriptingTraits (0ms)
			SetupTypeCache (211ms)
			ReleaseScriptCaches (1ms)
			RebuildScriptCaches (31ms)
			SetupLoadedEditorAssemblies (711ms)
				LogAssemblyErrors (0ms)
				InitializePlatformSupportModulesInManaged (11ms)
				SetLoadedEditorAssemblies (0ms)
				RefreshPlugins (1ms)
				BeforeProcessingInitializeOnLoad (47ms)
				ProcessInitializeOnLoadAttributes (613ms)
				ProcessInitializeOnLoadMethodAttributes (35ms)
				AfterProcessingInitializeOnLoad (4ms)
				EditorAssembliesLoaded (0ms)
			ExecutionOrderSort2 (0ms)
			AwakeInstancesAfterBackupRestoration (7ms)
Platform modules already initialized, skipping
Refreshing native plugins compatible for Editor in 0.72 ms, found 4 plugins.
Preloading 0 native plugins for Editor in 0.00 ms.
Unloading 3926 Unused Serialized files (Serialized files now loaded: 0)
Unloading 27 unused Assets / (23.0 KB). Loaded Objects now: 4510.
Memory consumption went from 153.2 MB to 153.2 MB.
Total: 2.479500 ms (FindLiveObjects: 0.197100 ms CreateObjectMapping: 0.088700 ms MarkObjects: 2.124800 ms  DeleteObjects: 0.068000 ms)

AssetImportParameters requested are different than current active one (requested -> active):
  custom:video-decoder-ogg-theora: a1e56fd34408186e4bbccfd4996cb3dc -> 
  custom:container-muxer-webm: aa71ff27fc2769a1b78a27578f13a17b -> 
  custom:container-demuxer-webm: 4f35f7cbe854078d1ac9338744f61a02 -> 
  custom:video-encoder-webm-vp8: eb34c28f22e8b96e1ab97ce403110664 -> 
  custom:video-codec-MediaFoundation-h265: 746d11721c4dcdbdad8f713fa42b33f4 -> 
  custom:CustomObjectIndexerAttribute: bc11b3a6c3213fcdd17b65e7da85e133 -> 
  custom:audio-encoder-webm-vorbis: bf7c407c2cedff20999df2af8eb42d56 -> 
  custom:framework-win-MediaFoundation: 216162199b28c13a410421893ffa2e32 -> 
  custom:SearchIndexIgnoredProperties: e643bd26f0fe6173181afceb89e7c659 -> 
  custom:container-demuxer-ogg: 62fdf1f143b41e24485cea50d1cbac27 -> 
  custom:video-decoder-webm-vp8: 9c59270c3fd7afecdb556c50c9e8de78 -> 
  custom:audio-decoder-ogg-vorbis: bf7c407c2cedff20999df2af8eb42d56 -> 
========================================================================
Received Prepare
Registering precompiled user dll's ...
Registered in 0.003954 seconds.
Begin MonoManager ReloadAssembly
Native extension for WindowsStandalone target not found
Native extension for Android target not found
Native extension for WebGL target not found
Refreshing native plugins compatible for Editor in 0.88 ms, found 4 plugins.
Preloading 0 native plugins for Editor in 0.00 ms.
[Package Manager] Server::EnsureServerProcessIsRunning -- launch failed, reason: Unity was launched with the -noUpm command-line argument
[Package Manager] Cannot connect to Unity Package Manager local server
Mono: successfully reloaded assembly
- Completed reload, in  1.158 seconds
Domain Reload Profiling:
	ReloadAssembly (1158ms)
		BeginReloadAssembly (114ms)
			ExecutionOrderSort (0ms)
			DisableScriptedObjects (4ms)
			BackupInstance (0ms)
			ReleaseScriptingObjects (0ms)
			CreateAndSetChildDomain (28ms)
		EndReloadAssembly (979ms)
			LoadAssemblies (76ms)
			RebuildTransferFunctionScriptingTraits (0ms)
			SetupTypeCache (209ms)
			ReleaseScriptCaches (1ms)
			RebuildScriptCaches (35ms)
			SetupLoadedEditorAssemblies (645ms)
				LogAssemblyErrors (0ms)
				InitializePlatformSupportModulesInManaged (13ms)
				SetLoadedEditorAssemblies (0ms)
				RefreshPlugins (1ms)
				BeforeProcessingInitializeOnLoad (44ms)
				ProcessInitializeOnLoadAttributes (555ms)
				ProcessInitializeOnLoadMethodAttributes (28ms)
				AfterProcessingInitializeOnLoad (4ms)
				EditorAssembliesLoaded (0ms)
			ExecutionOrderSort2 (0ms)
			AwakeInstancesAfterBackupRestoration (5ms)
Platform modules already initialized, skipping
Refreshing native plugins compatible for Editor in 0.64 ms, found 4 plugins.
Preloading 0 native plugins for Editor in 0.00 ms.
Unloading 3926 Unused Serialized files (Serialized files now loaded: 0)
Unloading 27 unused Assets / (21.9 KB). Loaded Objects now: 4513.
Memory consumption went from 153.2 MB to 153.2 MB.
Total: 2.915700 ms (FindLiveObjects: 0.201100 ms CreateObjectMapping: 0.151900 ms MarkObjects: 2.482100 ms  DeleteObjects: 0.079800 ms)

AssetImportParameters requested are different than current active one (requested -> active):
  custom:video-decoder-ogg-theora: a1e56fd34408186e4bbccfd4996cb3dc -> 
  custom:container-muxer-webm: aa71ff27fc2769a1b78a27578f13a17b -> 
  custom:container-demuxer-webm: 4f35f7cbe854078d1ac9338744f61a02 -> 
  custom:video-encoder-webm-vp8: eb34c28f22e8b96e1ab97ce403110664 -> 
  custom:video-codec-MediaFoundation-h265: 746d11721c4dcdbdad8f713fa42b33f4 -> 
  custom:CustomObjectIndexerAttribute: bc11b3a6c3213fcdd17b65e7da85e133 -> 
  custom:audio-encoder-webm-vorbis: bf7c407c2cedff20999df2af8eb42d56 -> 
  custom:framework-win-MediaFoundation: 216162199b28c13a410421893ffa2e32 -> 
  custom:SearchIndexIgnoredProperties: e643bd26f0fe6173181afceb89e7c659 -> 
  custom:container-demuxer-ogg: 62fdf1f143b41e24485cea50d1cbac27 -> 
  custom:video-decoder-webm-vp8: 9c59270c3fd7afecdb556c50c9e8de78 -> 
  custom:audio-decoder-ogg-vorbis: bf7c407c2cedff20999df2af8eb42d56 -> 
========================================================================
Received Prepare
Registering precompiled user dll's ...
Registered in 0.003329 seconds.
Begin MonoManager ReloadAssembly
Native extension for WindowsStandalone target not found
Native extension for Android target not found
Native extension for WebGL target not found
Refreshing native plugins compatible for Editor in 0.60 ms, found 4 plugins.
Preloading 0 native plugins for Editor in 0.00 ms.
[Package Manager] Server::EnsureServerProcessIsRunning -- launch failed, reason: Unity was launched with the -noUpm command-line argument
[Package Manager] Cannot connect to Unity Package Manager local server
Mono: successfully reloaded assembly
- Completed reload, in  1.146 seconds
Domain Reload Profiling:
	ReloadAssembly (1147ms)
		BeginReloadAssembly (114ms)
			ExecutionOrderSort (0ms)
			DisableScriptedObjects (4ms)
			BackupInstance (0ms)
			ReleaseScriptingObjects (0ms)
			CreateAndSetChildDomain (25ms)
		EndReloadAssembly (963ms)
			LoadAssemblies (77ms)
			RebuildTransferFunctionScriptingTraits (0ms)
			SetupTypeCache (203ms)
			ReleaseScriptCaches (1ms)
			RebuildScriptCaches (35ms)
			SetupLoadedEditorAssemblies (635ms)
				LogAssemblyErrors (0ms)
				InitializePlatformSupportModulesInManaged (14ms)
				SetLoadedEditorAssemblies (0ms)
				RefreshPlugins (1ms)
				BeforeProcessingInitializeOnLoad (47ms)
				ProcessInitializeOnLoadAttributes (541ms)
				ProcessInitializeOnLoadMethodAttributes (27ms)
				AfterProcessingInitializeOnLoad (4ms)
				EditorAssembliesLoaded (0ms)
			ExecutionOrderSort2 (0ms)
			AwakeInstancesAfterBackupRestoration (5ms)
Platform modules already initialized, skipping
Refreshing native plugins compatible for Editor in 0.68 ms, found 4 plugins.
Preloading 0 native plugins for Editor in 0.00 ms.
Unloading 3926 Unused Serialized files (Serialized files now loaded: 0)
Unloading 27 unused Assets / (22.0 KB). Loaded Objects now: 4516.
Memory consumption went from 153.2 MB to 153.2 MB.
Total: 2.164600 ms (FindLiveObjects: 0.190000 ms CreateObjectMapping: 0.078500 ms MarkObjects: 1.866400 ms  DeleteObjects: 0.028100 ms)

AssetImportParameters requested are different than current active one (requested -> active):
  custom:video-decoder-ogg-theora: a1e56fd34408186e4bbccfd4996cb3dc -> 
  custom:container-muxer-webm: aa71ff27fc2769a1b78a27578f13a17b -> 
  custom:container-demuxer-webm: 4f35f7cbe854078d1ac9338744f61a02 -> 
  custom:video-encoder-webm-vp8: eb34c28f22e8b96e1ab97ce403110664 -> 
  custom:video-codec-MediaFoundation-h265: 746d11721c4dcdbdad8f713fa42b33f4 -> 
  custom:CustomObjectIndexerAttribute: bc11b3a6c3213fcdd17b65e7da85e133 -> 
  custom:audio-encoder-webm-vorbis: bf7c407c2cedff20999df2af8eb42d56 -> 
  custom:framework-win-MediaFoundation: 216162199b28c13a410421893ffa2e32 -> 
  custom:SearchIndexIgnoredProperties: e643bd26f0fe6173181afceb89e7c659 -> 
  custom:container-demuxer-ogg: 62fdf1f143b41e24485cea50d1cbac27 -> 
  custom:video-decoder-webm-vp8: 9c59270c3fd7afecdb556c50c9e8de78 -> 
  custom:audio-decoder-ogg-vorbis: bf7c407c2cedff20999df2af8eb42d56 -> 
========================================================================
Received Prepare
Registering precompiled user dll's ...
Registered in 0.005514 seconds.
Begin MonoManager ReloadAssembly
Native extension for WindowsStandalone target not found
Native extension for Android target not found
Native extension for WebGL target not found
Refreshing native plugins compatible for Editor in 0.81 ms, found 4 plugins.
Preloading 0 native plugins for Editor in 0.00 ms.
[Package Manager] Server::EnsureServerProcessIsRunning -- launch failed, reason: Unity was launched with the -noUpm command-line argument
[Package Manager] Cannot connect to Unity Package Manager local server
Mono: successfully reloaded assembly
- Completed reload, in  1.158 seconds
Domain Reload Profiling:
	ReloadAssembly (1159ms)
		BeginReloadAssembly (116ms)
			ExecutionOrderSort (0ms)
			DisableScriptedObjects (4ms)
			BackupInstance (0ms)
			ReleaseScriptingObjects (0ms)
			CreateAndSetChildDomain (26ms)
		EndReloadAssembly (980ms)
			LoadAssemblies (84ms)
			RebuildTransferFunctionScriptingTraits (0ms)
			SetupTypeCache (204ms)
			ReleaseScriptCaches (1ms)
			RebuildScriptCaches (35ms)
			SetupLoadedEditorAssemblies (640ms)
				LogAssemblyErrors (0ms)
				InitializePlatformSupportModulesInManaged (11ms)
				SetLoadedEditorAssemblies (0ms)
				RefreshPlugins (1ms)
				BeforeProcessingInitializeOnLoad (42ms)
				ProcessInitializeOnLoadAttributes (551ms)
				ProcessInitializeOnLoadMethodAttributes (32ms)
				AfterProcessingInitializeOnLoad (3ms)
				EditorAssembliesLoaded (0ms)
			ExecutionOrderSort2 (0ms)
			AwakeInstancesAfterBackupRestoration (5ms)
Platform modules already initialized, skipping
Refreshing native plugins compatible for Editor in 0.59 ms, found 4 plugins.
Preloading 0 native plugins for Editor in 0.00 ms.
Unloading 3926 Unused Serialized files (Serialized files now loaded: 0)
Unloading 27 unused Assets / (21.9 KB). Loaded Objects now: 4519.
Memory consumption went from 153.2 MB to 153.2 MB.
Total: 2.274100 ms (FindLiveObjects: 0.203200 ms CreateObjectMapping: 0.129700 ms MarkObjects: 1.886500 ms  DeleteObjects: 0.053000 ms)

AssetImportParameters requested are different than current active one (requested -> active):
  custom:video-decoder-ogg-theora: a1e56fd34408186e4bbccfd4996cb3dc -> 
  custom:container-muxer-webm: aa71ff27fc2769a1b78a27578f13a17b -> 
  custom:container-demuxer-webm: 4f35f7cbe854078d1ac9338744f61a02 -> 
  custom:video-encoder-webm-vp8: eb34c28f22e8b96e1ab97ce403110664 -> 
  custom:video-codec-MediaFoundation-h265: 746d11721c4dcdbdad8f713fa42b33f4 -> 
  custom:CustomObjectIndexerAttribute: bc11b3a6c3213fcdd17b65e7da85e133 -> 
  custom:audio-encoder-webm-vorbis: bf7c407c2cedff20999df2af8eb42d56 -> 
  custom:framework-win-MediaFoundation: 216162199b28c13a410421893ffa2e32 -> 
  custom:SearchIndexIgnoredProperties: e643bd26f0fe6173181afceb89e7c659 -> 
  custom:container-demuxer-ogg: 62fdf1f143b41e24485cea50d1cbac27 -> 
  custom:video-decoder-webm-vp8: 9c59270c3fd7afecdb556c50c9e8de78 -> 
  custom:audio-decoder-ogg-vorbis: bf7c407c2cedff20999df2af8eb42d56 -> 
========================================================================
Received Prepare
Registering precompiled user dll's ...
Registered in 0.003574 seconds.
Begin MonoManager ReloadAssembly
Native extension for WindowsStandalone target not found
Native extension for Android target not found
Native extension for WebGL target not found
Refreshing native plugins compatible for Editor in 0.62 ms, found 4 plugins.
Preloading 0 native plugins for Editor in 0.00 ms.
[Package Manager] Server::EnsureServerProcessIsRunning -- launch failed, reason: Unity was launched with the -noUpm command-line argument
[Package Manager] Cannot connect to Unity Package Manager local server
Mono: successfully reloaded assembly
- Completed reload, in  1.200 seconds
Domain Reload Profiling:
	ReloadAssembly (1200ms)
		BeginReloadAssembly (116ms)
			ExecutionOrderSort (0ms)
			DisableScriptedObjects (4ms)
			BackupInstance (0ms)
			ReleaseScriptingObjects (0ms)
			CreateAndSetChildDomain (25ms)
		EndReloadAssembly (1017ms)
			LoadAssemblies (83ms)
			RebuildTransferFunctionScriptingTraits (0ms)
			SetupTypeCache (222ms)
			ReleaseScriptCaches (1ms)
			RebuildScriptCaches (37ms)
			SetupLoadedEditorAssemblies (664ms)
				LogAssemblyErrors (0ms)
				InitializePlatformSupportModulesInManaged (13ms)
				SetLoadedEditorAssemblies (0ms)
				RefreshPlugins (1ms)
				BeforeProcessingInitializeOnLoad (42ms)
				ProcessInitializeOnLoadAttributes (579ms)
				ProcessInitializeOnLoadMethodAttributes (26ms)
				AfterProcessingInitializeOnLoad (3ms)
				EditorAssembliesLoaded (0ms)
			ExecutionOrderSort2 (0ms)
			AwakeInstancesAfterBackupRestoration (6ms)
Platform modules already initialized, skipping
Refreshing native plugins compatible for Editor in 0.79 ms, found 4 plugins.
Preloading 0 native plugins for Editor in 0.00 ms.
Unloading 3926 Unused Serialized files (Serialized files now loaded: 0)
Unloading 27 unused Assets / (22.0 KB). Loaded Objects now: 4522.
Memory consumption went from 153.2 MB to 153.2 MB.
Total: 2.807700 ms (FindLiveObjects: 0.231200 ms CreateObjectMapping: 0.096800 ms MarkObjects: 2.448000 ms  DeleteObjects: 0.030700 ms)

AssetImportParameters requested are different than current active one (requested -> active):
  custom:video-decoder-ogg-theora: a1e56fd34408186e4bbccfd4996cb3dc -> 
  custom:container-muxer-webm: aa71ff27fc2769a1b78a27578f13a17b -> 
  custom:container-demuxer-webm: 4f35f7cbe854078d1ac9338744f61a02 -> 
  custom:video-encoder-webm-vp8: eb34c28f22e8b96e1ab97ce403110664 -> 
  custom:video-codec-MediaFoundation-h265: 746d11721c4dcdbdad8f713fa42b33f4 -> 
  custom:CustomObjectIndexerAttribute: bc11b3a6c3213fcdd17b65e7da85e133 -> 
  custom:audio-encoder-webm-vorbis: bf7c407c2cedff20999df2af8eb42d56 -> 
  custom:framework-win-MediaFoundation: 216162199b28c13a410421893ffa2e32 -> 
  custom:SearchIndexIgnoredProperties: e643bd26f0fe6173181afceb89e7c659 -> 
  custom:container-demuxer-ogg: 62fdf1f143b41e24485cea50d1cbac27 -> 
  custom:video-decoder-webm-vp8: 9c59270c3fd7afecdb556c50c9e8de78 -> 
  custom:audio-decoder-ogg-vorbis: bf7c407c2cedff20999df2af8eb42d56 -> 
========================================================================
Received Prepare
Registering precompiled user dll's ...
Registered in 0.003654 seconds.
Begin MonoManager ReloadAssembly
Native extension for WindowsStandalone target not found
Native extension for Android target not found
Native extension for WebGL target not found
Refreshing native plugins compatible for Editor in 0.89 ms, found 4 plugins.
Preloading 0 native plugins for Editor in 0.00 ms.
[Package Manager] Server::EnsureServerProcessIsRunning -- launch failed, reason: Unity was launched with the -noUpm command-line argument
[Package Manager] Cannot connect to Unity Package Manager local server
Mono: successfully reloaded assembly
- Completed reload, in  1.182 seconds
Domain Reload Profiling:
	ReloadAssembly (1182ms)
		BeginReloadAssembly (114ms)
			ExecutionOrderSort (0ms)
			DisableScriptedObjects (5ms)
			BackupInstance (0ms)
			ReleaseScriptingObjects (0ms)
			CreateAndSetChildDomain (26ms)
		EndReloadAssembly (994ms)
			LoadAssemblies (76ms)
			RebuildTransferFunctionScriptingTraits (0ms)
			SetupTypeCache (211ms)
			ReleaseScriptCaches (1ms)
			RebuildScriptCaches (41ms)
			SetupLoadedEditorAssemblies (642ms)
				LogAssemblyErrors (0ms)
				InitializePlatformSupportModulesInManaged (15ms)
				SetLoadedEditorAssemblies (0ms)
				RefreshPlugins (1ms)
				BeforeProcessingInitializeOnLoad (43ms)
				ProcessInitializeOnLoadAttributes (551ms)
				ProcessInitializeOnLoadMethodAttributes (28ms)
				AfterProcessingInitializeOnLoad (3ms)
				EditorAssembliesLoaded (0ms)
			ExecutionOrderSort2 (0ms)
			AwakeInstancesAfterBackupRestoration (5ms)
Platform modules already initialized, skipping
Refreshing native plugins compatible for Editor in 0.70 ms, found 4 plugins.
Preloading 0 native plugins for Editor in 0.00 ms.
Unloading 3926 Unused Serialized files (Serialized files now loaded: 0)
Unloading 27 unused Assets / (21.9 KB). Loaded Objects now: 4525.
Memory consumption went from 153.2 MB to 153.2 MB.
Total: 2.503900 ms (FindLiveObjects: 0.249300 ms CreateObjectMapping: 0.119800 ms MarkObjects: 2.097200 ms  DeleteObjects: 0.036600 ms)

AssetImportParameters requested are different than current active one (requested -> active):
  custom:video-decoder-ogg-theora: a1e56fd34408186e4bbccfd4996cb3dc -> 
  custom:container-muxer-webm: aa71ff27fc2769a1b78a27578f13a17b -> 
  custom:container-demuxer-webm: 4f35f7cbe854078d1ac9338744f61a02 -> 
  custom:video-encoder-webm-vp8: eb34c28f22e8b96e1ab97ce403110664 -> 
  custom:video-codec-MediaFoundation-h265: 746d11721c4dcdbdad8f713fa42b33f4 -> 
  custom:CustomObjectIndexerAttribute: bc11b3a6c3213fcdd17b65e7da85e133 -> 
  custom:audio-encoder-webm-vorbis: bf7c407c2cedff20999df2af8eb42d56 -> 
  custom:framework-win-MediaFoundation: 216162199b28c13a410421893ffa2e32 -> 
  custom:SearchIndexIgnoredProperties: e643bd26f0fe6173181afceb89e7c659 -> 
  custom:container-demuxer-ogg: 62fdf1f143b41e24485cea50d1cbac27 -> 
  custom:video-decoder-webm-vp8: 9c59270c3fd7afecdb556c50c9e8de78 -> 
  custom:audio-decoder-ogg-vorbis: bf7c407c2cedff20999df2af8eb42d56 -> 
========================================================================
Received Prepare
Registering precompiled user dll's ...
Registered in 0.003749 seconds.
Begin MonoManager ReloadAssembly
Native extension for WindowsStandalone target not found
Native extension for Android target not found
Native extension for WebGL target not found
Refreshing native plugins compatible for Editor in 0.88 ms, found 4 plugins.
Preloading 0 native plugins for Editor in 0.00 ms.
[Package Manager] Server::EnsureServerProcessIsRunning -- launch failed, reason: Unity was launched with the -noUpm command-line argument
[Package Manager] Cannot connect to Unity Package Manager local server
Mono: successfully reloaded assembly
- Completed reload, in  1.177 seconds
Domain Reload Profiling:
	ReloadAssembly (1178ms)
		BeginReloadAssembly (115ms)
			ExecutionOrderSort (0ms)
			DisableScriptedObjects (5ms)
			BackupInstance (0ms)
			ReleaseScriptingObjects (0ms)
			CreateAndSetChildDomain (27ms)
		EndReloadAssembly (993ms)
			LoadAssemblies (74ms)
			RebuildTransferFunctionScriptingTraits (0ms)
			SetupTypeCache (215ms)
			ReleaseScriptCaches (1ms)
			RebuildScriptCaches (41ms)
			SetupLoadedEditorAssemblies (649ms)
				LogAssemblyErrors (0ms)
				InitializePlatformSupportModulesInManaged (13ms)
				SetLoadedEditorAssemblies (0ms)
				RefreshPlugins (1ms)
				BeforeProcessingInitializeOnLoad (48ms)
				ProcessInitializeOnLoadAttributes (556ms)
				ProcessInitializeOnLoadMethodAttributes (27ms)
				AfterProcessingInitializeOnLoad (3ms)
				EditorAssembliesLoaded (0ms)
			ExecutionOrderSort2 (0ms)
			AwakeInstancesAfterBackupRestoration (4ms)
Platform modules already initialized, skipping
Refreshing native plugins compatible for Editor in 0.70 ms, found 4 plugins.
Preloading 0 native plugins for Editor in 0.00 ms.
Unloading 3926 Unused Serialized files (Serialized files now loaded: 0)
Unloading 27 unused Assets / (22.0 KB). Loaded Objects now: 4528.
Memory consumption went from 153.2 MB to 153.2 MB.
Total: 2.808700 ms (FindLiveObjects: 0.237300 ms CreateObjectMapping: 0.107200 ms MarkObjects: 2.430000 ms  DeleteObjects: 0.033400 ms)

AssetImportParameters requested are different than current active one (requested -> active):
  custom:video-decoder-ogg-theora: a1e56fd34408186e4bbccfd4996cb3dc -> 
  custom:container-muxer-webm: aa71ff27fc2769a1b78a27578f13a17b -> 
  custom:container-demuxer-webm: 4f35f7cbe854078d1ac9338744f61a02 -> 
  custom:video-encoder-webm-vp8: eb34c28f22e8b96e1ab97ce403110664 -> 
  custom:video-codec-MediaFoundation-h265: 746d11721c4dcdbdad8f713fa42b33f4 -> 
  custom:CustomObjectIndexerAttribute: bc11b3a6c3213fcdd17b65e7da85e133 -> 
  custom:audio-encoder-webm-vorbis: bf7c407c2cedff20999df2af8eb42d56 -> 
  custom:framework-win-MediaFoundation: 216162199b28c13a410421893ffa2e32 -> 
  custom:SearchIndexIgnoredProperties: e643bd26f0fe6173181afceb89e7c659 -> 
  custom:container-demuxer-ogg: 62fdf1f143b41e24485cea50d1cbac27 -> 
  custom:video-decoder-webm-vp8: 9c59270c3fd7afecdb556c50c9e8de78 -> 
  custom:audio-decoder-ogg-vorbis: bf7c407c2cedff20999df2af8eb42d56 -> 
========================================================================
Received Prepare
Refreshing native plugins compatible for Editor in 6.85 ms, found 4 plugins.
Preloading 0 native plugins for Editor in 0.00 ms.
Unloading 25 Unused Serialized files (Serialized files now loaded: 0)
Unloading 25 unused Assets / (22.0 KB). Loaded Objects now: 4528.
Memory consumption went from 75.2 MB to 75.2 MB.
Total: 4.606600 ms (FindLiveObjects: 0.274000 ms CreateObjectMapping: 0.141900 ms MarkObjects: 4.116400 ms  DeleteObjects: 0.073100 ms)

AssetImportParameters requested are different than current active one (requested -> active):
  custom:video-decoder-ogg-theora: a1e56fd34408186e4bbccfd4996cb3dc -> 
  custom:container-muxer-webm: aa71ff27fc2769a1b78a27578f13a17b -> 
  custom:container-demuxer-webm: 4f35f7cbe854078d1ac9338744f61a02 -> 
  custom:video-encoder-webm-vp8: eb34c28f22e8b96e1ab97ce403110664 -> 
  custom:video-codec-MediaFoundation-h265: 746d11721c4dcdbdad8f713fa42b33f4 -> 
  custom:CustomObjectIndexerAttribute: bc11b3a6c3213fcdd17b65e7da85e133 -> 
  custom:audio-encoder-webm-vorbis: bf7c407c2cedff20999df2af8eb42d56 -> 
  custom:framework-win-MediaFoundation: 216162199b28c13a410421893ffa2e32 -> 
  custom:SearchIndexIgnoredProperties: e643bd26f0fe6173181afceb89e7c659 -> 
  custom:container-demuxer-ogg: 62fdf1f143b41e24485cea50d1cbac27 -> 
  custom:video-decoder-webm-vp8: 9c59270c3fd7afecdb556c50c9e8de78 -> 
  custom:audio-decoder-ogg-vorbis: bf7c407c2cedff20999df2af8eb42d56 -> 
