Using pre-set license
Built from '2021.3/staging' branch; Version is '2021.3.45f1 (0da89fac8e79) revision 895135'; Using compiler version '192829333'; Build Type 'Release'
OS: 'Windows 11  (10.0.26100) 64bit Professional' Language: 'es' Physical Memory: 16103 MB
BatchMode: 1, IsHumanControllingUs: 0, StartBugReporterOnCrash: 0, Is64bit: 1, IsPro: 1

COMMAND LINE ARGUMENTS:
C:\Program Files\Unity\Hub\Editor\2021.3.45f1\Editor\Unity.exe
-adb2
-batchMode
-noUpm
-name
AssetImportWorker7
-projectPath
C:/Users/Admin/Desktop/git_electiva/electiva-videojuegos
-logFile
Logs/AssetImportWorker7.log
-srvPort
55821
Successfully changed project path to: C:/Users/Admin/Desktop/git_electiva/electiva-videojuegos
C:/Users/Admin/Desktop/git_electiva/electiva-videojuegos
[UnityMemory] Configuration Parameters - Can be set up in boot.config
    "memorysetup-bucket-allocator-granularity=16"
    "memorysetup-bucket-allocator-bucket-count=8"
    "memorysetup-bucket-allocator-block-size=33554432"
    "memorysetup-bucket-allocator-block-count=8"
    "memorysetup-main-allocator-block-size=16777216"
    "memorysetup-thread-allocator-block-size=16777216"
    "memorysetup-gfx-main-allocator-block-size=16777216"
    "memorysetup-gfx-thread-allocator-block-size=16777216"
    "memorysetup-cache-allocator-block-size=4194304"
    "memorysetup-typetree-allocator-block-size=2097152"
    "memorysetup-profiler-bucket-allocator-granularity=16"
    "memorysetup-profiler-bucket-allocator-bucket-count=8"
    "memorysetup-profiler-bucket-allocator-block-size=33554432"
    "memorysetup-profiler-bucket-allocator-block-count=8"
    "memorysetup-profiler-allocator-block-size=16777216"
    "memorysetup-profiler-editor-allocator-block-size=1048576"
    "memorysetup-temp-allocator-size-main=16777216"
    "memorysetup-job-temp-allocator-block-size=2097152"
    "memorysetup-job-temp-allocator-block-size-background=1048576"
    "memorysetup-job-temp-allocator-reduction-small-platforms=262144"
    "memorysetup-temp-allocator-size-background-worker=32768"
    "memorysetup-temp-allocator-size-job-worker=262144"
    "memorysetup-temp-allocator-size-preload-manager=33554432"
    "memorysetup-temp-allocator-size-nav-mesh-worker=65536"
    "memorysetup-temp-allocator-size-audio-worker=65536"
    "memorysetup-temp-allocator-size-cloud-worker=32768"
    "memorysetup-temp-allocator-size-gi-baking-worker=262144"
    "memorysetup-temp-allocator-size-gfx=262144"
Player connection [30004] Host "[IP] 192.168.0.108 [Port] 0 [Flags] 2 [Guid] 130354588 [EditorId] 130354588 [Version] 1048832 [Id] WindowsEditor(7,DESKTOP-9280USP) [Debug] 1 [PackageName] WindowsEditor [ProjectName] Editor" joined multi-casting on [225.0.0.222:54997]...

Player connection [30004] Host "[IP] 192.168.0.108 [Port] 0 [Flags] 2 [Guid] 130354588 [EditorId] 130354588 [Version] 1048832 [Id] WindowsEditor(7,DESKTOP-9280USP) [Debug] 1 [PackageName] WindowsEditor [ProjectName] Editor" joined alternative multi-casting on [225.0.0.222:34997]...

[Physics::Module] Initialized MultithreadedJobDispatcher with {0} workers.
Refreshing native plugins compatible for Editor in 75.20 ms, found 4 plugins.
Preloading 0 native plugins for Editor in 0.00 ms.
Initialize engine version: 2021.3.45f1 (0da89fac8e79)
[Subsystems] Discovering subsystems at path C:/Program Files/Unity/Hub/Editor/2021.3.45f1/Editor/Data/Resources/UnitySubsystems
[Subsystems] Discovering subsystems at path C:/Users/Admin/Desktop/git_electiva/electiva-videojuegos/Assets
GfxDevice: creating device client; threaded=0; jobified=0
Direct3D:
    Version:  Direct3D 11.0 [level 11.1]
    Renderer: Radeon (TM) RX 470 Series (ID=0x67df)
    Vendor:   ATI
    VRAM:     4039 MB
    Driver:   31.0.21923.1000
Initialize mono
Mono path[0] = 'C:/Program Files/Unity/Hub/Editor/2021.3.45f1/Editor/Data/Managed'
Mono path[1] = 'C:/Program Files/Unity/Hub/Editor/2021.3.45f1/Editor/Data/MonoBleedingEdge/lib/mono/unityjit-win32'
Mono config path = 'C:/Program Files/Unity/Hub/Editor/2021.3.45f1/Editor/Data/MonoBleedingEdge/etc'
Using monoOptions --debugger-agent=transport=dt_socket,embedding=1,server=y,suspend=n,address=127.0.0.1:56716
Begin MonoManager ReloadAssembly
Registering precompiled unity dll's ...
Register platform support module: C:/Program Files/Unity/Hub/Editor/2021.3.45f1/Editor/Data/PlaybackEngines/WebGLSupport/UnityEditor.WebGL.Extensions.dll
Register platform support module: C:/Program Files/Unity/Hub/Editor/2021.3.45f1/Editor/Data/PlaybackEngines/AndroidPlayer/UnityEditor.Android.Extensions.dll
Register platform support module: C:/Program Files/Unity/Hub/Editor/2021.3.45f1/Editor/Data/PlaybackEngines/WindowsStandaloneSupport/UnityEditor.WindowsStandalone.Extensions.dll
Registered in 0.003453 seconds.
Native extension for WindowsStandalone target not found
Native extension for Android target not found
Android Extension - Scanning For ADB Devices 215 ms
Native extension for WebGL target not found
Refreshing native plugins compatible for Editor in 52.64 ms, found 4 plugins.
Preloading 0 native plugins for Editor in 0.00 ms.
Mono: successfully reloaded assembly
- Completed reload, in  0.717 seconds
Domain Reload Profiling:
	ReloadAssembly (717ms)
		BeginReloadAssembly (78ms)
			ExecutionOrderSort (0ms)
			DisableScriptedObjects (0ms)
			BackupInstance (0ms)
			ReleaseScriptingObjects (0ms)
			CreateAndSetChildDomain (1ms)
		EndReloadAssembly (560ms)
			LoadAssemblies (77ms)
			RebuildTransferFunctionScriptingTraits (0ms)
			SetupTypeCache (80ms)
			ReleaseScriptCaches (0ms)
			RebuildScriptCaches (19ms)
			SetupLoadedEditorAssemblies (430ms)
				LogAssemblyErrors (0ms)
				InitializePlatformSupportModulesInManaged (270ms)
				SetLoadedEditorAssemblies (0ms)
				RefreshPlugins (53ms)
				BeforeProcessingInitializeOnLoad (1ms)
				ProcessInitializeOnLoadAttributes (75ms)
				ProcessInitializeOnLoadMethodAttributes (31ms)
				AfterProcessingInitializeOnLoad (0ms)
				EditorAssembliesLoaded (0ms)
			ExecutionOrderSort2 (0ms)
			AwakeInstancesAfterBackupRestoration (0ms)
Platform modules already initialized, skipping
Registering precompiled user dll's ...
Registered in 0.004195 seconds.
Begin MonoManager ReloadAssembly
Native extension for WindowsStandalone target not found
Native extension for Android target not found
Native extension for WebGL target not found
Refreshing native plugins compatible for Editor in 61.13 ms, found 4 plugins.
Preloading 0 native plugins for Editor in 0.00 ms.
Package Manager log level set to [2]
[Package Manager] Server::EnsureServerProcessIsRunning -- launch failed, reason: Unity was launched with the -noUpm command-line argument
[Package Manager] Cannot connect to Unity Package Manager local server
Mono: successfully reloaded assembly
- Completed reload, in  1.352 seconds
Domain Reload Profiling:
	ReloadAssembly (1353ms)
		BeginReloadAssembly (96ms)
			ExecutionOrderSort (0ms)
			DisableScriptedObjects (5ms)
			BackupInstance (0ms)
			ReleaseScriptingObjects (0ms)
			CreateAndSetChildDomain (15ms)
		EndReloadAssembly (1181ms)
			LoadAssemblies (82ms)
			RebuildTransferFunctionScriptingTraits (0ms)
			SetupTypeCache (242ms)
			ReleaseScriptCaches (0ms)
			RebuildScriptCaches (41ms)
			SetupLoadedEditorAssemblies (804ms)
				LogAssemblyErrors (0ms)
				InitializePlatformSupportModulesInManaged (11ms)
				SetLoadedEditorAssemblies (0ms)
				RefreshPlugins (61ms)
				BeforeProcessingInitializeOnLoad (52ms)
				ProcessInitializeOnLoadAttributes (639ms)
				ProcessInitializeOnLoadMethodAttributes (38ms)
				AfterProcessingInitializeOnLoad (4ms)
				EditorAssembliesLoaded (0ms)
			ExecutionOrderSort2 (0ms)
			AwakeInstancesAfterBackupRestoration (5ms)
Platform modules already initialized, skipping
========================================================================
Worker process is ready to serve import requests
Launched and connected shader compiler UnityShaderCompiler.exe after 0.06 seconds
Refreshing native plugins compatible for Editor in 1.14 ms, found 4 plugins.
Preloading 0 native plugins for Editor in 0.00 ms.
Unloading 3967 Unused Serialized files (Serialized files now loaded: 0)
Unloading 40 unused Assets / (46.4 KB). Loaded Objects now: 4430.
Memory consumption went from 151.5 MB to 151.4 MB.
Total: 2.738600 ms (FindLiveObjects: 0.187200 ms CreateObjectMapping: 0.094000 ms MarkObjects: 2.384400 ms  DeleteObjects: 0.071900 ms)

AssetImportParameters requested are different than current active one (requested -> active):
  custom:video-decoder-ogg-theora: a1e56fd34408186e4bbccfd4996cb3dc -> 
  custom:container-muxer-webm: aa71ff27fc2769a1b78a27578f13a17b -> 
  custom:container-demuxer-webm: 4f35f7cbe854078d1ac9338744f61a02 -> 
  custom:video-encoder-webm-vp8: eb34c28f22e8b96e1ab97ce403110664 -> 
  custom:video-codec-MediaFoundation-h265: 746d11721c4dcdbdad8f713fa42b33f4 -> 
  custom:CustomObjectIndexerAttribute: bc11b3a6c3213fcdd17b65e7da85e133 -> 
  custom:audio-encoder-webm-vorbis: bf7c407c2cedff20999df2af8eb42d56 -> 
  custom:framework-win-MediaFoundation: 216162199b28c13a410421893ffa2e32 -> 
  custom:SearchIndexIgnoredProperties: e643bd26f0fe6173181afceb89e7c659 -> 
  custom:container-demuxer-ogg: 62fdf1f143b41e24485cea50d1cbac27 -> 
  custom:video-decoder-webm-vp8: 9c59270c3fd7afecdb556c50c9e8de78 -> 
  custom:audio-decoder-ogg-vorbis: bf7c407c2cedff20999df2af8eb42d56 -> 
========================================================================
Received Import Request.
  Time since last request: 427193.483012 seconds.
  path: Assets/Assets/HUD/Frames/1-4.png
  artifactKey: Guid(e6d1ddd40e8efd04397f9e87d0c6e6fc) Importer(815301076,1909f56bfc062723c751e8b465ee728b)
Number of updated assets reloaded before import = 0
Start importing Assets/Assets/HUD/Frames/1-4.png using Guid(e6d1ddd40e8efd04397f9e87d0c6e6fc) Importer(815301076,1909f56bfc062723c751e8b465ee728b)  -> (artifact id: '4a2b7c5288141e4b67668a9109385fce') in 0.122231 seconds 
Number of asset objects unloaded after import = 2
========================================================================
Received Import Request.
  Time since last request: 0.000026 seconds.
  path: Assets/Assets/HUD/Frames/3-6.png
  artifactKey: Guid(94e75317d33c5154e8b447939df1cd80) Importer(815301076,1909f56bfc062723c751e8b465ee728b)
Number of updated assets reloaded before import = 0
Start importing Assets/Assets/HUD/Frames/3-6.png using Guid(94e75317d33c5154e8b447939df1cd80) Importer(815301076,1909f56bfc062723c751e8b465ee728b)  -> (artifact id: '660f8ee0e118fe3341fd0f186a5e2ca7') in 0.023217 seconds 
Number of asset objects unloaded after import = 2
========================================================================
Received Import Request.
  Time since last request: 0.000028 seconds.
  path: Assets/Assets/HUD/Frames/6-1.png
  artifactKey: Guid(85a34bd50d2dbde4e98df0abd4127368) Importer(815301076,1909f56bfc062723c751e8b465ee728b)
Number of updated assets reloaded before import = 0
Start importing Assets/Assets/HUD/Frames/6-1.png using Guid(85a34bd50d2dbde4e98df0abd4127368) Importer(815301076,1909f56bfc062723c751e8b465ee728b)  -> (artifact id: 'de20b6ef4736ca04ff2308c5ea6f55be') in 0.018492 seconds 
Number of asset objects unloaded after import = 2
========================================================================
Received Import Request.
  Time since last request: 0.000017 seconds.
  path: Assets/Assets/HUD/Frames/5-2.png
  artifactKey: Guid(79ba6e1f0474e584986b96e6ce2d6895) Importer(815301076,1909f56bfc062723c751e8b465ee728b)
Number of updated assets reloaded before import = 0
Start importing Assets/Assets/HUD/Frames/5-2.png using Guid(79ba6e1f0474e584986b96e6ce2d6895) Importer(815301076,1909f56bfc062723c751e8b465ee728b)  -> (artifact id: 'c8c0f2dad6c8dee4930658f5ccd7c10a') in 0.019543 seconds 
Number of asset objects unloaded after import = 2
========================================================================
Received Import Request.
  Time since last request: 0.000016 seconds.
  path: Assets/Assets/HUD/Frames/4-1.png
  artifactKey: Guid(f87426bd980d30548a6e6b0d68341a7e) Importer(815301076,1909f56bfc062723c751e8b465ee728b)
Number of updated assets reloaded before import = 0
Start importing Assets/Assets/HUD/Frames/4-1.png using Guid(f87426bd980d30548a6e6b0d68341a7e) Importer(815301076,1909f56bfc062723c751e8b465ee728b)  -> (artifact id: '6f952020dbbeb26ec02bcf1c11fb2d1e') in 0.014538 seconds 
Number of asset objects unloaded after import = 2
========================================================================
Received Import Request.
  Time since last request: 0.000016 seconds.
  path: Assets/Assets/HUD/Frames/5-1.png
  artifactKey: Guid(132d852ddb21207428ea26ec6af05669) Importer(815301076,1909f56bfc062723c751e8b465ee728b)
Number of updated assets reloaded before import = 0
Start importing Assets/Assets/HUD/Frames/5-1.png using Guid(132d852ddb21207428ea26ec6af05669) Importer(815301076,1909f56bfc062723c751e8b465ee728b)  -> (artifact id: '1e7160e46ab518901d73036a44673610') in 0.020001 seconds 
Number of asset objects unloaded after import = 2
========================================================================
Received Import Request.
  Time since last request: 9.296744 seconds.
  path: Assets/Assets/HUD/Skill Icons/Sorceress Icons/Sorceress Green Skills/Ase/Sorceress Green Skill 03.aseprite
  artifactKey: Guid(7f884253569685f459362ad0bcccd8b4) Importer(815301076,1909f56bfc062723c751e8b465ee728b)
Number of updated assets reloaded before import = 0
Start importing Assets/Assets/HUD/Skill Icons/Sorceress Icons/Sorceress Green Skills/Ase/Sorceress Green Skill 03.aseprite using Guid(7f884253569685f459362ad0bcccd8b4) Importer(815301076,1909f56bfc062723c751e8b465ee728b)  -> (artifact id: 'bcbfc6c35498a04b964b8e75ee965d0f') in 0.091581 seconds 
Number of asset objects unloaded after import = 7
========================================================================
Received Import Request.
  Time since last request: 0.000027 seconds.
  path: Assets/Assets/HUD/Skill Icons/Sorceress Icons/Sorceress Green Skills/Ase/Sorceress Green Skill 07.aseprite
  artifactKey: Guid(aaa53c4bc59208b4c8a9d595e29d3740) Importer(815301076,1909f56bfc062723c751e8b465ee728b)
Number of updated assets reloaded before import = 0
Start importing Assets/Assets/HUD/Skill Icons/Sorceress Icons/Sorceress Green Skills/Ase/Sorceress Green Skill 07.aseprite using Guid(aaa53c4bc59208b4c8a9d595e29d3740) Importer(815301076,1909f56bfc062723c751e8b465ee728b)  -> (artifact id: '6508eb007b2503e8b1c11901325fc2f2') in 0.026582 seconds 
Number of asset objects unloaded after import = 7
========================================================================
Received Import Request.
  Time since last request: 0.000034 seconds.
  path: Assets/Assets/HUD/Skill Icons/Sorceress Icons/Sorceress Green Skills/Ase/Sorceress Green Skill 09.aseprite
  artifactKey: Guid(fa1be5f3a92bc6a41b721fe784f008c3) Importer(815301076,1909f56bfc062723c751e8b465ee728b)
Number of updated assets reloaded before import = 0
Start importing Assets/Assets/HUD/Skill Icons/Sorceress Icons/Sorceress Green Skills/Ase/Sorceress Green Skill 09.aseprite using Guid(fa1be5f3a92bc6a41b721fe784f008c3) Importer(815301076,1909f56bfc062723c751e8b465ee728b)  -> (artifact id: 'afb6e15a3efbe1e14cacfdf196db91ae') in 0.025495 seconds 
Number of asset objects unloaded after import = 7
========================================================================
Received Import Request.
  Time since last request: 29.575838 seconds.
  path: Assets/Assets/HUD/Skill Icons/Necromancer Icons/Necromancer Green Skills/Ase/Necromancer Green Skill 03.aseprite
  artifactKey: Guid(241dc41972cc73641b30b4f3391ac052) Importer(815301076,1909f56bfc062723c751e8b465ee728b)
Number of updated assets reloaded before import = 0
Start importing Assets/Assets/HUD/Skill Icons/Necromancer Icons/Necromancer Green Skills/Ase/Necromancer Green Skill 03.aseprite using Guid(241dc41972cc73641b30b4f3391ac052) Importer(815301076,1909f56bfc062723c751e8b465ee728b)  -> (artifact id: '320588be23128984f1eb1ab648c3c5e2') in 0.033306 seconds 
Number of asset objects unloaded after import = 7
========================================================================
Received Import Request.
  Time since last request: 0.000017 seconds.
  path: Assets/Assets/HUD/Skill Icons/Necromancer Icons/Necromancer Green Skills/Ase/Necromancer Green Skill 05.aseprite
  artifactKey: Guid(02cdfd059c1dd50408ae74d824cddd1a) Importer(815301076,1909f56bfc062723c751e8b465ee728b)
Number of updated assets reloaded before import = 0
Start importing Assets/Assets/HUD/Skill Icons/Necromancer Icons/Necromancer Green Skills/Ase/Necromancer Green Skill 05.aseprite using Guid(02cdfd059c1dd50408ae74d824cddd1a) Importer(815301076,1909f56bfc062723c751e8b465ee728b)  -> (artifact id: '1de217929e2a682f253601b2e9a1d42b') in 0.023718 seconds 
Number of asset objects unloaded after import = 7
========================================================================
Received Import Request.
  Time since last request: 0.000019 seconds.
  path: Assets/Assets/HUD/Skill Icons/Necromancer Icons/Necromancer Green Skills/Ase/Necromancer Green Skill 10.aseprite
  artifactKey: Guid(b391e323260af9c4cba80a91e2d5bf7b) Importer(815301076,1909f56bfc062723c751e8b465ee728b)
Number of updated assets reloaded before import = 0
Start importing Assets/Assets/HUD/Skill Icons/Necromancer Icons/Necromancer Green Skills/Ase/Necromancer Green Skill 10.aseprite using Guid(b391e323260af9c4cba80a91e2d5bf7b) Importer(815301076,1909f56bfc062723c751e8b465ee728b)  -> (artifact id: '9e3f54e2a0a315de332b60c0d612f65b') in 0.026181 seconds 
Number of asset objects unloaded after import = 7
========================================================================
Received Import Request.
  Time since last request: 0.000016 seconds.
  path: Assets/Assets/HUD/Skill Icons/Necromancer Icons/Necromancer Green Skills/Ase/Necromancer Green Skill 07.aseprite
  artifactKey: Guid(03757b93bd67e3c4a887e7d2a694934d) Importer(815301076,1909f56bfc062723c751e8b465ee728b)
Number of updated assets reloaded before import = 0
Start importing Assets/Assets/HUD/Skill Icons/Necromancer Icons/Necromancer Green Skills/Ase/Necromancer Green Skill 07.aseprite using Guid(03757b93bd67e3c4a887e7d2a694934d) Importer(815301076,1909f56bfc062723c751e8b465ee728b)  -> (artifact id: '1c5fb53e342e611e9e50f34729bdedfe') in 0.024385 seconds 
Number of asset objects unloaded after import = 7
========================================================================
Received Import Request.
  Time since last request: 17.452764 seconds.
  path: Assets/Assets/ROOM/Ground_rocks_63.asset
  artifactKey: Guid(44a02d486f0a5d54883578561459d7d3) Importer(815301076,1909f56bfc062723c751e8b465ee728b)
Number of updated assets reloaded before import = 0
Start importing Assets/Assets/ROOM/Ground_rocks_63.asset using Guid(44a02d486f0a5d54883578561459d7d3) Importer(815301076,1909f56bfc062723c751e8b465ee728b)  -> (artifact id: 'fa5f0c6d479313d453a8ffface594680') in 0.025448 seconds 
Number of asset objects unloaded after import = 3
========================================================================
Received Import Request.
  Time since last request: 0.000019 seconds.
  path: Assets/Assets/ROOM/Ground_rocks_64.asset
  artifactKey: Guid(f71142e19680c044785c13976dcc6926) Importer(815301076,1909f56bfc062723c751e8b465ee728b)
Number of updated assets reloaded before import = 0
Start importing Assets/Assets/ROOM/Ground_rocks_64.asset using Guid(f71142e19680c044785c13976dcc6926) Importer(815301076,1909f56bfc062723c751e8b465ee728b)  -> (artifact id: 'e852f1f80336207b250ff336fb3c65a6') in 0.014875 seconds 
Number of asset objects unloaded after import = 3
========================================================================
Received Import Request.
  Time since last request: 0.000021 seconds.
  path: Assets/Assets/ROOM/Ground_rocks_79.asset
  artifactKey: Guid(b1e0e852c78f1ce4fbadc033be6c1c9d) Importer(815301076,1909f56bfc062723c751e8b465ee728b)
Number of updated assets reloaded before import = 0
Start importing Assets/Assets/ROOM/Ground_rocks_79.asset using Guid(b1e0e852c78f1ce4fbadc033be6c1c9d) Importer(815301076,1909f56bfc062723c751e8b465ee728b)  -> (artifact id: 'c98b73cf79539dc365d4967ad761f83a') in 0.015879 seconds 
Number of asset objects unloaded after import = 3
========================================================================
Received Import Request.
  Time since last request: 0.000015 seconds.
  path: Assets/Assets/ROOM/Ground_rocks_100.asset
  artifactKey: Guid(7787c562a9dc4514bb752ad823c5a466) Importer(815301076,1909f56bfc062723c751e8b465ee728b)
Number of updated assets reloaded before import = 0
Start importing Assets/Assets/ROOM/Ground_rocks_100.asset using Guid(7787c562a9dc4514bb752ad823c5a466) Importer(815301076,1909f56bfc062723c751e8b465ee728b)  -> (artifact id: 'a3ce0ece243cfc2757d19c5c7ce0aa7a') in 0.013348 seconds 
Number of asset objects unloaded after import = 3
========================================================================
Received Import Request.
  Time since last request: 0.000017 seconds.
  path: Assets/Assets/ROOM/Ground_rocks_75.asset
  artifactKey: Guid(61799576488a0b747bb5b4e84a368bef) Importer(815301076,1909f56bfc062723c751e8b465ee728b)
Number of updated assets reloaded before import = 0
Start importing Assets/Assets/ROOM/Ground_rocks_75.asset using Guid(61799576488a0b747bb5b4e84a368bef) Importer(815301076,1909f56bfc062723c751e8b465ee728b)  -> (artifact id: '46b17fbb9eb209d8643bbe7132fce31d') in 0.013967 seconds 
Number of asset objects unloaded after import = 3
========================================================================
Received Import Request.
  Time since last request: 0.000016 seconds.
  path: Assets/Assets/ROOM/Ground_rocks_93.asset
  artifactKey: Guid(53e6c6532da2a9847bc61283dcde6cf1) Importer(815301076,1909f56bfc062723c751e8b465ee728b)
Number of updated assets reloaded before import = 0
Start importing Assets/Assets/ROOM/Ground_rocks_93.asset using Guid(53e6c6532da2a9847bc61283dcde6cf1) Importer(815301076,1909f56bfc062723c751e8b465ee728b)  -> (artifact id: '27691c573c3fb6cde70ee8652a9b19c5') in 0.013069 seconds 
Number of asset objects unloaded after import = 3
========================================================================
Received Import Request.
  Time since last request: 0.000014 seconds.
  path: Assets/Assets/ROOM/Ground_rocks_74.asset
  artifactKey: Guid(f28c518b31f001a4d87c0064787bddca) Importer(815301076,1909f56bfc062723c751e8b465ee728b)
Number of updated assets reloaded before import = 0
Start importing Assets/Assets/ROOM/Ground_rocks_74.asset using Guid(f28c518b31f001a4d87c0064787bddca) Importer(815301076,1909f56bfc062723c751e8b465ee728b)  -> (artifact id: '04e38520dd8898494c0c2ccc556f1025') in 0.012870 seconds 
Number of asset objects unloaded after import = 3
========================================================================
Received Import Request.
  Time since last request: 0.000019 seconds.
  path: Assets/Assets/ROOM/Ground_rocks_84.asset
  artifactKey: Guid(f47b671164eba3240a2ed40cbe4c9358) Importer(815301076,1909f56bfc062723c751e8b465ee728b)
Number of updated assets reloaded before import = 0
Start importing Assets/Assets/ROOM/Ground_rocks_84.asset using Guid(f47b671164eba3240a2ed40cbe4c9358) Importer(815301076,1909f56bfc062723c751e8b465ee728b)  -> (artifact id: '2d1e5c59c6f2fc01d32dc43b958cb453') in 0.013924 seconds 
Number of asset objects unloaded after import = 3
========================================================================
Received Import Request.
  Time since last request: 0.000015 seconds.
  path: Assets/Assets/ROOM/Ground_rocks_85.asset
  artifactKey: Guid(c4a750dd930dcae4abd61932ae5b18bd) Importer(815301076,1909f56bfc062723c751e8b465ee728b)
Number of updated assets reloaded before import = 0
Start importing Assets/Assets/ROOM/Ground_rocks_85.asset using Guid(c4a750dd930dcae4abd61932ae5b18bd) Importer(815301076,1909f56bfc062723c751e8b465ee728b)  -> (artifact id: 'c9b0f76904bf114be7549c8910cadbb7') in 0.018088 seconds 
Number of asset objects unloaded after import = 3
========================================================================
Received Import Request.
  Time since last request: 0.000027 seconds.
  path: Assets/Assets/ROOM/Ground_rocks_72.asset
  artifactKey: Guid(1e4ee44c5b983a0438751d4fb5667620) Importer(815301076,1909f56bfc062723c751e8b465ee728b)
Number of updated assets reloaded before import = 0
Start importing Assets/Assets/ROOM/Ground_rocks_72.asset using Guid(1e4ee44c5b983a0438751d4fb5667620) Importer(815301076,1909f56bfc062723c751e8b465ee728b)  -> (artifact id: 'fb682aff1314077acede27b996f188fc') in 0.013782 seconds 
Number of asset objects unloaded after import = 3
========================================================================
Received Import Request.
  Time since last request: 0.000024 seconds.
  path: Assets/Assets/ROOM/Ground_rocks_90.asset
  artifactKey: Guid(d0380b0767e4dcb4da3a2808e7c8c4f2) Importer(815301076,1909f56bfc062723c751e8b465ee728b)
Number of updated assets reloaded before import = 0
Start importing Assets/Assets/ROOM/Ground_rocks_90.asset using Guid(d0380b0767e4dcb4da3a2808e7c8c4f2) Importer(815301076,1909f56bfc062723c751e8b465ee728b)  -> (artifact id: '8ae568d0ed567dc7fc0b1056319c1a24') in 0.017581 seconds 
Number of asset objects unloaded after import = 3
========================================================================
Received Import Request.
  Time since last request: 0.000014 seconds.
  path: Assets/Assets/ROOM/Ground_rocks_65.asset
  artifactKey: Guid(f345f4c2ddb6cef4f84e8da6b1a896b5) Importer(815301076,1909f56bfc062723c751e8b465ee728b)
Number of updated assets reloaded before import = 0
Start importing Assets/Assets/ROOM/Ground_rocks_65.asset using Guid(f345f4c2ddb6cef4f84e8da6b1a896b5) Importer(815301076,1909f56bfc062723c751e8b465ee728b)  -> (artifact id: 'b190fa01afab134f5b1e9a3f55d64be3') in 0.012311 seconds 
Number of asset objects unloaded after import = 3
========================================================================
Received Import Request.
  Time since last request: 0.000014 seconds.
  path: Assets/Assets/ROOM/Ground_rocks_91.asset
  artifactKey: Guid(c97ba797c4ebd3c4d90c8fea11c3b276) Importer(815301076,1909f56bfc062723c751e8b465ee728b)
Number of updated assets reloaded before import = 0
Start importing Assets/Assets/ROOM/Ground_rocks_91.asset using Guid(c97ba797c4ebd3c4d90c8fea11c3b276) Importer(815301076,1909f56bfc062723c751e8b465ee728b)  -> (artifact id: 'bbc2660ad7dc1ec233588723eace7ba3') in 0.013504 seconds 
Number of asset objects unloaded after import = 3
========================================================================
Received Import Request.
  Time since last request: 0.000018 seconds.
  path: Assets/Assets/ROOM/Ground_rocks_67.asset
  artifactKey: Guid(71bb5103ed2bc584499cd7dc69e0565f) Importer(815301076,1909f56bfc062723c751e8b465ee728b)
Number of updated assets reloaded before import = 0
Start importing Assets/Assets/ROOM/Ground_rocks_67.asset using Guid(71bb5103ed2bc584499cd7dc69e0565f) Importer(815301076,1909f56bfc062723c751e8b465ee728b)  -> (artifact id: '7a33a881492b969b4ceeb0d098d156be') in 0.012443 seconds 
Number of asset objects unloaded after import = 3
========================================================================
Received Import Request.
  Time since last request: 0.865533 seconds.
  path: Assets/Assets/ROOM/Ground_rocks_103.asset
  artifactKey: Guid(ec956feb18a808a438921b4561feddc1) Importer(815301076,1909f56bfc062723c751e8b465ee728b)
Number of updated assets reloaded before import = 0
Start importing Assets/Assets/ROOM/Ground_rocks_103.asset using Guid(ec956feb18a808a438921b4561feddc1) Importer(815301076,1909f56bfc062723c751e8b465ee728b)  -> (artifact id: 'b1db7c1e172fd4deced9df9dd60bdf6e') in 0.018164 seconds 
Number of asset objects unloaded after import = 3
========================================================================
Received Import Request.
  Time since last request: 0.000016 seconds.
  path: Assets/Assets/ROOM/Ground_rocks_117.asset
  artifactKey: Guid(56ae62950e77e7b4894d18aad4a942a6) Importer(815301076,1909f56bfc062723c751e8b465ee728b)
Number of updated assets reloaded before import = 0
Start importing Assets/Assets/ROOM/Ground_rocks_117.asset using Guid(56ae62950e77e7b4894d18aad4a942a6) Importer(815301076,1909f56bfc062723c751e8b465ee728b)  -> (artifact id: 'ffc905ddfffb89abfd5dfa1d41585a2f') in 0.021150 seconds 
Number of asset objects unloaded after import = 3
========================================================================
Received Import Request.
  Time since last request: 0.000021 seconds.
  path: Assets/Assets/ROOM/Ground_rocks_147.asset
  artifactKey: Guid(16096153089a61e439906823d2231aa1) Importer(815301076,1909f56bfc062723c751e8b465ee728b)
Number of updated assets reloaded before import = 0
Start importing Assets/Assets/ROOM/Ground_rocks_147.asset using Guid(16096153089a61e439906823d2231aa1) Importer(815301076,1909f56bfc062723c751e8b465ee728b)  -> (artifact id: '8fb2aa2cfcb248c3efc37ced489ff04e') in 0.015283 seconds 
Number of asset objects unloaded after import = 3
========================================================================
Received Import Request.
  Time since last request: 0.000016 seconds.
  path: Assets/Assets/ROOM/Ground_rocks_130.asset
  artifactKey: Guid(b01e76809478d214fb57f6b18097e0e9) Importer(815301076,1909f56bfc062723c751e8b465ee728b)
Number of updated assets reloaded before import = 0
Start importing Assets/Assets/ROOM/Ground_rocks_130.asset using Guid(b01e76809478d214fb57f6b18097e0e9) Importer(815301076,1909f56bfc062723c751e8b465ee728b)  -> (artifact id: '7819f150fa50d06ebd413c53e6ca4a16') in 0.013554 seconds 
Number of asset objects unloaded after import = 3
========================================================================
Received Import Request.
  Time since last request: 0.000021 seconds.
  path: Assets/Assets/ROOM/Ground_rocks_125.asset
  artifactKey: Guid(d05e1e202a83b8246b490c9b968c267a) Importer(815301076,1909f56bfc062723c751e8b465ee728b)
Number of updated assets reloaded before import = 0
Start importing Assets/Assets/ROOM/Ground_rocks_125.asset using Guid(d05e1e202a83b8246b490c9b968c267a) Importer(815301076,1909f56bfc062723c751e8b465ee728b)  -> (artifact id: '8b729debbd2ef63019dcc6811b846157') in 0.014032 seconds 
Number of asset objects unloaded after import = 3
========================================================================
Received Import Request.
  Time since last request: 0.000029 seconds.
  path: Assets/Assets/ROOM/Ground_rocks_512.asset
  artifactKey: Guid(7e96999852f85514899b05aebea284b5) Importer(815301076,1909f56bfc062723c751e8b465ee728b)
Number of updated assets reloaded before import = 0
Start importing Assets/Assets/ROOM/Ground_rocks_512.asset using Guid(7e96999852f85514899b05aebea284b5) Importer(815301076,1909f56bfc062723c751e8b465ee728b)  -> (artifact id: '844a9c0adf36ffbc87238a82018d78ef') in 0.047716 seconds 
Number of asset objects unloaded after import = 3
========================================================================
Received Import Request.
  Time since last request: 0.000020 seconds.
  path: Assets/Assets/ROOM/Ground_rocks_549.asset
  artifactKey: Guid(9052a4b31149e42449763390318c2cbf) Importer(815301076,1909f56bfc062723c751e8b465ee728b)
Number of updated assets reloaded before import = 0
Start importing Assets/Assets/ROOM/Ground_rocks_549.asset using Guid(9052a4b31149e42449763390318c2cbf) Importer(815301076,1909f56bfc062723c751e8b465ee728b)  -> (artifact id: '1d2758c3f6affdcea0af597dd06648ab') in 0.011626 seconds 
Number of asset objects unloaded after import = 3
========================================================================
Received Import Request.
  Time since last request: 0.000022 seconds.
  path: Assets/Assets/ROOM/Ground_rocks_406.asset
  artifactKey: Guid(6c9f8f8482da6464d90bbfd4a240ba05) Importer(815301076,1909f56bfc062723c751e8b465ee728b)
Number of updated assets reloaded before import = 0
Start importing Assets/Assets/ROOM/Ground_rocks_406.asset using Guid(6c9f8f8482da6464d90bbfd4a240ba05) Importer(815301076,1909f56bfc062723c751e8b465ee728b)  -> (artifact id: 'b3dbde2af9bfb5187f6431e29409dc85') in 0.012899 seconds 
Number of asset objects unloaded after import = 3
========================================================================
Received Import Request.
  Time since last request: 0.000016 seconds.
  path: Assets/Assets/ROOM/Ground_rocks_286.asset
  artifactKey: Guid(66ebad2e6e89d8e4895f5e800a9fd821) Importer(815301076,1909f56bfc062723c751e8b465ee728b)
Number of updated assets reloaded before import = 0
Start importing Assets/Assets/ROOM/Ground_rocks_286.asset using Guid(66ebad2e6e89d8e4895f5e800a9fd821) Importer(815301076,1909f56bfc062723c751e8b465ee728b)  -> (artifact id: '0ebc747a0e732f2e2ff75f87b7f7fb4d') in 0.013172 seconds 
Number of asset objects unloaded after import = 3
========================================================================
Received Import Request.
  Time since last request: 0.000015 seconds.
  path: Assets/Assets/ROOM/Ground_rocks_122.asset
  artifactKey: Guid(166c5fe28306e514494872f22ed27097) Importer(815301076,1909f56bfc062723c751e8b465ee728b)
Number of updated assets reloaded before import = 0
Start importing Assets/Assets/ROOM/Ground_rocks_122.asset using Guid(166c5fe28306e514494872f22ed27097) Importer(815301076,1909f56bfc062723c751e8b465ee728b)  -> (artifact id: '8c5adba37a7d13312e7077b4de01e36e') in 0.013678 seconds 
Number of asset objects unloaded after import = 3
========================================================================
Received Import Request.
  Time since last request: 0.000019 seconds.
  path: Assets/Assets/ROOM/Ground_rocks_273.asset
  artifactKey: Guid(bc764d2a48aadcf4f837006080bcfa32) Importer(815301076,1909f56bfc062723c751e8b465ee728b)
Number of updated assets reloaded before import = 0
Start importing Assets/Assets/ROOM/Ground_rocks_273.asset using Guid(bc764d2a48aadcf4f837006080bcfa32) Importer(815301076,1909f56bfc062723c751e8b465ee728b)  -> (artifact id: '669a0bc734e437c427b3f845eca6f625') in 0.018156 seconds 
Number of asset objects unloaded after import = 3
========================================================================
Received Import Request.
  Time since last request: 0.000019 seconds.
  path: Assets/Assets/ROOM/Ground_rocks_593.asset
  artifactKey: Guid(325ad85433d4d434c9f1b6e0ae5575a4) Importer(815301076,1909f56bfc062723c751e8b465ee728b)
Number of updated assets reloaded before import = 0
Start importing Assets/Assets/ROOM/Ground_rocks_593.asset using Guid(325ad85433d4d434c9f1b6e0ae5575a4) Importer(815301076,1909f56bfc062723c751e8b465ee728b)  -> (artifact id: '448a57ec2c49368bf2714eb14c7125ed') in 0.013854 seconds 
Number of asset objects unloaded after import = 3
========================================================================
Received Import Request.
  Time since last request: 0.000027 seconds.
  path: Assets/Assets/ROOM/Ground_rocks_561.asset
  artifactKey: Guid(21de4649fc7f3734b9ed06bc3cab6a42) Importer(815301076,1909f56bfc062723c751e8b465ee728b)
Number of updated assets reloaded before import = 0
Start importing Assets/Assets/ROOM/Ground_rocks_561.asset using Guid(21de4649fc7f3734b9ed06bc3cab6a42) Importer(815301076,1909f56bfc062723c751e8b465ee728b)  -> (artifact id: '26ad92a5fb3202d30890274ed4051fc8') in 0.013445 seconds 
Number of asset objects unloaded after import = 3
========================================================================
Received Import Request.
  Time since last request: 0.000019 seconds.
  path: Assets/Assets/ROOM/Ground_rocks_596.asset
  artifactKey: Guid(60b5b532de39e27448bdb2de8c87d869) Importer(815301076,1909f56bfc062723c751e8b465ee728b)
Number of updated assets reloaded before import = 0
Start importing Assets/Assets/ROOM/Ground_rocks_596.asset using Guid(60b5b532de39e27448bdb2de8c87d869) Importer(815301076,1909f56bfc062723c751e8b465ee728b)  -> (artifact id: 'c555213b8c1a0c0a94153480f2ffe77c') in 0.013683 seconds 
Number of asset objects unloaded after import = 3
========================================================================
Received Import Request.
  Time since last request: 0.000017 seconds.
  path: Assets/Assets/ROOM/Ground_rocks_394.asset
  artifactKey: Guid(7b2f7583fc3c3dc42a32250aba5ffadd) Importer(815301076,1909f56bfc062723c751e8b465ee728b)
Number of updated assets reloaded before import = 0
Start importing Assets/Assets/ROOM/Ground_rocks_394.asset using Guid(7b2f7583fc3c3dc42a32250aba5ffadd) Importer(815301076,1909f56bfc062723c751e8b465ee728b)  -> (artifact id: '61587d356201b0422224f910776d11ad') in 0.013412 seconds 
Number of asset objects unloaded after import = 3
========================================================================
Received Import Request.
  Time since last request: 0.000019 seconds.
  path: Assets/Assets/ROOM/Ground_rocks_268.asset
  artifactKey: Guid(51363495cec121c4a8aba7af9756860b) Importer(815301076,1909f56bfc062723c751e8b465ee728b)
Number of updated assets reloaded before import = 0
Start importing Assets/Assets/ROOM/Ground_rocks_268.asset using Guid(51363495cec121c4a8aba7af9756860b) Importer(815301076,1909f56bfc062723c751e8b465ee728b)  -> (artifact id: '476cb366a6b805cd8bc03625bef6bcb9') in 0.013370 seconds 
Number of asset objects unloaded after import = 3
========================================================================
Received Import Request.
  Time since last request: 0.000019 seconds.
  path: Assets/Assets/ROOM/Ground_rocks_574.asset
  artifactKey: Guid(0d49db36c8cb16e44bc75b288b62c455) Importer(815301076,1909f56bfc062723c751e8b465ee728b)
Number of updated assets reloaded before import = 0
Start importing Assets/Assets/ROOM/Ground_rocks_574.asset using Guid(0d49db36c8cb16e44bc75b288b62c455) Importer(815301076,1909f56bfc062723c751e8b465ee728b)  -> (artifact id: 'd6019ff927fd673969c5ea6d1cab677a') in 0.011411 seconds 
Number of asset objects unloaded after import = 3
========================================================================
Received Import Request.
  Time since last request: 0.000017 seconds.
  path: Assets/Assets/ROOM/Ground_rocks_541.asset
  artifactKey: Guid(a5db73677ffb6c247b74c6db95bcb949) Importer(815301076,1909f56bfc062723c751e8b465ee728b)
Number of updated assets reloaded before import = 0
Start importing Assets/Assets/ROOM/Ground_rocks_541.asset using Guid(a5db73677ffb6c247b74c6db95bcb949) Importer(815301076,1909f56bfc062723c751e8b465ee728b)  -> (artifact id: '27f43673ca73b87da7dbdf24e153c03c') in 0.014463 seconds 
Number of asset objects unloaded after import = 3
========================================================================
Received Import Request.
  Time since last request: 0.000026 seconds.
  path: Assets/Assets/ROOM/Ground_rocks_607.asset
  artifactKey: Guid(f2f382d0e16c5ce46a2f004566b0c671) Importer(815301076,1909f56bfc062723c751e8b465ee728b)
Number of updated assets reloaded before import = 0
Start importing Assets/Assets/ROOM/Ground_rocks_607.asset using Guid(f2f382d0e16c5ce46a2f004566b0c671) Importer(815301076,1909f56bfc062723c751e8b465ee728b)  -> (artifact id: '02251ef91a51c710ce65d89bd8a824dc') in 0.015069 seconds 
Number of asset objects unloaded after import = 3
========================================================================
Received Import Request.
  Time since last request: 0.000025 seconds.
  path: Assets/Assets/ROOM/Ground_rocks_626.asset
  artifactKey: Guid(88a437407ee824247b968ac32d5c285c) Importer(815301076,1909f56bfc062723c751e8b465ee728b)
Number of updated assets reloaded before import = 0
Start importing Assets/Assets/ROOM/Ground_rocks_626.asset using Guid(88a437407ee824247b968ac32d5c285c) Importer(815301076,1909f56bfc062723c751e8b465ee728b)  -> (artifact id: 'dcc620110cf8517d33836ea6dc818df5') in 0.014866 seconds 
Number of asset objects unloaded after import = 3
========================================================================
Received Import Request.
  Time since last request: 0.000017 seconds.
  path: Assets/Assets/ROOM/Ground_rocks_398.asset
  artifactKey: Guid(132f49e39b2c96d4397d4a048638392d) Importer(815301076,1909f56bfc062723c751e8b465ee728b)
Number of updated assets reloaded before import = 0
Start importing Assets/Assets/ROOM/Ground_rocks_398.asset using Guid(132f49e39b2c96d4397d4a048638392d) Importer(815301076,1909f56bfc062723c751e8b465ee728b)  -> (artifact id: 'c6c0d0934fd684e1d5979e19775fca73') in 0.014915 seconds 
Number of asset objects unloaded after import = 3
========================================================================
Received Import Request.
  Time since last request: 0.000025 seconds.
  path: Assets/Assets/ROOM/Ground_rocks_850.asset
  artifactKey: Guid(47a4a736e70e3ab48ae248ae6f6e9c0c) Importer(815301076,1909f56bfc062723c751e8b465ee728b)
Number of updated assets reloaded before import = 0
Start importing Assets/Assets/ROOM/Ground_rocks_850.asset using Guid(47a4a736e70e3ab48ae248ae6f6e9c0c) Importer(815301076,1909f56bfc062723c751e8b465ee728b)  -> (artifact id: 'ba5d6689854189a27fb31ba767824a88') in 0.016777 seconds 
Number of asset objects unloaded after import = 3
========================================================================
Received Import Request.
  Time since last request: 0.000025 seconds.
  path: Assets/Assets/ROOM/Ground_rocks_874.asset
  artifactKey: Guid(ef273c75d03ba72498de0307d09921ac) Importer(815301076,1909f56bfc062723c751e8b465ee728b)
Number of updated assets reloaded before import = 0
Start importing Assets/Assets/ROOM/Ground_rocks_874.asset using Guid(ef273c75d03ba72498de0307d09921ac) Importer(815301076,1909f56bfc062723c751e8b465ee728b)  -> (artifact id: '580ad6dd1614fec9735cd91120f927a6') in 0.018766 seconds 
Number of asset objects unloaded after import = 3
========================================================================
Received Import Request.
  Time since last request: 0.000024 seconds.
  path: Assets/Assets/ROOM/Ground_rocks_1078.asset
  artifactKey: Guid(f60ba631c8a9d95468e9c93f211f633b) Importer(815301076,1909f56bfc062723c751e8b465ee728b)
Number of updated assets reloaded before import = 0
Start importing Assets/Assets/ROOM/Ground_rocks_1078.asset using Guid(f60ba631c8a9d95468e9c93f211f633b) Importer(815301076,1909f56bfc062723c751e8b465ee728b)  -> (artifact id: '11e8c1380dc16c44f59e19edf733d715') in 0.015744 seconds 
Number of asset objects unloaded after import = 3
========================================================================
Received Import Request.
  Time since last request: 0.000022 seconds.
  path: Assets/Assets/ROOM/Ground_rocks_1073.asset
  artifactKey: Guid(ef12252c415042a4f9b37c9c15967a79) Importer(815301076,1909f56bfc062723c751e8b465ee728b)
Number of updated assets reloaded before import = 0
Start importing Assets/Assets/ROOM/Ground_rocks_1073.asset using Guid(ef12252c415042a4f9b37c9c15967a79) Importer(815301076,1909f56bfc062723c751e8b465ee728b)  -> (artifact id: '8f161fe095990a0cd3579ab6ede7f0bb') in 0.018956 seconds 
Number of asset objects unloaded after import = 3
========================================================================
Received Import Request.
  Time since last request: 0.000017 seconds.
  path: Assets/Assets/ROOM/Ground_rocks_1082.asset
  artifactKey: Guid(b0d6768653fb8584c9efbbb5c3a47e2f) Importer(815301076,1909f56bfc062723c751e8b465ee728b)
Number of updated assets reloaded before import = 0
Start importing Assets/Assets/ROOM/Ground_rocks_1082.asset using Guid(b0d6768653fb8584c9efbbb5c3a47e2f) Importer(815301076,1909f56bfc062723c751e8b465ee728b)  -> (artifact id: 'ec82f10a2b360958d76a77498bc9d6b4') in 0.017193 seconds 
Number of asset objects unloaded after import = 3
========================================================================
Received Import Request.
  Time since last request: 0.000031 seconds.
  path: Assets/Assets/ROOM/Ground_rocks_852.asset
  artifactKey: Guid(1e1c75bfa27d4ff40939677c52a5ddcf) Importer(815301076,1909f56bfc062723c751e8b465ee728b)
Number of updated assets reloaded before import = 0
Start importing Assets/Assets/ROOM/Ground_rocks_852.asset using Guid(1e1c75bfa27d4ff40939677c52a5ddcf) Importer(815301076,1909f56bfc062723c751e8b465ee728b)  -> (artifact id: 'af50fb43b955829a35bdf2132d54ffb8') in 0.018335 seconds 
Number of asset objects unloaded after import = 3
========================================================================
Received Import Request.
  Time since last request: 0.000017 seconds.
  path: Assets/Assets/ROOM/Ground_rocks_648.asset
  artifactKey: Guid(59625db241c35ad48ba7cefc74ad5586) Importer(815301076,1909f56bfc062723c751e8b465ee728b)
Number of updated assets reloaded before import = 0
Start importing Assets/Assets/ROOM/Ground_rocks_648.asset using Guid(59625db241c35ad48ba7cefc74ad5586) Importer(815301076,1909f56bfc062723c751e8b465ee728b)  -> (artifact id: 'dbdeab467fb186b446a217ce0b5e718e') in 0.014141 seconds 
Number of asset objects unloaded after import = 3
========================================================================
Received Import Request.
  Time since last request: 0.000030 seconds.
  path: Assets/Assets/ROOM/Ground_rocks_878.asset
  artifactKey: Guid(6fb32f0ac531f1a4a9b199515ebae2e5) Importer(815301076,1909f56bfc062723c751e8b465ee728b)
Number of updated assets reloaded before import = 0
Start importing Assets/Assets/ROOM/Ground_rocks_878.asset using Guid(6fb32f0ac531f1a4a9b199515ebae2e5) Importer(815301076,1909f56bfc062723c751e8b465ee728b)  -> (artifact id: 'f9c618b4a429cf2a86d3ea88406e58f2') in 0.014599 seconds 
Number of asset objects unloaded after import = 3
========================================================================
Received Import Request.
  Time since last request: 0.000026 seconds.
  path: Assets/Assets/ROOM/Ground_rocks_658.asset
  artifactKey: Guid(53e3de670afee4a4d97d3087699de9a2) Importer(815301076,1909f56bfc062723c751e8b465ee728b)
Number of updated assets reloaded before import = 0
Start importing Assets/Assets/ROOM/Ground_rocks_658.asset using Guid(53e3de670afee4a4d97d3087699de9a2) Importer(815301076,1909f56bfc062723c751e8b465ee728b)  -> (artifact id: 'e7cb491c5f3ee896bf40cf1d7202098e') in 0.015204 seconds 
Number of asset objects unloaded after import = 3
========================================================================
Received Import Request.
  Time since last request: 0.000020 seconds.
  path: Assets/Assets/ROOM/Ground_rocks_1083.asset
  artifactKey: Guid(6c0b31dfd8a4af44f815c2e8a2aa948d) Importer(815301076,1909f56bfc062723c751e8b465ee728b)
Number of updated assets reloaded before import = 0
Start importing Assets/Assets/ROOM/Ground_rocks_1083.asset using Guid(6c0b31dfd8a4af44f815c2e8a2aa948d) Importer(815301076,1909f56bfc062723c751e8b465ee728b)  -> (artifact id: '90968ea586e77a7a68476a4feecc53e2') in 0.014592 seconds 
Number of asset objects unloaded after import = 3
========================================================================
Received Import Request.
  Time since last request: 0.000022 seconds.
  path: Assets/Assets/ROOM/Ground_rocks_287.asset
  artifactKey: Guid(c0cab945e8fd32f43bd2de69f2a113ec) Importer(815301076,1909f56bfc062723c751e8b465ee728b)
Number of updated assets reloaded before import = 0
Start importing Assets/Assets/ROOM/Ground_rocks_287.asset using Guid(c0cab945e8fd32f43bd2de69f2a113ec) Importer(815301076,1909f56bfc062723c751e8b465ee728b)  -> (artifact id: 'c829e9ff53dbaa3ee476472c34a658d8') in 0.013261 seconds 
Number of asset objects unloaded after import = 3
========================================================================
Received Import Request.
  Time since last request: 0.000018 seconds.
  path: Assets/Assets/ROOM/Ground_rocks_294.asset
  artifactKey: Guid(9dba1f9d376f47148acae8aa29540327) Importer(815301076,1909f56bfc062723c751e8b465ee728b)
Number of updated assets reloaded before import = 0
Start importing Assets/Assets/ROOM/Ground_rocks_294.asset using Guid(9dba1f9d376f47148acae8aa29540327) Importer(815301076,1909f56bfc062723c751e8b465ee728b)  -> (artifact id: 'f496a0e3601e51ab3710a17ed63ebfda') in 0.011104 seconds 
Number of asset objects unloaded after import = 3
========================================================================
Received Import Request.
  Time since last request: 0.000022 seconds.
  path: Assets/Assets/ROOM/Ground_rocks_269.asset
  artifactKey: Guid(6999ba58022da7a479a3be0ff5b60b2f) Importer(815301076,1909f56bfc062723c751e8b465ee728b)
Number of updated assets reloaded before import = 0
Start importing Assets/Assets/ROOM/Ground_rocks_269.asset using Guid(6999ba58022da7a479a3be0ff5b60b2f) Importer(815301076,1909f56bfc062723c751e8b465ee728b)  -> (artifact id: 'b72b8b0fc4ae7a0cb731096fa0877610') in 0.013594 seconds 
Number of asset objects unloaded after import = 3
========================================================================
Received Import Request.
  Time since last request: 0.000030 seconds.
  path: Assets/Assets/ROOM/Ground_rocks_113.asset
  artifactKey: Guid(466d1de6f0d521343a820476bc6772b8) Importer(815301076,1909f56bfc062723c751e8b465ee728b)
Number of updated assets reloaded before import = 0
Start importing Assets/Assets/ROOM/Ground_rocks_113.asset using Guid(466d1de6f0d521343a820476bc6772b8) Importer(815301076,1909f56bfc062723c751e8b465ee728b)  -> (artifact id: '030763f3c378b546a6b691ce1287ab5c') in 0.014047 seconds 
Number of asset objects unloaded after import = 3
========================================================================
Received Import Request.
  Time since last request: 0.000019 seconds.
  path: Assets/Assets/ROOM/Ground_rocks_597.asset
  artifactKey: Guid(f1f44c38549f70941a30d4e21f7280be) Importer(815301076,1909f56bfc062723c751e8b465ee728b)
Number of updated assets reloaded before import = 0
Start importing Assets/Assets/ROOM/Ground_rocks_597.asset using Guid(f1f44c38549f70941a30d4e21f7280be) Importer(815301076,1909f56bfc062723c751e8b465ee728b)  -> (artifact id: '79a929fa80b26d88c09ed261b07c0025') in 0.013606 seconds 
Number of asset objects unloaded after import = 3
========================================================================
Received Import Request.
  Time since last request: 0.000014 seconds.
  path: Assets/Assets/ROOM/Ground_rocks_884.asset
  artifactKey: Guid(f0871277b686f1045a7081542c2482d2) Importer(815301076,1909f56bfc062723c751e8b465ee728b)
Number of updated assets reloaded before import = 0
Start importing Assets/Assets/ROOM/Ground_rocks_884.asset using Guid(f0871277b686f1045a7081542c2482d2) Importer(815301076,1909f56bfc062723c751e8b465ee728b)  -> (artifact id: '18e2da37e82cdaa49e0025c5d84b84ba') in 0.012899 seconds 
Number of asset objects unloaded after import = 3
========================================================================
Received Import Request.
  Time since last request: 0.000016 seconds.
  path: Assets/Assets/ROOM/Ground_rocks_140.asset
  artifactKey: Guid(c6789641c5541bc4b956813429135d11) Importer(815301076,1909f56bfc062723c751e8b465ee728b)
Number of updated assets reloaded before import = 0
Start importing Assets/Assets/ROOM/Ground_rocks_140.asset using Guid(c6789641c5541bc4b956813429135d11) Importer(815301076,1909f56bfc062723c751e8b465ee728b)  -> (artifact id: '94f42adfe57161d233e40af1825423c5') in 0.013232 seconds 
Number of asset objects unloaded after import = 3
========================================================================
Received Import Request.
  Time since last request: 0.000014 seconds.
  path: Assets/Assets/ROOM/Ground_rocks_861.asset
  artifactKey: Guid(90aeff784c46bb941ad1043378a3a64d) Importer(815301076,1909f56bfc062723c751e8b465ee728b)
Number of updated assets reloaded before import = 0
Start importing Assets/Assets/ROOM/Ground_rocks_861.asset using Guid(90aeff784c46bb941ad1043378a3a64d) Importer(815301076,1909f56bfc062723c751e8b465ee728b)  -> (artifact id: '08599121100ab9795cbb5352e9cdc5ad') in 0.012539 seconds 
Number of asset objects unloaded after import = 3
========================================================================
Received Import Request.
  Time since last request: 0.000020 seconds.
  path: Assets/Assets/ROOM/Ground_rocks_619.asset
  artifactKey: Guid(7e5f24a280c194648ac8fff4f19c623b) Importer(815301076,1909f56bfc062723c751e8b465ee728b)
Number of updated assets reloaded before import = 0
Start importing Assets/Assets/ROOM/Ground_rocks_619.asset using Guid(7e5f24a280c194648ac8fff4f19c623b) Importer(815301076,1909f56bfc062723c751e8b465ee728b)  -> (artifact id: '26cd3dd57056249418d8f48b2934166d') in 0.014475 seconds 
Number of asset objects unloaded after import = 3
========================================================================
Received Import Request.
  Time since last request: 0.000015 seconds.
  path: Assets/Assets/ROOM/Ground_rocks_297.asset
  artifactKey: Guid(1eba75b3e13e72947b49580b812eedfe) Importer(815301076,1909f56bfc062723c751e8b465ee728b)
Number of updated assets reloaded before import = 0
Start importing Assets/Assets/ROOM/Ground_rocks_297.asset using Guid(1eba75b3e13e72947b49580b812eedfe) Importer(815301076,1909f56bfc062723c751e8b465ee728b)  -> (artifact id: '4466b4b1ae6e93bffffda7064bd739c4') in 0.012297 seconds 
Number of asset objects unloaded after import = 3
========================================================================
Received Import Request.
  Time since last request: 0.000014 seconds.
  path: Assets/Assets/ROOM/Ground_rocks_545.asset
  artifactKey: Guid(a185c0d0a400fd947abc1f2791485943) Importer(815301076,1909f56bfc062723c751e8b465ee728b)
Number of updated assets reloaded before import = 0
Start importing Assets/Assets/ROOM/Ground_rocks_545.asset using Guid(a185c0d0a400fd947abc1f2791485943) Importer(815301076,1909f56bfc062723c751e8b465ee728b)  -> (artifact id: 'cdb55ab77090e599c14e10eadec28f57') in 0.012246 seconds 
Number of asset objects unloaded after import = 3
========================================================================
Received Import Request.
  Time since last request: 0.000016 seconds.
  path: Assets/Assets/ROOM/Ground_rocks_889.asset
  artifactKey: Guid(bab5366d58e772e49a34414097e54f6f) Importer(815301076,1909f56bfc062723c751e8b465ee728b)
Number of updated assets reloaded before import = 0
Start importing Assets/Assets/ROOM/Ground_rocks_889.asset using Guid(bab5366d58e772e49a34414097e54f6f) Importer(815301076,1909f56bfc062723c751e8b465ee728b)  -> (artifact id: '00b34d892646e550dba8cfb4c7aae84a') in 0.012483 seconds 
Number of asset objects unloaded after import = 3
========================================================================
Received Import Request.
  Time since last request: 0.000017 seconds.
  path: Assets/Assets/ROOM/Ground_rocks_856.asset
  artifactKey: Guid(f976f9a40a36f074bbf6d9353ff8086d) Importer(815301076,1909f56bfc062723c751e8b465ee728b)
Number of updated assets reloaded before import = 0
Start importing Assets/Assets/ROOM/Ground_rocks_856.asset using Guid(f976f9a40a36f074bbf6d9353ff8086d) Importer(815301076,1909f56bfc062723c751e8b465ee728b)  -> (artifact id: 'add07bc0da7004bf8c4dc9d51efaaeaf') in 0.012497 seconds 
Number of asset objects unloaded after import = 3
========================================================================
Received Import Request.
  Time since last request: 0.000018 seconds.
  path: Assets/Assets/ROOM/Ground_rocks_869.asset
  artifactKey: Guid(732c935a1385ed446b96dfc87215a412) Importer(815301076,1909f56bfc062723c751e8b465ee728b)
Number of updated assets reloaded before import = 0
Start importing Assets/Assets/ROOM/Ground_rocks_869.asset using Guid(732c935a1385ed446b96dfc87215a412) Importer(815301076,1909f56bfc062723c751e8b465ee728b)  -> (artifact id: '4319c41e6cd7388c9aae81a4cf66cf4b') in 0.012458 seconds 
Number of asset objects unloaded after import = 3
========================================================================
Received Import Request.
  Time since last request: 0.000019 seconds.
  path: Assets/Assets/ROOM/Ground_rocks_554.asset
  artifactKey: Guid(1cb7c012f551ead469f1a6a7d6843378) Importer(815301076,1909f56bfc062723c751e8b465ee728b)
Number of updated assets reloaded before import = 0
Start importing Assets/Assets/ROOM/Ground_rocks_554.asset using Guid(1cb7c012f551ead469f1a6a7d6843378) Importer(815301076,1909f56bfc062723c751e8b465ee728b)  -> (artifact id: 'f294e7632798696234f97c890ca39a02') in 0.012266 seconds 
Number of asset objects unloaded after import = 3
========================================================================
Received Import Request.
  Time since last request: 0.000015 seconds.
  path: Assets/Assets/ROOM/Ground_rocks_587.asset
  artifactKey: Guid(da7f44f83078e6543bb8d71dcdc4a1f5) Importer(815301076,1909f56bfc062723c751e8b465ee728b)
Number of updated assets reloaded before import = 0
Start importing Assets/Assets/ROOM/Ground_rocks_587.asset using Guid(da7f44f83078e6543bb8d71dcdc4a1f5) Importer(815301076,1909f56bfc062723c751e8b465ee728b)  -> (artifact id: '34fe8367522330564f89ccebefd060ff') in 0.013137 seconds 
Number of asset objects unloaded after import = 3
========================================================================
Received Import Request.
  Time since last request: 0.000018 seconds.
  path: Assets/Assets/ROOM/Ground_rocks_550.asset
  artifactKey: Guid(e65bf9ddcbe74734e8b8959577d91159) Importer(815301076,1909f56bfc062723c751e8b465ee728b)
Number of updated assets reloaded before import = 0
Start importing Assets/Assets/ROOM/Ground_rocks_550.asset using Guid(e65bf9ddcbe74734e8b8959577d91159) Importer(815301076,1909f56bfc062723c751e8b465ee728b)  -> (artifact id: '9027c7ac5c0f9c76c76319ee5e770e9e') in 0.013267 seconds 
Number of asset objects unloaded after import = 3
========================================================================
Received Import Request.
  Time since last request: 0.000017 seconds.
  path: Assets/Assets/ROOM/Ground_rocks_142.asset
  artifactKey: Guid(9bc5170adb2643d479a0d867f8872862) Importer(815301076,1909f56bfc062723c751e8b465ee728b)
Number of updated assets reloaded before import = 0
Start importing Assets/Assets/ROOM/Ground_rocks_142.asset using Guid(9bc5170adb2643d479a0d867f8872862) Importer(815301076,1909f56bfc062723c751e8b465ee728b)  -> (artifact id: '002b2eeebdfccb3f89808d06f428b2b8') in 0.012811 seconds 
Number of asset objects unloaded after import = 3
========================================================================
Received Import Request.
  Time since last request: 0.000016 seconds.
  path: Assets/Assets/ROOM/Ground_rocks_290.asset
  artifactKey: Guid(a232f3b58cc97d644b5109b75a37d24b) Importer(815301076,1909f56bfc062723c751e8b465ee728b)
Number of updated assets reloaded before import = 0
Start importing Assets/Assets/ROOM/Ground_rocks_290.asset using Guid(a232f3b58cc97d644b5109b75a37d24b) Importer(815301076,1909f56bfc062723c751e8b465ee728b)  -> (artifact id: '5defdbcd858f9ef4c92db5fce7de7a6f') in 0.014158 seconds 
Number of asset objects unloaded after import = 3
========================================================================
Received Import Request.
  Time since last request: 0.000034 seconds.
  path: Assets/Assets/ROOM/Ground_rocks_566.asset
  artifactKey: Guid(0b32a79df784483439a7d061451453dd) Importer(815301076,1909f56bfc062723c751e8b465ee728b)
Number of updated assets reloaded before import = 0
Start importing Assets/Assets/ROOM/Ground_rocks_566.asset using Guid(0b32a79df784483439a7d061451453dd) Importer(815301076,1909f56bfc062723c751e8b465ee728b)  -> (artifact id: 'fca1c7072f5e8f8a97c93dd04d16a523') in 0.013151 seconds 
Number of asset objects unloaded after import = 3
========================================================================
Received Import Request.
  Time since last request: 0.000016 seconds.
  path: Assets/Assets/ROOM/Ground_rocks_124.asset
  artifactKey: Guid(ddec56dfd1179924abc8f4ba77e4e793) Importer(815301076,1909f56bfc062723c751e8b465ee728b)
Number of updated assets reloaded before import = 0
Start importing Assets/Assets/ROOM/Ground_rocks_124.asset using Guid(ddec56dfd1179924abc8f4ba77e4e793) Importer(815301076,1909f56bfc062723c751e8b465ee728b)  -> (artifact id: 'df9308d2e4b9df3eb46c91c652463343') in 0.012683 seconds 
Number of asset objects unloaded after import = 3
========================================================================
Received Import Request.
  Time since last request: 0.000014 seconds.
  path: Assets/Assets/ROOM/Ground_rocks_520.asset
  artifactKey: Guid(a02a910fad17626429c14c1c8d5bd969) Importer(815301076,1909f56bfc062723c751e8b465ee728b)
Number of updated assets reloaded before import = 0
Start importing Assets/Assets/ROOM/Ground_rocks_520.asset using Guid(a02a910fad17626429c14c1c8d5bd969) Importer(815301076,1909f56bfc062723c751e8b465ee728b)  -> (artifact id: '8af77a7b0fbb8a99cf875e203b40fa19') in 0.012010 seconds 
Number of asset objects unloaded after import = 3
========================================================================
Received Import Request.
  Time since last request: 0.000015 seconds.
  path: Assets/Assets/ROOM/Ground_rocks_111.asset
  artifactKey: Guid(60f3d12179e17b94e9c22d4c1095e1e8) Importer(815301076,1909f56bfc062723c751e8b465ee728b)
Number of updated assets reloaded before import = 0
Start importing Assets/Assets/ROOM/Ground_rocks_111.asset using Guid(60f3d12179e17b94e9c22d4c1095e1e8) Importer(815301076,1909f56bfc062723c751e8b465ee728b)  -> (artifact id: '2291ce1ce74269c5c97c8838948dcfc3') in 0.012453 seconds 
Number of asset objects unloaded after import = 3
========================================================================
Received Import Request.
  Time since last request: 0.000015 seconds.
  path: Assets/Assets/ROOM/Ground_rocks_280.asset
  artifactKey: Guid(4745897323a8055478ff48d0f235efeb) Importer(815301076,1909f56bfc062723c751e8b465ee728b)
Number of updated assets reloaded before import = 0
Start importing Assets/Assets/ROOM/Ground_rocks_280.asset using Guid(4745897323a8055478ff48d0f235efeb) Importer(815301076,1909f56bfc062723c751e8b465ee728b)  -> (artifact id: '543ff51751cc2f6fd74505e61d67a09c') in 0.013373 seconds 
Number of asset objects unloaded after import = 3
========================================================================
Received Import Request.
  Time since last request: 0.000014 seconds.
  path: Assets/Assets/ROOM/Ground_rocks_279.asset
  artifactKey: Guid(c8dc0deeda5f2d843b613dc633dda8dd) Importer(815301076,1909f56bfc062723c751e8b465ee728b)
Number of updated assets reloaded before import = 0
Start importing Assets/Assets/ROOM/Ground_rocks_279.asset using Guid(c8dc0deeda5f2d843b613dc633dda8dd) Importer(815301076,1909f56bfc062723c751e8b465ee728b)  -> (artifact id: '526b61c4843102fa1a2783c6d83afe30') in 0.013374 seconds 
Number of asset objects unloaded after import = 3
========================================================================
Received Import Request.
  Time since last request: 0.000018 seconds.
  path: Assets/Assets/ROOM/Ground_rocks_660.asset
  artifactKey: Guid(6eb3186d9f011554e870a92ba3b1d58e) Importer(815301076,1909f56bfc062723c751e8b465ee728b)
Number of updated assets reloaded before import = 0
Start importing Assets/Assets/ROOM/Ground_rocks_660.asset using Guid(6eb3186d9f011554e870a92ba3b1d58e) Importer(815301076,1909f56bfc062723c751e8b465ee728b)  -> (artifact id: 'c97de77f1711a4193dc2b8fbc52e7109') in 0.012653 seconds 
Number of asset objects unloaded after import = 3
========================================================================
Received Import Request.
  Time since last request: 0.000014 seconds.
  path: Assets/Assets/ROOM/Ground_rocks_610.asset
  artifactKey: Guid(3ddc745ad359638449f1582eef673d2b) Importer(815301076,1909f56bfc062723c751e8b465ee728b)
Number of updated assets reloaded before import = 0
Start importing Assets/Assets/ROOM/Ground_rocks_610.asset using Guid(3ddc745ad359638449f1582eef673d2b) Importer(815301076,1909f56bfc062723c751e8b465ee728b)  -> (artifact id: 'd376efa9dcf55771539e29b09bd231a0') in 0.011798 seconds 
Number of asset objects unloaded after import = 3
========================================================================
Received Import Request.
  Time since last request: 0.000017 seconds.
  path: Assets/Assets/ROOM/Ground_rocks_606.asset
  artifactKey: Guid(b43a19953c966694ba86e2a1fcb229ef) Importer(815301076,1909f56bfc062723c751e8b465ee728b)
Number of updated assets reloaded before import = 0
Start importing Assets/Assets/ROOM/Ground_rocks_606.asset using Guid(b43a19953c966694ba86e2a1fcb229ef) Importer(815301076,1909f56bfc062723c751e8b465ee728b)  -> (artifact id: '2dce2ccca2208cf3c203675b163312c3') in 0.013100 seconds 
Number of asset objects unloaded after import = 3
========================================================================
Received Import Request.
  Time since last request: 0.000018 seconds.
  path: Assets/Assets/ROOM/Ground_rocks_591.asset
  artifactKey: Guid(42543947e678ae24d93e582e5a85eece) Importer(815301076,1909f56bfc062723c751e8b465ee728b)
Number of updated assets reloaded before import = 0
Start importing Assets/Assets/ROOM/Ground_rocks_591.asset using Guid(42543947e678ae24d93e582e5a85eece) Importer(815301076,1909f56bfc062723c751e8b465ee728b)  -> (artifact id: '71b5108606321af1bf8efa2f4839b186') in 0.012931 seconds 
Number of asset objects unloaded after import = 3
========================================================================
Received Import Request.
  Time since last request: 0.000019 seconds.
  path: Assets/Assets/ROOM/Ground_rocks_627.asset
  artifactKey: Guid(44d8c2ede11a89847988e5008233e581) Importer(815301076,1909f56bfc062723c751e8b465ee728b)
Number of updated assets reloaded before import = 0
Start importing Assets/Assets/ROOM/Ground_rocks_627.asset using Guid(44d8c2ede11a89847988e5008233e581) Importer(815301076,1909f56bfc062723c751e8b465ee728b)  -> (artifact id: '70f78bcbe63bc993ce323dce4087bc02') in 0.013040 seconds 
Number of asset objects unloaded after import = 3
========================================================================
Received Import Request.
  Time since last request: 0.000014 seconds.
  path: Assets/Assets/ROOM/Ground_rocks_531.asset
  artifactKey: Guid(b540b5143d1fbca43b9b83fb617c2b0c) Importer(815301076,1909f56bfc062723c751e8b465ee728b)
Number of updated assets reloaded before import = 0
Start importing Assets/Assets/ROOM/Ground_rocks_531.asset using Guid(b540b5143d1fbca43b9b83fb617c2b0c) Importer(815301076,1909f56bfc062723c751e8b465ee728b)  -> (artifact id: 'de7b995a651859aed5945889e4691788') in 0.012096 seconds 
Number of asset objects unloaded after import = 3
========================================================================
Received Import Request.
  Time since last request: 0.000017 seconds.
  path: Assets/Assets/ROOM/Ground_rocks_568.asset
  artifactKey: Guid(a5977c63c555e2e44a3a90e91ca29c1a) Importer(815301076,1909f56bfc062723c751e8b465ee728b)
Number of updated assets reloaded before import = 0
Start importing Assets/Assets/ROOM/Ground_rocks_568.asset using Guid(a5977c63c555e2e44a3a90e91ca29c1a) Importer(815301076,1909f56bfc062723c751e8b465ee728b)  -> (artifact id: '3c1f241b144dad274cb36d1415072d14') in 0.012778 seconds 
Number of asset objects unloaded after import = 3
========================================================================
Received Import Request.
  Time since last request: 0.000015 seconds.
  path: Assets/Assets/ROOM/Ground_rocks_1088.asset
  artifactKey: Guid(8efdb4ee53d7e564a91cfb52885d4746) Importer(815301076,1909f56bfc062723c751e8b465ee728b)
Number of updated assets reloaded before import = 0
Start importing Assets/Assets/ROOM/Ground_rocks_1088.asset using Guid(8efdb4ee53d7e564a91cfb52885d4746) Importer(815301076,1909f56bfc062723c751e8b465ee728b)  -> (artifact id: '82def535d6278d8d150688bdc505785a') in 0.012407 seconds 
Number of asset objects unloaded after import = 3
========================================================================
Received Import Request.
  Time since last request: 0.000018 seconds.
  path: Assets/Assets/ROOM/Ground_rocks_870.asset
  artifactKey: Guid(04bdfd5cd78d991439be44a2ad0dbb7a) Importer(815301076,1909f56bfc062723c751e8b465ee728b)
Number of updated assets reloaded before import = 0
Start importing Assets/Assets/ROOM/Ground_rocks_870.asset using Guid(04bdfd5cd78d991439be44a2ad0dbb7a) Importer(815301076,1909f56bfc062723c751e8b465ee728b)  -> (artifact id: '8dd2d982c3cab444537ff3dd5154100d') in 0.012818 seconds 
Number of asset objects unloaded after import = 3
========================================================================
Received Import Request.
  Time since last request: 0.000024 seconds.
  path: Assets/Assets/ROOM/Ground_rocks_600.asset
  artifactKey: Guid(466d1dafb9575784984b91a2f842aff6) Importer(815301076,1909f56bfc062723c751e8b465ee728b)
Number of updated assets reloaded before import = 0
Start importing Assets/Assets/ROOM/Ground_rocks_600.asset using Guid(466d1dafb9575784984b91a2f842aff6) Importer(815301076,1909f56bfc062723c751e8b465ee728b)  -> (artifact id: 'ba84ceba186d4263e366fb8c4dadf272') in 0.013338 seconds 
Number of asset objects unloaded after import = 3
========================================================================
Received Import Request.
  Time since last request: 0.000027 seconds.
  path: Assets/Assets/ROOM/Ground_rocks_604.asset
  artifactKey: Guid(66a75bde19c9c0642ae820bd6c1d2ac2) Importer(815301076,1909f56bfc062723c751e8b465ee728b)
Number of updated assets reloaded before import = 0
Start importing Assets/Assets/ROOM/Ground_rocks_604.asset using Guid(66a75bde19c9c0642ae820bd6c1d2ac2) Importer(815301076,1909f56bfc062723c751e8b465ee728b)  -> (artifact id: '3de516844e6c1f3cc8ad59629a7916bb') in 0.011800 seconds 
Number of asset objects unloaded after import = 3
========================================================================
Received Import Request.
  Time since last request: 0.000018 seconds.
  path: Assets/Assets/ROOM/Ground_rocks_569.asset
  artifactKey: Guid(8a0ba5ccf71309143b1310c5a0d7946b) Importer(815301076,1909f56bfc062723c751e8b465ee728b)
Number of updated assets reloaded before import = 0
Start importing Assets/Assets/ROOM/Ground_rocks_569.asset using Guid(8a0ba5ccf71309143b1310c5a0d7946b) Importer(815301076,1909f56bfc062723c751e8b465ee728b)  -> (artifact id: '5ff9b8dda774c61d6a43a84cb13995cc') in 0.012651 seconds 
Number of asset objects unloaded after import = 3
========================================================================
Received Import Request.
  Time since last request: 0.000023 seconds.
  path: Assets/Assets/ROOM/Ground_rocks_888.asset
  artifactKey: Guid(587277de83399274fbbac6c70bf07c35) Importer(815301076,1909f56bfc062723c751e8b465ee728b)
Number of updated assets reloaded before import = 0
Start importing Assets/Assets/ROOM/Ground_rocks_888.asset using Guid(587277de83399274fbbac6c70bf07c35) Importer(815301076,1909f56bfc062723c751e8b465ee728b)  -> (artifact id: '309e71da66d77cd11837d0932481acd6') in 0.013541 seconds 
Number of asset objects unloaded after import = 3
========================================================================
Received Import Request.
  Time since last request: 0.000018 seconds.
  path: Assets/Assets/ROOM/Ground_rocks_371.asset
  artifactKey: Guid(a819658b1ca2fab4583f489a9ef434a5) Importer(815301076,1909f56bfc062723c751e8b465ee728b)
Number of updated assets reloaded before import = 0
Start importing Assets/Assets/ROOM/Ground_rocks_371.asset using Guid(a819658b1ca2fab4583f489a9ef434a5) Importer(815301076,1909f56bfc062723c751e8b465ee728b)  -> (artifact id: 'f7c0310e3dcc8625af971cdd0a62ed4b') in 0.013269 seconds 
Number of asset objects unloaded after import = 3
========================================================================
Received Import Request.
  Time since last request: 0.000015 seconds.
  path: Assets/Assets/ROOM/Ground_rocks_625.asset
  artifactKey: Guid(7d5b3dff33eaa3d4d85cc6668c466d2c) Importer(815301076,1909f56bfc062723c751e8b465ee728b)
Number of updated assets reloaded before import = 0
Start importing Assets/Assets/ROOM/Ground_rocks_625.asset using Guid(7d5b3dff33eaa3d4d85cc6668c466d2c) Importer(815301076,1909f56bfc062723c751e8b465ee728b)  -> (artifact id: '583572255bd00adf57c901e8b97c5717') in 0.012756 seconds 
Number of asset objects unloaded after import = 3
========================================================================
Received Import Request.
  Time since last request: 0.000016 seconds.
  path: Assets/Assets/ROOM/Ground_rocks_614.asset
  artifactKey: Guid(28cb7237e13413241b4d101ec23e38cf) Importer(815301076,1909f56bfc062723c751e8b465ee728b)
Number of updated assets reloaded before import = 0
Start importing Assets/Assets/ROOM/Ground_rocks_614.asset using Guid(28cb7237e13413241b4d101ec23e38cf) Importer(815301076,1909f56bfc062723c751e8b465ee728b)  -> (artifact id: 'b27fc823f853518b825e1b4bb73458af') in 0.012470 seconds 
Number of asset objects unloaded after import = 3
========================================================================
Received Import Request.
  Time since last request: 0.000020 seconds.
  path: Assets/Assets/ROOM/Ground_rocks_638.asset
  artifactKey: Guid(c75268727a3f58046a88c5ae89683ea6) Importer(815301076,1909f56bfc062723c751e8b465ee728b)
Number of updated assets reloaded before import = 0
Start importing Assets/Assets/ROOM/Ground_rocks_638.asset using Guid(c75268727a3f58046a88c5ae89683ea6) Importer(815301076,1909f56bfc062723c751e8b465ee728b)  -> (artifact id: 'ae6f50bb491cf01b79061e0175e25dff') in 0.012887 seconds 
Number of asset objects unloaded after import = 3
========================================================================
Received Import Request.
  Time since last request: 0.000017 seconds.
  path: Assets/Assets/ROOM/Ground_rocks_653.asset
  artifactKey: Guid(f434f7dda3e341e4381b1280cc9c2fa2) Importer(815301076,1909f56bfc062723c751e8b465ee728b)
Number of updated assets reloaded before import = 0
Start importing Assets/Assets/ROOM/Ground_rocks_653.asset using Guid(f434f7dda3e341e4381b1280cc9c2fa2) Importer(815301076,1909f56bfc062723c751e8b465ee728b)  -> (artifact id: '59d547edc009e182040a6b20dd6c0775') in 0.012438 seconds 
Number of asset objects unloaded after import = 3
========================================================================
Received Import Request.
  Time since last request: 0.000018 seconds.
  path: Assets/Assets/ROOM/Ground_rocks_123.asset
  artifactKey: Guid(515e23d287b4c1e4fb7f89d3c61a351c) Importer(815301076,1909f56bfc062723c751e8b465ee728b)
Number of updated assets reloaded before import = 0
Start importing Assets/Assets/ROOM/Ground_rocks_123.asset using Guid(515e23d287b4c1e4fb7f89d3c61a351c) Importer(815301076,1909f56bfc062723c751e8b465ee728b)  -> (artifact id: '538d16065cea1b742ea3018e6030328e') in 0.012555 seconds 
Number of asset objects unloaded after import = 3
========================================================================
Received Import Request.
  Time since last request: 0.000025 seconds.
  path: Assets/Assets/ROOM/Ground_rocks_583.asset
  artifactKey: Guid(0c40f487136a5824db32f1ee3a9717e6) Importer(815301076,1909f56bfc062723c751e8b465ee728b)
Number of updated assets reloaded before import = 0
Start importing Assets/Assets/ROOM/Ground_rocks_583.asset using Guid(0c40f487136a5824db32f1ee3a9717e6) Importer(815301076,1909f56bfc062723c751e8b465ee728b)  -> (artifact id: '6226c7e3cb5292f2fb6f1aea9efb849c') in 0.012630 seconds 
Number of asset objects unloaded after import = 3
========================================================================
Received Import Request.
  Time since last request: 0.000017 seconds.
  path: Assets/Assets/ROOM/Ground_rocks_563.asset
  artifactKey: Guid(cfaabd722f5b16746878fa98a30f79f6) Importer(815301076,1909f56bfc062723c751e8b465ee728b)
Number of updated assets reloaded before import = 0
Start importing Assets/Assets/ROOM/Ground_rocks_563.asset using Guid(cfaabd722f5b16746878fa98a30f79f6) Importer(815301076,1909f56bfc062723c751e8b465ee728b)  -> (artifact id: 'a9522d4587f625d8467777a3c64b9ee1') in 0.014351 seconds 
Number of asset objects unloaded after import = 3
========================================================================
Received Import Request.
  Time since last request: 0.000017 seconds.
  path: Assets/Assets/ROOM/Ground_rocks_282.asset
  artifactKey: Guid(172918147acf68c4db93f01ae922a0b7) Importer(815301076,1909f56bfc062723c751e8b465ee728b)
Number of updated assets reloaded before import = 0
Start importing Assets/Assets/ROOM/Ground_rocks_282.asset using Guid(172918147acf68c4db93f01ae922a0b7) Importer(815301076,1909f56bfc062723c751e8b465ee728b)  -> (artifact id: 'ddc9968657a6985c3b285567d16356f0') in 0.012265 seconds 
Number of asset objects unloaded after import = 3
========================================================================
Received Import Request.
  Time since last request: 0.000016 seconds.
  path: Assets/Assets/ROOM/Ground_rocks_868.asset
  artifactKey: Guid(5bf38c586c77dbd43936bfad5430f1e8) Importer(815301076,1909f56bfc062723c751e8b465ee728b)
Number of updated assets reloaded before import = 0
Start importing Assets/Assets/ROOM/Ground_rocks_868.asset using Guid(5bf38c586c77dbd43936bfad5430f1e8) Importer(815301076,1909f56bfc062723c751e8b465ee728b)  -> (artifact id: 'a44372896136ca1ba56d8d11be792adc') in 0.012849 seconds 
Number of asset objects unloaded after import = 3
========================================================================
Received Import Request.
  Time since last request: 0.000017 seconds.
  path: Assets/Assets/ROOM/Ground_rocks_557.asset
  artifactKey: Guid(37f4676f40f68444588e25ddc03e9eb4) Importer(815301076,1909f56bfc062723c751e8b465ee728b)
Number of updated assets reloaded before import = 0
Start importing Assets/Assets/ROOM/Ground_rocks_557.asset using Guid(37f4676f40f68444588e25ddc03e9eb4) Importer(815301076,1909f56bfc062723c751e8b465ee728b)  -> (artifact id: 'e05d7100806436cf2574d59b5d8de0b8') in 0.012165 seconds 
Number of asset objects unloaded after import = 3
========================================================================
Received Import Request.
  Time since last request: 0.000019 seconds.
  path: Assets/Assets/ROOM/Ground_rocks_386.asset
  artifactKey: Guid(6cb513263216466469ff54ca2f44e319) Importer(815301076,1909f56bfc062723c751e8b465ee728b)
Number of updated assets reloaded before import = 0
Start importing Assets/Assets/ROOM/Ground_rocks_386.asset using Guid(6cb513263216466469ff54ca2f44e319) Importer(815301076,1909f56bfc062723c751e8b465ee728b)  -> (artifact id: '4e0e008f9d431d11a663f5460d708533') in 0.012917 seconds 
Number of asset objects unloaded after import = 3
========================================================================
Received Import Request.
  Time since last request: 0.000027 seconds.
  path: Assets/Assets/ROOM/Ground_rocks_382.asset
  artifactKey: Guid(50adfe1b26fb47245818a00eeed43b9c) Importer(815301076,1909f56bfc062723c751e8b465ee728b)
Number of updated assets reloaded before import = 0
Start importing Assets/Assets/ROOM/Ground_rocks_382.asset using Guid(50adfe1b26fb47245818a00eeed43b9c) Importer(815301076,1909f56bfc062723c751e8b465ee728b)  -> (artifact id: '2455f2c116bf1102bd8ccac479570b33') in 0.012340 seconds 
Number of asset objects unloaded after import = 3
========================================================================
Received Import Request.
  Time since last request: 0.000017 seconds.
  path: Assets/Assets/ROOM/Ground_rocks_265.asset
  artifactKey: Guid(1734a4ad7fa75de48a0e9f03525201f2) Importer(815301076,1909f56bfc062723c751e8b465ee728b)
Number of updated assets reloaded before import = 0
Start importing Assets/Assets/ROOM/Ground_rocks_265.asset using Guid(1734a4ad7fa75de48a0e9f03525201f2) Importer(815301076,1909f56bfc062723c751e8b465ee728b)  -> (artifact id: '2798a75ebb23bf7e5672031744545db8') in 0.013057 seconds 
Number of asset objects unloaded after import = 3
========================================================================
Received Import Request.
  Time since last request: 0.000018 seconds.
  path: Assets/Assets/ROOM/Ground_rocks_873.asset
  artifactKey: Guid(8dbdc6570f22c574890061d4ba44ccc9) Importer(815301076,1909f56bfc062723c751e8b465ee728b)
Number of updated assets reloaded before import = 0
Start importing Assets/Assets/ROOM/Ground_rocks_873.asset using Guid(8dbdc6570f22c574890061d4ba44ccc9) Importer(815301076,1909f56bfc062723c751e8b465ee728b)  -> (artifact id: '40bd4b47487460360afb31624274d65f') in 0.013423 seconds 
Number of asset objects unloaded after import = 3
========================================================================
Received Import Request.
  Time since last request: 0.000016 seconds.
  path: Assets/Assets/ROOM/Ground_rocks_631.asset
  artifactKey: Guid(ded94d3fe73a14146b405bc3ecd1ad5a) Importer(815301076,1909f56bfc062723c751e8b465ee728b)
Number of updated assets reloaded before import = 0
Start importing Assets/Assets/ROOM/Ground_rocks_631.asset using Guid(ded94d3fe73a14146b405bc3ecd1ad5a) Importer(815301076,1909f56bfc062723c751e8b465ee728b)  -> (artifact id: '6c39e3392da3a3c3fb68b1aa8c1b28eb') in 0.013059 seconds 
Number of asset objects unloaded after import = 3
========================================================================
Received Import Request.
  Time since last request: 0.000016 seconds.
  path: Assets/Assets/ROOM/Ground_rocks_556.asset
  artifactKey: Guid(508cba03085690e4fac08e1238eea189) Importer(815301076,1909f56bfc062723c751e8b465ee728b)
Number of updated assets reloaded before import = 0
Start importing Assets/Assets/ROOM/Ground_rocks_556.asset using Guid(508cba03085690e4fac08e1238eea189) Importer(815301076,1909f56bfc062723c751e8b465ee728b)  -> (artifact id: '7f3c5510ed76c3d8448c66b9a3c610c8') in 0.012585 seconds 
Number of asset objects unloaded after import = 3
========================================================================
Received Import Request.
  Time since last request: 0.000017 seconds.
  path: Assets/Assets/ROOM/Ground_rocks_886.asset
  artifactKey: Guid(024564116a1469d449218eaf1a3e22d2) Importer(815301076,1909f56bfc062723c751e8b465ee728b)
Number of updated assets reloaded before import = 0
Start importing Assets/Assets/ROOM/Ground_rocks_886.asset using Guid(024564116a1469d449218eaf1a3e22d2) Importer(815301076,1909f56bfc062723c751e8b465ee728b)  -> (artifact id: 'bd6783cacc40a410f264cd1a261f409a') in 0.012636 seconds 
Number of asset objects unloaded after import = 3
========================================================================
Received Import Request.
  Time since last request: 0.000015 seconds.
  path: Assets/Assets/ROOM/Ground_rocks_611.asset
  artifactKey: Guid(3f68bb4429bc7fa4cb76453a0e9b7975) Importer(815301076,1909f56bfc062723c751e8b465ee728b)
Number of updated assets reloaded before import = 0
Start importing Assets/Assets/ROOM/Ground_rocks_611.asset using Guid(3f68bb4429bc7fa4cb76453a0e9b7975) Importer(815301076,1909f56bfc062723c751e8b465ee728b)  -> (artifact id: '60563f5d5873e154d43fda95bb350eb7') in 0.012871 seconds 
Number of asset objects unloaded after import = 3
========================================================================
Received Import Request.
  Time since last request: 0.000016 seconds.
  path: Assets/Assets/ROOM/Ground_rocks_594.asset
  artifactKey: Guid(655b4ac0bd874964882d516efbbd06e9) Importer(815301076,1909f56bfc062723c751e8b465ee728b)
Number of updated assets reloaded before import = 0
Start importing Assets/Assets/ROOM/Ground_rocks_594.asset using Guid(655b4ac0bd874964882d516efbbd06e9) Importer(815301076,1909f56bfc062723c751e8b465ee728b)  -> (artifact id: '39e8dadb87741d807f7d198da1ccff29') in 0.011930 seconds 
Number of asset objects unloaded after import = 3
========================================================================
Received Import Request.
  Time since last request: 0.000023 seconds.
  path: Assets/Assets/ROOM/Ground_rocks_887.asset
  artifactKey: Guid(a3d4caa0409abfe4ea70076a08293f33) Importer(815301076,1909f56bfc062723c751e8b465ee728b)
Number of updated assets reloaded before import = 0
Start importing Assets/Assets/ROOM/Ground_rocks_887.asset using Guid(a3d4caa0409abfe4ea70076a08293f33) Importer(815301076,1909f56bfc062723c751e8b465ee728b)  -> (artifact id: '76c1a29d45efc32b27b5ea091009e41a') in 0.012958 seconds 
Number of asset objects unloaded after import = 3
========================================================================
Received Import Request.
  Time since last request: 0.000017 seconds.
  path: Assets/Assets/ROOM/Ground_rocks_121.asset
  artifactKey: Guid(a24a23611bc4efa4299e3b05831a9f35) Importer(815301076,1909f56bfc062723c751e8b465ee728b)
Number of updated assets reloaded before import = 0
Start importing Assets/Assets/ROOM/Ground_rocks_121.asset using Guid(a24a23611bc4efa4299e3b05831a9f35) Importer(815301076,1909f56bfc062723c751e8b465ee728b)  -> (artifact id: 'b2c905462720870ae9213b0afcce961f') in 0.012021 seconds 
Number of asset objects unloaded after import = 3
========================================================================
Received Import Request.
  Time since last request: 0.000018 seconds.
  path: Assets/Assets/ROOM/Ground_rocks_391.asset
  artifactKey: Guid(2ec491cd31bf4cf4ea0c83c911a58aa4) Importer(815301076,1909f56bfc062723c751e8b465ee728b)
Number of updated assets reloaded before import = 0
Start importing Assets/Assets/ROOM/Ground_rocks_391.asset using Guid(2ec491cd31bf4cf4ea0c83c911a58aa4) Importer(815301076,1909f56bfc062723c751e8b465ee728b)  -> (artifact id: '6de44403235fd8120ea7744218f3e39b') in 0.012458 seconds 
Number of asset objects unloaded after import = 3
========================================================================
Received Import Request.
  Time since last request: 0.000019 seconds.
  path: Assets/Assets/ROOM/Ground_rocks_510.asset
  artifactKey: Guid(ee78801a09e09db478a5eb942103c951) Importer(815301076,1909f56bfc062723c751e8b465ee728b)
Number of updated assets reloaded before import = 0
Start importing Assets/Assets/ROOM/Ground_rocks_510.asset using Guid(ee78801a09e09db478a5eb942103c951) Importer(815301076,1909f56bfc062723c751e8b465ee728b)  -> (artifact id: '2eea92c41daa812fefe09c9290804f5d') in 0.012092 seconds 
Number of asset objects unloaded after import = 3
========================================================================
Received Import Request.
  Time since last request: 0.000017 seconds.
  path: Assets/Assets/ROOM/Ground_rocks_129.asset
  artifactKey: Guid(443f17c0110a89f43bc1a2d926f7607f) Importer(815301076,1909f56bfc062723c751e8b465ee728b)
Number of updated assets reloaded before import = 0
Start importing Assets/Assets/ROOM/Ground_rocks_129.asset using Guid(443f17c0110a89f43bc1a2d926f7607f) Importer(815301076,1909f56bfc062723c751e8b465ee728b)  -> (artifact id: '39aa4c6ff7d2fd38ec6525888b7ae427') in 0.012232 seconds 
Number of asset objects unloaded after import = 3
========================================================================
Received Import Request.
  Time since last request: 0.000017 seconds.
  path: Assets/Assets/ROOM/Ground_rocks_270.asset
  artifactKey: Guid(693996a4e48e1a940a564e96259fb131) Importer(815301076,1909f56bfc062723c751e8b465ee728b)
Number of updated assets reloaded before import = 0
Start importing Assets/Assets/ROOM/Ground_rocks_270.asset using Guid(693996a4e48e1a940a564e96259fb131) Importer(815301076,1909f56bfc062723c751e8b465ee728b)  -> (artifact id: '5c906e61e7ece43b9669b245c1e37d4c') in 0.012497 seconds 
Number of asset objects unloaded after import = 3
========================================================================
Received Import Request.
  Time since last request: 0.000025 seconds.
  path: Assets/Assets/ROOM/Ground_rocks_135.asset
  artifactKey: Guid(f077f3fd31292dc43b1a75221a93d5f6) Importer(815301076,1909f56bfc062723c751e8b465ee728b)
Number of updated assets reloaded before import = 0
Start importing Assets/Assets/ROOM/Ground_rocks_135.asset using Guid(f077f3fd31292dc43b1a75221a93d5f6) Importer(815301076,1909f56bfc062723c751e8b465ee728b)  -> (artifact id: '7e8468bbc0915602a951de1486b7b9ea') in 0.012481 seconds 
Number of asset objects unloaded after import = 3
========================================================================
Received Import Request.
  Time since last request: 0.000023 seconds.
  path: Assets/Assets/ROOM/Ground_rocks_589.asset
  artifactKey: Guid(0cdac71d70c475740aac5e18e1c96916) Importer(815301076,1909f56bfc062723c751e8b465ee728b)
Number of updated assets reloaded before import = 0
Start importing Assets/Assets/ROOM/Ground_rocks_589.asset using Guid(0cdac71d70c475740aac5e18e1c96916) Importer(815301076,1909f56bfc062723c751e8b465ee728b)  -> (artifact id: '90831e7dc2192a5c13b700a4076c31ba') in 0.012479 seconds 
Number of asset objects unloaded after import = 3
========================================================================
Received Import Request.
  Time since last request: 0.000017 seconds.
  path: Assets/Assets/ROOM/Ground_rocks_624.asset
  artifactKey: Guid(d03657d2bb1e7154a9d050b76fbf9be2) Importer(815301076,1909f56bfc062723c751e8b465ee728b)
Number of updated assets reloaded before import = 0
Start importing Assets/Assets/ROOM/Ground_rocks_624.asset using Guid(d03657d2bb1e7154a9d050b76fbf9be2) Importer(815301076,1909f56bfc062723c751e8b465ee728b)  -> (artifact id: '0e2f06d44b9b76e6158d21cf2a195919') in 0.014306 seconds 
Number of asset objects unloaded after import = 3
========================================================================
Received Import Request.
  Time since last request: 0.000019 seconds.
  path: Assets/Assets/ROOM/Ground_rocks_263.asset
  artifactKey: Guid(493bcefbafcf78241970b03c8736835e) Importer(815301076,1909f56bfc062723c751e8b465ee728b)
Number of updated assets reloaded before import = 0
Start importing Assets/Assets/ROOM/Ground_rocks_263.asset using Guid(493bcefbafcf78241970b03c8736835e) Importer(815301076,1909f56bfc062723c751e8b465ee728b)  -> (artifact id: '33351f6f61faeeb987ea85a38e7b16cf') in 0.013227 seconds 
Number of asset objects unloaded after import = 3
========================================================================
Received Import Request.
  Time since last request: 0.000018 seconds.
  path: Assets/Assets/ROOM/Ground_rocks_105.asset
  artifactKey: Guid(018e8a1eb8306274a837e2c45d94dbbc) Importer(815301076,1909f56bfc062723c751e8b465ee728b)
Number of updated assets reloaded before import = 0
Start importing Assets/Assets/ROOM/Ground_rocks_105.asset using Guid(018e8a1eb8306274a837e2c45d94dbbc) Importer(815301076,1909f56bfc062723c751e8b465ee728b)  -> (artifact id: 'e08fd726786b1eb0ca2849a582b368f0') in 0.013742 seconds 
Number of asset objects unloaded after import = 3
========================================================================
Received Import Request.
  Time since last request: 0.000016 seconds.
  path: Assets/Assets/ROOM/Ground_rocks_393.asset
  artifactKey: Guid(3490ee1e4968ca044be26fa496aaaab0) Importer(815301076,1909f56bfc062723c751e8b465ee728b)
Number of updated assets reloaded before import = 0
Start importing Assets/Assets/ROOM/Ground_rocks_393.asset using Guid(3490ee1e4968ca044be26fa496aaaab0) Importer(815301076,1909f56bfc062723c751e8b465ee728b)  -> (artifact id: 'e2526e68f862e7b3cda2aea1826eed14') in 0.014813 seconds 
Number of asset objects unloaded after import = 3
========================================================================
Received Import Request.
  Time since last request: 0.000016 seconds.
  path: Assets/Assets/ROOM/Ground_rocks_284.asset
  artifactKey: Guid(e549a7b52756f8a4ea1d4af486dbe4ed) Importer(815301076,1909f56bfc062723c751e8b465ee728b)
Number of updated assets reloaded before import = 0
Start importing Assets/Assets/ROOM/Ground_rocks_284.asset using Guid(e549a7b52756f8a4ea1d4af486dbe4ed) Importer(815301076,1909f56bfc062723c751e8b465ee728b)  -> (artifact id: '81bcb1a4e4c4f31cc1193574bfc60b64') in 0.012611 seconds 
Number of asset objects unloaded after import = 3
========================================================================
Received Import Request.
  Time since last request: 0.000025 seconds.
  path: Assets/Assets/ROOM/Ground_rocks_403.asset
  artifactKey: Guid(c865c895842f4d14d9dba53b908eb9b5) Importer(815301076,1909f56bfc062723c751e8b465ee728b)
Number of updated assets reloaded before import = 0
Start importing Assets/Assets/ROOM/Ground_rocks_403.asset using Guid(c865c895842f4d14d9dba53b908eb9b5) Importer(815301076,1909f56bfc062723c751e8b465ee728b)  -> (artifact id: '7609645bccffdd7d5e962a4af8b52777') in 0.012947 seconds 
Number of asset objects unloaded after import = 3
========================================================================
Received Import Request.
  Time since last request: 0.000014 seconds.
  path: Assets/Assets/ROOM/Ground_rocks_114.asset
  artifactKey: Guid(0ef72f745e9bf904b840de04e7e5c242) Importer(815301076,1909f56bfc062723c751e8b465ee728b)
Number of updated assets reloaded before import = 0
Start importing Assets/Assets/ROOM/Ground_rocks_114.asset using Guid(0ef72f745e9bf904b840de04e7e5c242) Importer(815301076,1909f56bfc062723c751e8b465ee728b)  -> (artifact id: '2c39d42c9ba80154ea5e4c46f85dd0df') in 0.011816 seconds 
Number of asset objects unloaded after import = 3
========================================================================
Received Import Request.
  Time since last request: 0.000017 seconds.
  path: Assets/Assets/ROOM/Ground_rocks_149.asset
  artifactKey: Guid(c1b4fd3111538184e995afecd32d70bd) Importer(815301076,1909f56bfc062723c751e8b465ee728b)
Number of updated assets reloaded before import = 0
Start importing Assets/Assets/ROOM/Ground_rocks_149.asset using Guid(c1b4fd3111538184e995afecd32d70bd) Importer(815301076,1909f56bfc062723c751e8b465ee728b)  -> (artifact id: 'a9e43852f2b4054eb062e48a21fd57bc') in 0.012606 seconds 
Number of asset objects unloaded after import = 3
========================================================================
Received Import Request.
  Time since last request: 0.000016 seconds.
  path: Assets/Assets/ROOM/Ground_rocks_859.asset
  artifactKey: Guid(bcb3a8b7b8d57c14795a0c8771055a2b) Importer(815301076,1909f56bfc062723c751e8b465ee728b)
Number of updated assets reloaded before import = 0
Start importing Assets/Assets/ROOM/Ground_rocks_859.asset using Guid(bcb3a8b7b8d57c14795a0c8771055a2b) Importer(815301076,1909f56bfc062723c751e8b465ee728b)  -> (artifact id: 'd796415bc91bcfe0e64ff4b3b48d9c99') in 0.012187 seconds 
Number of asset objects unloaded after import = 3
========================================================================
Received Import Request.
  Time since last request: 0.000015 seconds.
  path: Assets/Assets/ROOM/Ground_rocks_516.asset
  artifactKey: Guid(eba40645596a01f4eaf13c2083ba1f6c) Importer(815301076,1909f56bfc062723c751e8b465ee728b)
Number of updated assets reloaded before import = 0
Start importing Assets/Assets/ROOM/Ground_rocks_516.asset using Guid(eba40645596a01f4eaf13c2083ba1f6c) Importer(815301076,1909f56bfc062723c751e8b465ee728b)  -> (artifact id: 'a0cae4929f5f31e626e76936eb6cf527') in 0.012312 seconds 
Number of asset objects unloaded after import = 3
========================================================================
Received Import Request.
  Time since last request: 0.000016 seconds.
  path: Assets/Assets/ROOM/Ground_rocks_372.asset
  artifactKey: Guid(7009b6e287e105348a710ab53159212f) Importer(815301076,1909f56bfc062723c751e8b465ee728b)
Number of updated assets reloaded before import = 0
Start importing Assets/Assets/ROOM/Ground_rocks_372.asset using Guid(7009b6e287e105348a710ab53159212f) Importer(815301076,1909f56bfc062723c751e8b465ee728b)  -> (artifact id: '02037e1e5a863975680eebbea95c0cf6') in 0.012578 seconds 
Number of asset objects unloaded after import = 3
========================================================================
Received Import Request.
  Time since last request: 0.000018 seconds.
  path: Assets/Assets/ROOM/Ground_rocks_629.asset
  artifactKey: Guid(3722c424d3282c546ac58aaec85fc405) Importer(815301076,1909f56bfc062723c751e8b465ee728b)
Number of updated assets reloaded before import = 0
Start importing Assets/Assets/ROOM/Ground_rocks_629.asset using Guid(3722c424d3282c546ac58aaec85fc405) Importer(815301076,1909f56bfc062723c751e8b465ee728b)  -> (artifact id: 'adc41edc176a8c48514f3852bbc9df76') in 0.013289 seconds 
Number of asset objects unloaded after import = 3
========================================================================
Received Import Request.
  Time since last request: 0.000021 seconds.
  path: Assets/Assets/ROOM/Ground_rocks_862.asset
  artifactKey: Guid(47e4b583933535044939b3978ee29623) Importer(815301076,1909f56bfc062723c751e8b465ee728b)
Number of updated assets reloaded before import = 0
Start importing Assets/Assets/ROOM/Ground_rocks_862.asset using Guid(47e4b583933535044939b3978ee29623) Importer(815301076,1909f56bfc062723c751e8b465ee728b)  -> (artifact id: '5f5af286663eeec50c3a0e48220c1d45') in 0.012960 seconds 
Number of asset objects unloaded after import = 3
========================================================================
Received Import Request.
  Time since last request: 0.000015 seconds.
  path: Assets/Assets/ROOM/Ground_rocks_526.asset
  artifactKey: Guid(0c39fd06886138a42ad6f457f405aa68) Importer(815301076,1909f56bfc062723c751e8b465ee728b)
Number of updated assets reloaded before import = 0
Start importing Assets/Assets/ROOM/Ground_rocks_526.asset using Guid(0c39fd06886138a42ad6f457f405aa68) Importer(815301076,1909f56bfc062723c751e8b465ee728b)  -> (artifact id: 'f6d3f216f5a00885659cf79bbe373139') in 0.012280 seconds 
Number of asset objects unloaded after import = 3
========================================================================
Received Import Request.
  Time since last request: 0.000018 seconds.
  path: Assets/Assets/ROOM/Ground_rocks_584.asset
  artifactKey: Guid(8ec378d67612ea94cae4db5b131abb42) Importer(815301076,1909f56bfc062723c751e8b465ee728b)
Number of updated assets reloaded before import = 0
Start importing Assets/Assets/ROOM/Ground_rocks_584.asset using Guid(8ec378d67612ea94cae4db5b131abb42) Importer(815301076,1909f56bfc062723c751e8b465ee728b)  -> (artifact id: '708d0232c4e015f9da52ccdb47ef8923') in 0.014625 seconds 
Number of asset objects unloaded after import = 3
========================================================================
Received Import Request.
  Time since last request: 0.000021 seconds.
  path: Assets/Assets/ROOM/Ground_rocks_300.asset
  artifactKey: Guid(4b6153d08f4b7c744819e665b1545b5f) Importer(815301076,1909f56bfc062723c751e8b465ee728b)
Number of updated assets reloaded before import = 0
Start importing Assets/Assets/ROOM/Ground_rocks_300.asset using Guid(4b6153d08f4b7c744819e665b1545b5f) Importer(815301076,1909f56bfc062723c751e8b465ee728b)  -> (artifact id: '33ce85dd4c6aee016dbedba871e0745f') in 0.020369 seconds 
Number of asset objects unloaded after import = 3
========================================================================
Received Import Request.
  Time since last request: 0.000016 seconds.
  path: Assets/Assets/ROOM/Ground_rocks_851.asset
  artifactKey: Guid(9ba280211b9649f4d808e211a63de26d) Importer(815301076,1909f56bfc062723c751e8b465ee728b)
Number of updated assets reloaded before import = 0
Start importing Assets/Assets/ROOM/Ground_rocks_851.asset using Guid(9ba280211b9649f4d808e211a63de26d) Importer(815301076,1909f56bfc062723c751e8b465ee728b)  -> (artifact id: 'd458697148481409513c9758ceb7c801') in 0.015033 seconds 
Number of asset objects unloaded after import = 3
========================================================================
Received Import Request.
  Time since last request: 0.000017 seconds.
  path: Assets/Assets/ROOM/Ground_rocks_540.asset
  artifactKey: Guid(96918698af0c5fa48b4a3cc59f8388b8) Importer(815301076,1909f56bfc062723c751e8b465ee728b)
Number of updated assets reloaded before import = 0
Start importing Assets/Assets/ROOM/Ground_rocks_540.asset using Guid(96918698af0c5fa48b4a3cc59f8388b8) Importer(815301076,1909f56bfc062723c751e8b465ee728b)  -> (artifact id: 'c797e34674dbcf2b842df70a9ba655c5') in 0.012093 seconds 
Number of asset objects unloaded after import = 3
========================================================================
Received Import Request.
  Time since last request: 0.000016 seconds.
  path: Assets/Assets/ROOM/Ground_rocks_543.asset
  artifactKey: Guid(8eeebbe9dc513494bac9598e19811af0) Importer(815301076,1909f56bfc062723c751e8b465ee728b)
Number of updated assets reloaded before import = 0
Start importing Assets/Assets/ROOM/Ground_rocks_543.asset using Guid(8eeebbe9dc513494bac9598e19811af0) Importer(815301076,1909f56bfc062723c751e8b465ee728b)  -> (artifact id: 'e94b6d884454796ea71f6f296d2861b5') in 0.012791 seconds 
Number of asset objects unloaded after import = 3
========================================================================
Received Import Request.
  Time since last request: 0.000020 seconds.
  path: Assets/Assets/ROOM/Ground_rocks_144.asset
  artifactKey: Guid(69b7fece093ab3e4d8588bfa7738aa88) Importer(815301076,1909f56bfc062723c751e8b465ee728b)
Number of updated assets reloaded before import = 0
Start importing Assets/Assets/ROOM/Ground_rocks_144.asset using Guid(69b7fece093ab3e4d8588bfa7738aa88) Importer(815301076,1909f56bfc062723c751e8b465ee728b)  -> (artifact id: 'c7bd02e0125b649e107b66afb4f50b88') in 0.013024 seconds 
Number of asset objects unloaded after import = 3
========================================================================
Received Import Request.
  Time since last request: 0.000021 seconds.
  path: Assets/Assets/ROOM/Ground_rocks_138.asset
  artifactKey: Guid(c012970527899d646afb6f6bff596807) Importer(815301076,1909f56bfc062723c751e8b465ee728b)
Number of updated assets reloaded before import = 0
Start importing Assets/Assets/ROOM/Ground_rocks_138.asset using Guid(c012970527899d646afb6f6bff596807) Importer(815301076,1909f56bfc062723c751e8b465ee728b)  -> (artifact id: '03f0f9e557370341459b4507bbfa75e0') in 0.012554 seconds 
Number of asset objects unloaded after import = 3
========================================================================
Received Import Request.
  Time since last request: 0.000020 seconds.
  path: Assets/Assets/ROOM/Ground_rocks_623.asset
  artifactKey: Guid(bbbb12fa16ce34b48a91e333d35fd57a) Importer(815301076,1909f56bfc062723c751e8b465ee728b)
Number of updated assets reloaded before import = 0
Start importing Assets/Assets/ROOM/Ground_rocks_623.asset using Guid(bbbb12fa16ce34b48a91e333d35fd57a) Importer(815301076,1909f56bfc062723c751e8b465ee728b)  -> (artifact id: 'a5054d51d8bfd62adfea1fd44f04c5cc') in 0.015008 seconds 
Number of asset objects unloaded after import = 3
========================================================================
Received Import Request.
  Time since last request: 0.000015 seconds.
  path: Assets/Assets/ROOM/Ground_rocks_292.asset
  artifactKey: Guid(edbd3e5c6e4f17d499bc11d9679cff98) Importer(815301076,1909f56bfc062723c751e8b465ee728b)
Number of updated assets reloaded before import = 0
Start importing Assets/Assets/ROOM/Ground_rocks_292.asset using Guid(edbd3e5c6e4f17d499bc11d9679cff98) Importer(815301076,1909f56bfc062723c751e8b465ee728b)  -> (artifact id: '504c4e5d1b8e7743df4bbd2cbbb906a3') in 0.013521 seconds 
Number of asset objects unloaded after import = 3
========================================================================
Received Import Request.
  Time since last request: 0.000016 seconds.
  path: Assets/Assets/ROOM/Ground_rocks_511.asset
  artifactKey: Guid(3d223ac8d068d714c9ed8a152da2692d) Importer(815301076,1909f56bfc062723c751e8b465ee728b)
Number of updated assets reloaded before import = 0
Start importing Assets/Assets/ROOM/Ground_rocks_511.asset using Guid(3d223ac8d068d714c9ed8a152da2692d) Importer(815301076,1909f56bfc062723c751e8b465ee728b)  -> (artifact id: '9376f946c6262f47ca61793f39445f2d') in 0.012691 seconds 
Number of asset objects unloaded after import = 3
========================================================================
Received Import Request.
  Time since last request: 0.000017 seconds.
  path: Assets/Assets/ROOM/Ground_rocks_618.asset
  artifactKey: Guid(7406c9d7e31b2fa4893cdbcca23a13cc) Importer(815301076,1909f56bfc062723c751e8b465ee728b)
Number of updated assets reloaded before import = 0
Start importing Assets/Assets/ROOM/Ground_rocks_618.asset using Guid(7406c9d7e31b2fa4893cdbcca23a13cc) Importer(815301076,1909f56bfc062723c751e8b465ee728b)  -> (artifact id: '399c515d4a9786d8f92aa0c9cae407d0') in 0.012677 seconds 
Number of asset objects unloaded after import = 3
========================================================================
Received Import Request.
  Time since last request: 0.000013 seconds.
  path: Assets/Assets/ROOM/Ground_rocks_154.asset
  artifactKey: Guid(953aa5b8a068ccb40b896376699f081c) Importer(815301076,1909f56bfc062723c751e8b465ee728b)
Number of updated assets reloaded before import = 0
Start importing Assets/Assets/ROOM/Ground_rocks_154.asset using Guid(953aa5b8a068ccb40b896376699f081c) Importer(815301076,1909f56bfc062723c751e8b465ee728b)  -> (artifact id: '6a999f63d56c57eabdb3bd6d5b2e82b2') in 0.013528 seconds 
Number of asset objects unloaded after import = 3
========================================================================
Received Import Request.
  Time since last request: 0.000017 seconds.
  path: Assets/Assets/ROOM/Ground_rocks_634.asset
  artifactKey: Guid(3b11f2a9b64437042bf95c129178064f) Importer(815301076,1909f56bfc062723c751e8b465ee728b)
Number of updated assets reloaded before import = 0
Start importing Assets/Assets/ROOM/Ground_rocks_634.asset using Guid(3b11f2a9b64437042bf95c129178064f) Importer(815301076,1909f56bfc062723c751e8b465ee728b)  -> (artifact id: '26c32c966d243e30b03d0596ee06d5a1') in 0.016156 seconds 
Number of asset objects unloaded after import = 3
========================================================================
Received Import Request.
  Time since last request: 0.000018 seconds.
  path: Assets/Assets/ROOM/Ground_rocks_401.asset
  artifactKey: Guid(ab707d426862e3842892706ee5d496d5) Importer(815301076,1909f56bfc062723c751e8b465ee728b)
Number of updated assets reloaded before import = 0
Start importing Assets/Assets/ROOM/Ground_rocks_401.asset using Guid(ab707d426862e3842892706ee5d496d5) Importer(815301076,1909f56bfc062723c751e8b465ee728b)  -> (artifact id: '67a7debda05cf79c1d3b79dbaead3b98') in 0.012244 seconds 
Number of asset objects unloaded after import = 3
========================================================================
Received Import Request.
  Time since last request: 0.000017 seconds.
  path: Assets/Assets/ROOM/Ground_rocks_1077.asset
  artifactKey: Guid(aa811602dcde86042a2040355b6d9c3c) Importer(815301076,1909f56bfc062723c751e8b465ee728b)
Number of updated assets reloaded before import = 0
Start importing Assets/Assets/ROOM/Ground_rocks_1077.asset using Guid(aa811602dcde86042a2040355b6d9c3c) Importer(815301076,1909f56bfc062723c751e8b465ee728b)  -> (artifact id: '8b5d306678f69cf0ae4c7a4864dcc6b3') in 0.013672 seconds 
Number of asset objects unloaded after import = 3
========================================================================
Received Import Request.
  Time since last request: 0.000017 seconds.
  path: Assets/Assets/ROOM/Ground_rocks_384.asset
  artifactKey: Guid(44688eb4e35cc3043881f3edaaa10adb) Importer(815301076,1909f56bfc062723c751e8b465ee728b)
Number of updated assets reloaded before import = 0
Start importing Assets/Assets/ROOM/Ground_rocks_384.asset using Guid(44688eb4e35cc3043881f3edaaa10adb) Importer(815301076,1909f56bfc062723c751e8b465ee728b)  -> (artifact id: 'ac2607be25379c44a2cb50f8dbbaf4b2') in 0.012504 seconds 
Number of asset objects unloaded after import = 3
========================================================================
Received Import Request.
  Time since last request: 0.000026 seconds.
  path: Assets/Assets/ROOM/Ground_rocks_389.asset
  artifactKey: Guid(9bcb80a99ed25804bbcd37fd336b465e) Importer(815301076,1909f56bfc062723c751e8b465ee728b)
Number of updated assets reloaded before import = 0
Start importing Assets/Assets/ROOM/Ground_rocks_389.asset using Guid(9bcb80a99ed25804bbcd37fd336b465e) Importer(815301076,1909f56bfc062723c751e8b465ee728b)  -> (artifact id: '9560ed635df1d26ee04e8d9d0d6e60d1') in 0.013399 seconds 
Number of asset objects unloaded after import = 3
========================================================================
Received Import Request.
  Time since last request: 0.000018 seconds.
  path: Assets/Assets/ROOM/Ground_rocks_385.asset
  artifactKey: Guid(45dfde1c50a6d574bb403ee0c91edcde) Importer(815301076,1909f56bfc062723c751e8b465ee728b)
Number of updated assets reloaded before import = 0
Start importing Assets/Assets/ROOM/Ground_rocks_385.asset using Guid(45dfde1c50a6d574bb403ee0c91edcde) Importer(815301076,1909f56bfc062723c751e8b465ee728b)  -> (artifact id: 'd2317b4db217029079f0ae6029df8cd8') in 0.013104 seconds 
Number of asset objects unloaded after import = 3
========================================================================
Received Import Request.
  Time since last request: 0.000014 seconds.
  path: Assets/Assets/ROOM/Ground_rocks_581.asset
  artifactKey: Guid(5e92ff62c2a019648954d8740ee75f4c) Importer(815301076,1909f56bfc062723c751e8b465ee728b)
Number of updated assets reloaded before import = 0
Start importing Assets/Assets/ROOM/Ground_rocks_581.asset using Guid(5e92ff62c2a019648954d8740ee75f4c) Importer(815301076,1909f56bfc062723c751e8b465ee728b)  -> (artifact id: '08a8fe38dd780779df5535851051da14') in 0.012545 seconds 
Number of asset objects unloaded after import = 3
========================================================================
Received Import Request.
  Time since last request: 0.000014 seconds.
  path: Assets/Assets/ROOM/Ground_rocks_1070.asset
  artifactKey: Guid(efcacc336dd485642acd14267d4922c0) Importer(815301076,1909f56bfc062723c751e8b465ee728b)
Number of updated assets reloaded before import = 0
Start importing Assets/Assets/ROOM/Ground_rocks_1070.asset using Guid(efcacc336dd485642acd14267d4922c0) Importer(815301076,1909f56bfc062723c751e8b465ee728b)  -> (artifact id: '1af17d9ab28cd5371fc5d238c2699b8d') in 0.011931 seconds 
Number of asset objects unloaded after import = 3
========================================================================
Received Import Request.
  Time since last request: 0.000016 seconds.
  path: Assets/Assets/ROOM/Ground_rocks_654.asset
  artifactKey: Guid(5d688ac16cbb1cf41a7307e9c16ccab6) Importer(815301076,1909f56bfc062723c751e8b465ee728b)
Number of updated assets reloaded before import = 0
Start importing Assets/Assets/ROOM/Ground_rocks_654.asset using Guid(5d688ac16cbb1cf41a7307e9c16ccab6) Importer(815301076,1909f56bfc062723c751e8b465ee728b)  -> (artifact id: '264c3fdfa59dc7c4a6cc336b57606a75') in 0.014962 seconds 
Number of asset objects unloaded after import = 3
========================================================================
Received Import Request.
  Time since last request: 0.000016 seconds.
  path: Assets/Assets/ROOM/Ground_rocks_260.asset
  artifactKey: Guid(f7570964c0c4a504d9e5d755e7266d93) Importer(815301076,1909f56bfc062723c751e8b465ee728b)
Number of updated assets reloaded before import = 0
Start importing Assets/Assets/ROOM/Ground_rocks_260.asset using Guid(f7570964c0c4a504d9e5d755e7266d93) Importer(815301076,1909f56bfc062723c751e8b465ee728b)  -> (artifact id: 'b030a897907f9c49dd7135880aebf499') in 0.012828 seconds 
Number of asset objects unloaded after import = 3
========================================================================
Received Import Request.
  Time since last request: 30.371213 seconds.
  path: Assets/Assets/HUD/Character underlay/Character underlay.aseprite
  artifactKey: Guid(0fd72349a7218fa4191e9ee1d55de698) Importer(815301076,1909f56bfc062723c751e8b465ee728b)
Number of updated assets reloaded before import = 0
Start importing Assets/Assets/HUD/Character underlay/Character underlay.aseprite using Guid(0fd72349a7218fa4191e9ee1d55de698) Importer(815301076,1909f56bfc062723c751e8b465ee728b)  -> (artifact id: 'fd3c5a76c9c026b3bb583af1e32a67a2') in 0.048636 seconds 
Number of asset objects unloaded after import = 13
========================================================================
Received Import Request.
  Time since last request: 2.298611 seconds.
  path: Assets/Assets/HUD/Character Icons/Sroceress Icon.png
  artifactKey: Guid(a16f05d46f55a5148bf18db012d81986) Importer(815301076,1909f56bfc062723c751e8b465ee728b)
Number of updated assets reloaded before import = 0
Start importing Assets/Assets/HUD/Character Icons/Sroceress Icon.png using Guid(a16f05d46f55a5148bf18db012d81986) Importer(815301076,1909f56bfc062723c751e8b465ee728b)  -> (artifact id: '73280cb19a763709c7d62c490f120883') in 0.023636 seconds 
Number of asset objects unloaded after import = 2
========================================================================
Received Import Request.
  Time since last request: 1.785005 seconds.
  path: Assets/Assets/HUD/Character Actions/Necromancer Attack 2.png
  artifactKey: Guid(27c6985fe369e494388e6eb97d9a4dd8) Importer(815301076,1909f56bfc062723c751e8b465ee728b)
Number of updated assets reloaded before import = 0
Start importing Assets/Assets/HUD/Character Actions/Necromancer Attack 2.png using Guid(27c6985fe369e494388e6eb97d9a4dd8) Importer(815301076,1909f56bfc062723c751e8b465ee728b)  -> (artifact id: 'e0fd8e750243d7ed96f0c54121799268') in 0.028781 seconds 
Number of asset objects unloaded after import = 2
========================================================================
Received Import Request.
  Time since last request: 0.000013 seconds.
  path: Assets/Assets/HUD/Character Actions/Sorceress Attack 2.png
  artifactKey: Guid(bad8af9dd778b854a8c51b98f3531040) Importer(815301076,1909f56bfc062723c751e8b465ee728b)
Number of updated assets reloaded before import = 0
Start importing Assets/Assets/HUD/Character Actions/Sorceress Attack 2.png using Guid(bad8af9dd778b854a8c51b98f3531040) Importer(815301076,1909f56bfc062723c751e8b465ee728b)  -> (artifact id: '7a050f3324fd522c42156add8d439fa3') in 0.021776 seconds 
Number of asset objects unloaded after import = 2
========================================================================
Received Import Request.
  Time since last request: 3.920514 seconds.
  path: Assets/Assets/HUD/Boss Names/Boss Names2.png
  artifactKey: Guid(c8e39a29f2d43494d9012e6a85903567) Importer(815301076,1909f56bfc062723c751e8b465ee728b)
Number of updated assets reloaded before import = 0
Start importing Assets/Assets/HUD/Boss Names/Boss Names2.png using Guid(c8e39a29f2d43494d9012e6a85903567) Importer(815301076,1909f56bfc062723c751e8b465ee728b)  -> (artifact id: '47080e9417d08db9ded1ea108385b3e4') in 0.025661 seconds 
Number of asset objects unloaded after import = 2
========================================================================
Received Import Request.
  Time since last request: 0.000020 seconds.
  path: Assets/Assets/HUD/Boss Names/Boss Names3.png
  artifactKey: Guid(28d112116d184504cb278eaecaf3dfa5) Importer(815301076,1909f56bfc062723c751e8b465ee728b)
Number of updated assets reloaded before import = 0
Start importing Assets/Assets/HUD/Boss Names/Boss Names3.png using Guid(28d112116d184504cb278eaecaf3dfa5) Importer(815301076,1909f56bfc062723c751e8b465ee728b)  -> (artifact id: 'f80203a9e5327c3c1ac5359beb4a9213') in 0.020751 seconds 
Number of asset objects unloaded after import = 2
========================================================================
Received Import Request.
  Time since last request: 11.525025 seconds.
  path: Assets/Assets/HUD/Generic/Additional buttons/Active/Ase/LeaderboardsButtonActive.aseprite
  artifactKey: Guid(0f9697b0feda6d14c9339ad8547d17ee) Importer(815301076,1909f56bfc062723c751e8b465ee728b)
Number of updated assets reloaded before import = 0
Start importing Assets/Assets/HUD/Generic/Additional buttons/Active/Ase/LeaderboardsButtonActive.aseprite using Guid(0f9697b0feda6d14c9339ad8547d17ee) Importer(815301076,1909f56bfc062723c751e8b465ee728b)  -> (artifact id: '8af68cf728f3e69f08b6af6ddc8782cf') in 0.026628 seconds 
Number of asset objects unloaded after import = 7
========================================================================
Received Import Request.
  Time since last request: 0.000024 seconds.
  path: Assets/Assets/HUD/Generic/Additional buttons/Active/Ase/SkillsButtonActive.aseprite
  artifactKey: Guid(42b437ef335a4b848a9b5ca525b80a17) Importer(815301076,1909f56bfc062723c751e8b465ee728b)
Number of updated assets reloaded before import = 0
Start importing Assets/Assets/HUD/Generic/Additional buttons/Active/Ase/SkillsButtonActive.aseprite using Guid(42b437ef335a4b848a9b5ca525b80a17) Importer(815301076,1909f56bfc062723c751e8b465ee728b)  -> (artifact id: '72a0fa046a8409495a298c1e15be74f8') in 0.027740 seconds 
Number of asset objects unloaded after import = 7
========================================================================
Received Import Request.
  Time since last request: 7.450859 seconds.
  path: Assets/Assets/HUD/Panels/SimplePanel02.aseprite
  artifactKey: Guid(29f0fdfaf87225947b1987ad61c9fc2d) Importer(815301076,1909f56bfc062723c751e8b465ee728b)
Number of updated assets reloaded before import = 0
Start importing Assets/Assets/HUD/Panels/SimplePanel02.aseprite using Guid(29f0fdfaf87225947b1987ad61c9fc2d) Importer(815301076,1909f56bfc062723c751e8b465ee728b)  -> (artifact id: 'db69a1bb80c2de051f6a45e7214ceba8') in 0.027974 seconds 
Number of asset objects unloaded after import = 7
========================================================================
Received Import Request.
  Time since last request: 0.000022 seconds.
  path: Assets/Assets/HUD/Panels/SimplePanel03.aseprite
  artifactKey: Guid(63d6c43790c33a946a94b45946682fd0) Importer(815301076,1909f56bfc062723c751e8b465ee728b)
Number of updated assets reloaded before import = 0
Start importing Assets/Assets/HUD/Panels/SimplePanel03.aseprite using Guid(63d6c43790c33a946a94b45946682fd0) Importer(815301076,1909f56bfc062723c751e8b465ee728b)  -> (artifact id: '60973a738cba8b4b07ee4dc2f4ad76a7') in 0.029269 seconds 
Number of asset objects unloaded after import = 7
========================================================================
Received Import Request.
  Time since last request: 6.956530 seconds.
  path: Assets/Assets/HUD/Status/1-4.png
  artifactKey: Guid(fc204e0b1be472e43be7844cdf2cbefc) Importer(815301076,1909f56bfc062723c751e8b465ee728b)
Number of updated assets reloaded before import = 0
Start importing Assets/Assets/HUD/Status/1-4.png using Guid(fc204e0b1be472e43be7844cdf2cbefc) Importer(815301076,1909f56bfc062723c751e8b465ee728b)  -> (artifact id: '117d92636328f89f41573ac2d1a952b8') in 0.029667 seconds 
Number of asset objects unloaded after import = 2
========================================================================
Received Import Request.
  Time since last request: 0.000018 seconds.
  path: Assets/Assets/HUD/Status/3-2.png
  artifactKey: Guid(4e5f0bf2d80bee541bb1749bbfdbe72b) Importer(815301076,1909f56bfc062723c751e8b465ee728b)
Number of updated assets reloaded before import = 0
Start importing Assets/Assets/HUD/Status/3-2.png using Guid(4e5f0bf2d80bee541bb1749bbfdbe72b) Importer(815301076,1909f56bfc062723c751e8b465ee728b)  -> (artifact id: 'b81b59cc932011cd120177dad62584b1') in 0.021717 seconds 
Number of asset objects unloaded after import = 2
========================================================================
Received Import Request.
  Time since last request: 0.000017 seconds.
  path: Assets/Assets/HUD/Status/5-1.png
  artifactKey: Guid(3cca52392b39fbd478875bd1302a0f49) Importer(815301076,1909f56bfc062723c751e8b465ee728b)
Number of updated assets reloaded before import = 0
Start importing Assets/Assets/HUD/Status/5-1.png using Guid(3cca52392b39fbd478875bd1302a0f49) Importer(815301076,1909f56bfc062723c751e8b465ee728b)  -> (artifact id: 'e279734680ea7d88dd774d2d80ff2eb0') in 0.020123 seconds 
Number of asset objects unloaded after import = 2
========================================================================
Received Import Request.
  Time since last request: 0.000015 seconds.
  path: Assets/Assets/HUD/Status/4-1.png
  artifactKey: Guid(57f626cba12de17428d2a62ff6f40c70) Importer(815301076,1909f56bfc062723c751e8b465ee728b)
Number of updated assets reloaded before import = 0
Start importing Assets/Assets/HUD/Status/4-1.png using Guid(57f626cba12de17428d2a62ff6f40c70) Importer(815301076,1909f56bfc062723c751e8b465ee728b)  -> (artifact id: '895b23b7bc7ef37010f992e510082d7c') in 0.020638 seconds 
Number of asset objects unloaded after import = 2
========================================================================
Received Import Request.
  Time since last request: 0.000018 seconds.
  path: Assets/Assets/HUD/Status/4-2.png
  artifactKey: Guid(5af3027a14410a240846df86b53d8f24) Importer(815301076,1909f56bfc062723c751e8b465ee728b)
Number of updated assets reloaded before import = 0
Start importing Assets/Assets/HUD/Status/4-2.png using Guid(5af3027a14410a240846df86b53d8f24) Importer(815301076,1909f56bfc062723c751e8b465ee728b)  -> (artifact id: '4bee140f469d5e32f61e02e36205a20a') in 0.019120 seconds 
Number of asset objects unloaded after import = 2
========================================================================
Received Import Request.
  Time since last request: 0.000027 seconds.
  path: Assets/Assets/HUD/Status/2-3.png
  artifactKey: Guid(843b596132fba37448aa9c1a649a0cfc) Importer(815301076,1909f56bfc062723c751e8b465ee728b)
Number of updated assets reloaded before import = 0
Start importing Assets/Assets/HUD/Status/2-3.png using Guid(843b596132fba37448aa9c1a649a0cfc) Importer(815301076,1909f56bfc062723c751e8b465ee728b)  -> (artifact id: '0a061703a6ac086ba24dc213a6365cfd') in 0.021053 seconds 
Number of asset objects unloaded after import = 2
Editor requested this worker to shutdown with reason: Scaling down because of idle timeout
AssetImportWorker is now disconnected from the server
Process exiting
Exiting without the bug reporter. Application will terminate with return code 0